Identifiers,Set Identifiers,Name,Color,Pitch,Cost,Power,Defense,Life,Intelligence,Arcane,Types,Traits,Card Keywords,Abilities and Effects,Ability and Effect Keywords,Granted Keywords,Removed Keywords,Interacts with Keywords,Functional Text,Type Text,Card Played Horizontally,CC Legal,Silver Age Legal,LL Legal,Rarity,Foiling,Art Variations,Artists,Expansion Slot,Flavor Text,Identifier,Image URL,TCGPlayer Product Id,TCGPlayer Url,Rarity 2,Foiling 2,Art Variations 2,Artists 2,Expansion Slot 2,Flavor Text 2,Identifier 2,Image URL 2,TCGPlayer Product Id 2,TCGPlayer Url 2,Rarity 3,Foiling 3,Art Variations 3,Artists 3,Expansion Slot 3,Flavor Text 3,Identifier 3,Image URL 3,Rarity 4,Foiling 4,Art Variations 4,Artists 4,Expansion Slot 4,Flavor Text 4,Identifier 4,Image URL 4,Rarity 5,Foiling 5,Art Variations 5,Artists 5,Expansion Slot 5,Flavor Text 5,Identifier 5,Image URL 5,Rarity 6,Foiling 6,Art Variations 6,Artists 6,Expansion Slot 6,Flavor Text 6,Identifier 6,Image URL 6
MPA001,MPA,Arakni,,,,,,20,4,,"Assassin, Hero, Young",,,,,,,,"Whenever you play a card with contract, you may look at the top card of target opponent's deck. You may put it on the bottom.",Assassin Hero - Young,,No,,No,B,,,Isuardi Therianto,,,MPA001,https://legendstory-production-s3-public.s3.amazonaws.com/media/cards/large/MPA001.webp,,,,,,Isuardi Therianto,,,MPA001,https://legendstory-production-s3-public.s3.amazonaws.com/media/cards/large/MPA001.webp,,,,,,Isuardi Therianto,,,MPA001,https://legendstory-production-s3-public.s3.amazonaws.com/media/cards/large/MPA001.webp,,,,Isuardi Therianto,,,MPA001,https://legendstory-production-s3-public.s3.amazonaws.com/media/cards/large/MPA001.webp,,,,Isuardi Therianto,,,MPA001,https://legendstory-production-s3-public.s3.amazonaws.com/media/cards/large/MPA001.webp,,,,Isuardi Therianto,,,MPA001,https://legendstory-production-s3-public.s3.amazonaws.com/media/cards/large/MPA001.webp
MPA002,MPA,"Dr. Mortimer, Blight of the Pits",,,,,,40,4,,"Assassin, Hero",,"Go again, Cure",,,,,,"**Instant** - {t}: **Cure** a disease an opponent controls. If you do, create a Silver token.

**Attack Reaction** - {t}, destroy 2 Silver you control: Target Assassin attack gets **go again**.",Assassin Hero,,,No,,V,C,FA,Othon Nikolaidis,,,MPA002,https://legendstory-production-s3-public.s3.amazonaws.com/media/cards/large/MPA002-MV.webp,,,V,C,FA,Othon Nikolaidis,,,MPA002,https://legendstory-production-s3-public.s3.amazonaws.com/media/cards/large/MPA002-MV_BACK.webp,,,,,,Othon Nikolaidis,,,MPA002,https://legendstory-production-s3-public.s3.amazonaws.com/media/cards/large/MPA002.webp,,,,Othon Nikolaidis,,,MPA002,https://legendstory-production-s3-public.s3.amazonaws.com/media/cards/large/MPA002.webp,,,,Othon Nikolaidis,,,MPA002,https://legendstory-production-s3-public.s3.amazonaws.com/media/cards/large/MPA002.webp,,,,Othon Nikolaidis,,,MPA002,https://legendstory-production-s3-public.s3.amazonaws.com/media/cards/large/MPA002.webp
MPA003,MPA,Dr. Mortimer,,,,,,20,4,,"Assassin, Hero, Young",,"Go again, Cure",,,,,,"**Instant** - {t}: **Cure** a disease an opponent controls. If you do, create a Silver token.

**Attack Reaction** - {t}, destroy 2 Silver you control: Target Assassin attack gets **go again**.",Assassin Hero - Young,,No,,No,V,C,FA,Pavel Rtishchev (Klaher),,,MPA003,https://legendstory-production-s3-public.s3.amazonaws.com/media/cards/large/MPA003-MV.webp,,,V,C,FA,Pavel Rtishchev (Klaher),,,MPA003,https://legendstory-production-s3-public.s3.amazonaws.com/media/cards/large/MPA003-MV_BACK.webp,,,B,,,Pavel Rtishchev (Klaher),,,MPA003,https://legendstory-production-s3-public.s3.amazonaws.com/media/cards/large/MPA003.webp,,,,Pavel Rtishchev (Klaher),,,MPA003,https://legendstory-production-s3-public.s3.amazonaws.com/media/cards/large/MPA003.webp,,,,Pavel Rtishchev (Klaher),,,MPA003,https://legendstory-production-s3-public.s3.amazonaws.com/media/cards/large/MPA003.webp,,,,Pavel Rtishchev (Klaher),,,MPA003,https://legendstory-production-s3-public.s3.amazonaws.com/media/cards/large/MPA003.webp
MPA004,MPA,Uzuri,,,,,,20,4,,"Assassin, Hero, Young",,,,,,,,"**Once per Turn Attack Reaction** - Banish a card from your hand face-down: Turn the banished card face-up. If it's an attack action card with cost 2 or less, put target attacking card with stealth from the active chain link on the bottom of its owner's deck, then put the banished card onto the active chain link as the attacking card.",Assassin Hero - Young,,No,,No,V,C,FA,soyameii,,,MPA004,https://legendstory-production-s3-public.s3.amazonaws.com/media/cards/large/MPA004-MV.webp,,,V,C,FA,soyameii,,,MPA004,https://legendstory-production-s3-public.s3.amazonaws.com/media/cards/large/MPA004-MV_BACK.webp,,,B,,,soyameii,,,MPA004,https://legendstory-production-s3-public.s3.amazonaws.com/media/cards/large/MPA004.webp,,,,soyameii,,,MPA004,https://legendstory-production-s3-public.s3.amazonaws.com/media/cards/large/MPA004.webp,,,,soyameii,,,MPA004,https://legendstory-production-s3-public.s3.amazonaws.com/media/cards/large/MPA004.webp,,,,soyameii,,,MPA004,https://legendstory-production-s3-public.s3.amazonaws.com/media/cards/large/MPA004.webp
MPA005,MPA,,,,,,,,,,,,,,,,,,,,,,,,,,,,,,MPA005,https://legendstory-production-s3-public.s3.amazonaws.com/media/cards/large/MPA005.webp,,,,,,,,,MPA005,https://legendstory-production-s3-public.s3.amazonaws.com/media/cards/large/MPA005.webp,,,,,,,,,MPA005,https://legendstory-production-s3-public.s3.amazonaws.com/media/cards/large/MPA005.webp,,,,,,,MPA005,https://legendstory-production-s3-public.s3.amazonaws.com/media/cards/large/MPA005.webp,,,,,,,MPA005,https://legendstory-production-s3-public.s3.amazonaws.com/media/cards/large/MPA005.webp,,,,,,,MPA005,https://legendstory-production-s3-public.s3.amazonaws.com/media/cards/large/MPA005.webp
MPA006,MPA,,,,,,,,,,,,,,,,,,,,,,,,,,,,,,MPA006,https://legendstory-production-s3-public.s3.amazonaws.com/media/cards/large/MPA006.webp,,,,,,,,,MPA006,https://legendstory-production-s3-public.s3.amazonaws.com/media/cards/large/MPA006.webp,,,,,,,,,MPA006,https://legendstory-production-s3-public.s3.amazonaws.com/media/cards/large/MPA006.webp,,,,,,,MPA006,https://legendstory-production-s3-public.s3.amazonaws.com/media/cards/large/MPA006.webp,,,,,,,MPA006,https://legendstory-production-s3-public.s3.amazonaws.com/media/cards/large/MPA006.webp,,,,,,,MPA006,https://legendstory-production-s3-public.s3.amazonaws.com/media/cards/large/MPA006.webp
MPA007,MPA,,,,,,,,,,,,,,,,,,,,,,,,,,,,,,MPA007,https://legendstory-production-s3-public.s3.amazonaws.com/media/cards/large/MPA007.webp,,,,,,,,,MPA007,https://legendstory-production-s3-public.s3.amazonaws.com/media/cards/large/MPA007.webp,,,,,,,,,MPA007,https://legendstory-production-s3-public.s3.amazonaws.com/media/cards/large/MPA007.webp,,,,,,,MPA007,https://legendstory-production-s3-public.s3.amazonaws.com/media/cards/large/MPA007.webp,,,,,,,MPA007,https://legendstory-production-s3-public.s3.amazonaws.com/media/cards/large/MPA007.webp,,,,,,,MPA007,https://legendstory-production-s3-public.s3.amazonaws.com/media/cards/large/MPA007.webp
MPA008,MPA,,,,,,,,,,,,,,,,,,,,,,,,,,,,,,MPA008,https://legendstory-production-s3-public.s3.amazonaws.com/media/cards/large/MPA008.webp,,,,,,,,,MPA008,https://legendstory-production-s3-public.s3.amazonaws.com/media/cards/large/MPA008.webp,,,,,,,,,MPA008,https://legendstory-production-s3-public.s3.amazonaws.com/media/cards/large/MPA008.webp,,,,,,,MPA008,https://legendstory-production-s3-public.s3.amazonaws.com/media/cards/large/MPA008.webp,,,,,,,MPA008,https://legendstory-production-s3-public.s3.amazonaws.com/media/cards/large/MPA008.webp,,,,,,,MPA008,https://legendstory-production-s3-public.s3.amazonaws.com/media/cards/large/MPA008.webp
MPA009,MPA,,,,,,,,,,,,,,,,,,,,,,,,,,,,,,MPA009,https://legendstory-production-s3-public.s3.amazonaws.com/media/cards/large/MPA009.webp,,,,,,,,,MPA009,https://legendstory-production-s3-public.s3.amazonaws.com/media/cards/large/MPA009.webp,,,,,,,,,MPA009,https://legendstory-production-s3-public.s3.amazonaws.com/media/cards/large/MPA009.webp,,,,,,,MPA009,https://legendstory-production-s3-public.s3.amazonaws.com/media/cards/large/MPA009.webp,,,,,,,MPA009,https://legendstory-production-s3-public.s3.amazonaws.com/media/cards/large/MPA009.webp,,,,,,,MPA009,https://legendstory-production-s3-public.s3.amazonaws.com/media/cards/large/MPA009.webp
MPA010,MPA,,,,,,,,,,,,,,,,,,,,,,,,,,,,,,MPA010,https://legendstory-production-s3-public.s3.amazonaws.com/media/cards/large/MPA010.webp,,,,,,,,,MPA010,https://legendstory-production-s3-public.s3.amazonaws.com/media/cards/large/MPA010.webp,,,,,,,,,MPA010,https://legendstory-production-s3-public.s3.amazonaws.com/media/cards/large/MPA010.webp,,,,,,,MPA010,https://legendstory-production-s3-public.s3.amazonaws.com/media/cards/large/MPA010.webp,,,,,,,MPA010,https://legendstory-production-s3-public.s3.amazonaws.com/media/cards/large/MPA010.webp,,,,,,,MPA010,https://legendstory-production-s3-public.s3.amazonaws.com/media/cards/large/MPA010.webp
MPA011,MPA,,,,,,,,,,,,,,,,,,,,,,,,,,,,,,MPA011,https://legendstory-production-s3-public.s3.amazonaws.com/media/cards/large/MPA011.webp,,,,,,,,,MPA011,https://legendstory-production-s3-public.s3.amazonaws.com/media/cards/large/MPA011.webp,,,,,,,,,MPA011,https://legendstory-production-s3-public.s3.amazonaws.com/media/cards/large/MPA011.webp,,,,,,,MPA011,https://legendstory-production-s3-public.s3.amazonaws.com/media/cards/large/MPA011.webp,,,,,,,MPA011,https://legendstory-production-s3-public.s3.amazonaws.com/media/cards/large/MPA011.webp,,,,,,,MPA011,https://legendstory-production-s3-public.s3.amazonaws.com/media/cards/large/MPA011.webp
MPA012,MPA,,,,,,,,,,,,,,,,,,,,,,,,,,,,,,MPA012,https://legendstory-production-s3-public.s3.amazonaws.com/media/cards/large/MPA012.webp,,,,,,,,,MPA012,https://legendstory-production-s3-public.s3.amazonaws.com/media/cards/large/MPA012.webp,,,,,,,,,MPA012,https://legendstory-production-s3-public.s3.amazonaws.com/media/cards/large/MPA012.webp,,,,,,,MPA012,https://legendstory-production-s3-public.s3.amazonaws.com/media/cards/large/MPA012.webp,,,,,,,MPA012,https://legendstory-production-s3-public.s3.amazonaws.com/media/cards/large/MPA012.webp,,,,,,,MPA012,https://legendstory-production-s3-public.s3.amazonaws.com/media/cards/large/MPA012.webp
MPA013,MPA,,,,,,,,,,,,,,,,,,,,,,,,,,,,,,MPA013,https://legendstory-production-s3-public.s3.amazonaws.com/media/cards/large/MPA013.webp,,,,,,,,,MPA013,https://legendstory-production-s3-public.s3.amazonaws.com/media/cards/large/MPA013.webp,,,,,,,,,MPA013,https://legendstory-production-s3-public.s3.amazonaws.com/media/cards/large/MPA013.webp,,,,,,,MPA013,https://legendstory-production-s3-public.s3.amazonaws.com/media/cards/large/MPA013.webp,,,,,,,MPA013,https://legendstory-production-s3-public.s3.amazonaws.com/media/cards/large/MPA013.webp,,,,,,,MPA013,https://legendstory-production-s3-public.s3.amazonaws.com/media/cards/large/MPA013.webp
MPA014,MPA,,,,,,,,,,,,,,,,,,,,,,,,,,,,,,MPA014,https://legendstory-production-s3-public.s3.amazonaws.com/media/cards/large/MPA014.webp,,,,,,,,,MPA014,https://legendstory-production-s3-public.s3.amazonaws.com/media/cards/large/MPA014.webp,,,,,,,,,MPA014,https://legendstory-production-s3-public.s3.amazonaws.com/media/cards/large/MPA014.webp,,,,,,,MPA014,https://legendstory-production-s3-public.s3.amazonaws.com/media/cards/large/MPA014.webp,,,,,,,MPA014,https://legendstory-production-s3-public.s3.amazonaws.com/media/cards/large/MPA014.webp,,,,,,,MPA014,https://legendstory-production-s3-public.s3.amazonaws.com/media/cards/large/MPA014.webp
MPA015,MPA,,,,,,,,,,,,,,,,,,,,,,,,,,,,,,MPA015,https://legendstory-production-s3-public.s3.amazonaws.com/media/cards/large/MPA015.webp,,,,,,,,,MPA015,https://legendstory-production-s3-public.s3.amazonaws.com/media/cards/large/MPA015.webp,,,,,,,,,MPA015,https://legendstory-production-s3-public.s3.amazonaws.com/media/cards/large/MPA015.webp,,,,,,,MPA015,https://legendstory-production-s3-public.s3.amazonaws.com/media/cards/large/MPA015.webp,,,,,,,MPA015,https://legendstory-production-s3-public.s3.amazonaws.com/media/cards/large/MPA015.webp,,,,,,,MPA015,https://legendstory-production-s3-public.s3.amazonaws.com/media/cards/large/MPA015.webp
MPA016,MPA,,,,,,,,,,,,,,,,,,,,,,,,,,,,,,MPA016,https://legendstory-production-s3-public.s3.amazonaws.com/media/cards/large/MPA016.webp,,,,,,,,,MPA016,https://legendstory-production-s3-public.s3.amazonaws.com/media/cards/large/MPA016.webp,,,,,,,,,MPA016,https://legendstory-production-s3-public.s3.amazonaws.com/media/cards/large/MPA016.webp,,,,,,,MPA016,https://legendstory-production-s3-public.s3.amazonaws.com/media/cards/large/MPA016.webp,,,,,,,MPA016,https://legendstory-production-s3-public.s3.amazonaws.com/media/cards/large/MPA016.webp,,,,,,,MPA016,https://legendstory-production-s3-public.s3.amazonaws.com/media/cards/large/MPA016.webp
MPA017,MPA,,,,,,,,,,,,,,,,,,,,,,,,,,,,,,MPA017,https://legendstory-production-s3-public.s3.amazonaws.com/media/cards/large/MPA017.webp,,,,,,,,,MPA017,https://legendstory-production-s3-public.s3.amazonaws.com/media/cards/large/MPA017.webp,,,,,,,,,MPA017,https://legendstory-production-s3-public.s3.amazonaws.com/media/cards/large/MPA017.webp,,,,,,,MPA017,https://legendstory-production-s3-public.s3.amazonaws.com/media/cards/large/MPA017.webp,,,,,,,MPA017,https://legendstory-production-s3-public.s3.amazonaws.com/media/cards/large/MPA017.webp,,,,,,,MPA017,https://legendstory-production-s3-public.s3.amazonaws.com/media/cards/large/MPA017.webp
MPA018,MPA,,,,,,,,,,,,,,,,,,,,,,,,,,,,,,MPA018,https://legendstory-production-s3-public.s3.amazonaws.com/media/cards/large/MPA018.webp,,,,,,,,,MPA018,https://legendstory-production-s3-public.s3.amazonaws.com/media/cards/large/MPA018.webp,,,,,,,,,MPA018,https://legendstory-production-s3-public.s3.amazonaws.com/media/cards/large/MPA018.webp,,,,,,,MPA018,https://legendstory-production-s3-public.s3.amazonaws.com/media/cards/large/MPA018.webp,,,,,,,MPA018,https://legendstory-production-s3-public.s3.amazonaws.com/media/cards/large/MPA018.webp,,,,,,,MPA018,https://legendstory-production-s3-public.s3.amazonaws.com/media/cards/large/MPA018.webp
MPA019,MPA,,,,,,,,,,,,,,,,,,,,,,,,,,,,,,MPA019,https://legendstory-production-s3-public.s3.amazonaws.com/media/cards/large/MPA019.webp,,,,,,,,,MPA019,https://legendstory-production-s3-public.s3.amazonaws.com/media/cards/large/MPA019.webp,,,,,,,,,MPA019,https://legendstory-production-s3-public.s3.amazonaws.com/media/cards/large/MPA019.webp,,,,,,,MPA019,https://legendstory-production-s3-public.s3.amazonaws.com/media/cards/large/MPA019.webp,,,,,,,MPA019,https://legendstory-production-s3-public.s3.amazonaws.com/media/cards/large/MPA019.webp,,,,,,,MPA019,https://legendstory-production-s3-public.s3.amazonaws.com/media/cards/large/MPA019.webp
MPA020,MPA,,,,,,,,,,,,,,,,,,,,,,,,,,,,,,MPA020,https://legendstory-production-s3-public.s3.amazonaws.com/media/cards/large/MPA020.webp,,,,,,,,,MPA020,https://legendstory-production-s3-public.s3.amazonaws.com/media/cards/large/MPA020.webp,,,,,,,,,MPA020,https://legendstory-production-s3-public.s3.amazonaws.com/media/cards/large/MPA020.webp,,,,,,,MPA020,https://legendstory-production-s3-public.s3.amazonaws.com/media/cards/large/MPA020.webp,,,,,,,MPA020,https://legendstory-production-s3-public.s3.amazonaws.com/media/cards/large/MPA020.webp,,,,,,,MPA020,https://legendstory-production-s3-public.s3.amazonaws.com/media/cards/large/MPA020.webp
MPA021,MPA,,,,,,,,,,,,,,,,,,,,,,,,,,,,,,MPA021,https://legendstory-production-s3-public.s3.amazonaws.com/media/cards/large/MPA021.webp,,,,,,,,,MPA021,https://legendstory-production-s3-public.s3.amazonaws.com/media/cards/large/MPA021.webp,,,,,,,,,MPA021,https://legendstory-production-s3-public.s3.amazonaws.com/media/cards/large/MPA021.webp,,,,,,,MPA021,https://legendstory-production-s3-public.s3.amazonaws.com/media/cards/large/MPA021.webp,,,,,,,MPA021,https://legendstory-production-s3-public.s3.amazonaws.com/media/cards/large/MPA021.webp,,,,,,,MPA021,https://legendstory-production-s3-public.s3.amazonaws.com/media/cards/large/MPA021.webp
MPA022,MPA,Mutually Assured Destruction,Red,1,2,6,3,,,,"Assassin, Action, Attack",,Contract,,,,,,"**Contract** - You are contracted to banish infected opponents' cards. Whenever you complete this contract, create a Silver token.

The first time each hero plays a reaction card this chain link, create a Bloodrot Pox token under each hero's control, then banish the top card of each hero's deck.",Assassin Action - Attack,,,No,,M,,,Henrique Lindner,,,MPA022,https://legendstory-production-s3-public.s3.amazonaws.com/media/cards/large/MPA022.webp,,,M,R,,Henrique Lindner,,,MPA022,https://legendstory-production-s3-public.s3.amazonaws.com/media/cards/large/MPA022-RF.webp,,,,,,Henrique Lindner,,,MPA022,https://legendstory-production-s3-public.s3.amazonaws.com/media/cards/large/MPA022.webp,,,,Henrique Lindner,,,MPA022,https://legendstory-production-s3-public.s3.amazonaws.com/media/cards/large/MPA022.webp,,,,Henrique Lindner,,,MPA022,https://legendstory-production-s3-public.s3.amazonaws.com/media/cards/large/MPA022.webp,,,,Henrique Lindner,,,MPA022,https://legendstory-production-s3-public.s3.amazonaws.com/media/cards/large/MPA022.webp
MPA023,MPA,,,,,,,,,,,,,,,,,,,,,,,,,,,,,,MPA023,https://legendstory-production-s3-public.s3.amazonaws.com/media/cards/large/MPA023.webp,,,,,,,,,MPA023,https://legendstory-production-s3-public.s3.amazonaws.com/media/cards/large/MPA023.webp,,,,,,,,,MPA023,https://legendstory-production-s3-public.s3.amazonaws.com/media/cards/large/MPA023.webp,,,,,,,MPA023,https://legendstory-production-s3-public.s3.amazonaws.com/media/cards/large/MPA023.webp,,,,,,,MPA023,https://legendstory-production-s3-public.s3.amazonaws.com/media/cards/large/MPA023.webp,,,,,,,MPA023,https://legendstory-production-s3-public.s3.amazonaws.com/media/cards/large/MPA023.webp
MPA024,MPA,Prey on Insecurity,Red,1,0,3,3,,,,"Assassin, Action, Attack",,Stealth,,,,,,"**Stealth**

**Attack Reaction** - Put a card from your hand on the bottom of your deck, destroy this: Another target attack with stealth gets +3{p}.",Assassin Action - Attack,,,No,,M,,,Surya Prasetya,,,MPA024,https://legendstory-production-s3-public.s3.amazonaws.com/media/cards/large/MPA024.webp,,,M,R,,Surya Prasetya,,,MPA024,https://legendstory-production-s3-public.s3.amazonaws.com/media/cards/large/MPA024-RF.webp,,,,,,Surya Prasetya,,,MPA024,https://legendstory-production-s3-public.s3.amazonaws.com/media/cards/large/MPA024.webp,,,,Surya Prasetya,,,MPA024,https://legendstory-production-s3-public.s3.amazonaws.com/media/cards/large/MPA024.webp,,,,Surya Prasetya,,,MPA024,https://legendstory-production-s3-public.s3.amazonaws.com/media/cards/large/MPA024.webp,,,,Surya Prasetya,,,MPA024,https://legendstory-production-s3-public.s3.amazonaws.com/media/cards/large/MPA024.webp
MPA025,MPA,,,,,,,,,,,,,,,,,,,,,,,,,,,,,,MPA025,https://legendstory-production-s3-public.s3.amazonaws.com/media/cards/large/MPA025.webp,,,,,,,,,MPA025,https://legendstory-production-s3-public.s3.amazonaws.com/media/cards/large/MPA025.webp,,,,,,,,,MPA025,https://legendstory-production-s3-public.s3.amazonaws.com/media/cards/large/MPA025.webp,,,,,,,MPA025,https://legendstory-production-s3-public.s3.amazonaws.com/media/cards/large/MPA025.webp,,,,,,,MPA025,https://legendstory-production-s3-public.s3.amazonaws.com/media/cards/large/MPA025.webp,,,,,,,MPA025,https://legendstory-production-s3-public.s3.amazonaws.com/media/cards/large/MPA025.webp
MPA026,MPA,Remember the Mists,Blue,3,2,4,3,,,,"Assassin, Action, Attack",,,,,,,,"When this hits a hero, look at their hand and banish a card. They may play the banished card until the end of their next turn.

If this wasn't played from hand or arsenal, it gets +2{p}.",Assassin Action - Attack,,,No,,M,,,Olga Tereshenko,,,MPA026,https://legendstory-production-s3-public.s3.amazonaws.com/media/cards/large/MPA026.webp,,,M,R,,Olga Tereshenko,,,MPA026,https://legendstory-production-s3-public.s3.amazonaws.com/media/cards/large/MPA026-RF.webp,,,,,,Olga Tereshenko,,,MPA026,https://legendstory-production-s3-public.s3.amazonaws.com/media/cards/large/MPA026.webp,,,,Olga Tereshenko,,,MPA026,https://legendstory-production-s3-public.s3.amazonaws.com/media/cards/large/MPA026.webp,,,,Olga Tereshenko,,,MPA026,https://legendstory-production-s3-public.s3.amazonaws.com/media/cards/large/MPA026.webp,,,,Olga Tereshenko,,,MPA026,https://legendstory-production-s3-public.s3.amazonaws.com/media/cards/large/MPA026.webp
MPA027,MPA,,,,,,,,,,,,,,,,,,,,,,,,,,,,,,MPA027,https://legendstory-production-s3-public.s3.amazonaws.com/media/cards/large/MPA027.webp,,,,,,,,,MPA027,https://legendstory-production-s3-public.s3.amazonaws.com/media/cards/large/MPA027.webp,,,,,,,,,MPA027,https://legendstory-production-s3-public.s3.amazonaws.com/media/cards/large/MPA027.webp,,,,,,,MPA027,https://legendstory-production-s3-public.s3.amazonaws.com/media/cards/large/MPA027.webp,,,,,,,MPA027,https://legendstory-production-s3-public.s3.amazonaws.com/media/cards/large/MPA027.webp,,,,,,,MPA027,https://legendstory-production-s3-public.s3.amazonaws.com/media/cards/large/MPA027.webp
MPA028,MPA,,,,,,,,,,,,,,,,,,,,,,,,,,,,,,MPA028,https://legendstory-production-s3-public.s3.amazonaws.com/media/cards/large/MPA028.webp,,,,,,,,,MPA028,https://legendstory-production-s3-public.s3.amazonaws.com/media/cards/large/MPA028.webp,,,,,,,,,MPA028,https://legendstory-production-s3-public.s3.amazonaws.com/media/cards/large/MPA028.webp,,,,,,,MPA028,https://legendstory-production-s3-public.s3.amazonaws.com/media/cards/large/MPA028.webp,,,,,,,MPA028,https://legendstory-production-s3-public.s3.amazonaws.com/media/cards/large/MPA028.webp,,,,,,,MPA028,https://legendstory-production-s3-public.s3.amazonaws.com/media/cards/large/MPA028.webp
MPA029,MPA,,,,,,,,,,,,,,,,,,,,,,,,,,,,,,MPA029,https://legendstory-production-s3-public.s3.amazonaws.com/media/cards/large/MPA029.webp,,,,,,,,,MPA029,https://legendstory-production-s3-public.s3.amazonaws.com/media/cards/large/MPA029.webp,,,,,,,,,MPA029,https://legendstory-production-s3-public.s3.amazonaws.com/media/cards/large/MPA029.webp,,,,,,,MPA029,https://legendstory-production-s3-public.s3.amazonaws.com/media/cards/large/MPA029.webp,,,,,,,MPA029,https://legendstory-production-s3-public.s3.amazonaws.com/media/cards/large/MPA029.webp,,,,,,,MPA029,https://legendstory-production-s3-public.s3.amazonaws.com/media/cards/large/MPA029.webp
MPA030,MPA,,,,,,,,,,,,,,,,,,,,,,,,,,,,,,MPA030,https://legendstory-production-s3-public.s3.amazonaws.com/media/cards/large/MPA030.webp,,,,,,,,,MPA030,https://legendstory-production-s3-public.s3.amazonaws.com/media/cards/large/MPA030.webp,,,,,,,,,MPA030,https://legendstory-production-s3-public.s3.amazonaws.com/media/cards/large/MPA030.webp,,,,,,,MPA030,https://legendstory-production-s3-public.s3.amazonaws.com/media/cards/large/MPA030.webp,,,,,,,MPA030,https://legendstory-production-s3-public.s3.amazonaws.com/media/cards/large/MPA030.webp,,,,,,,MPA030,https://legendstory-production-s3-public.s3.amazonaws.com/media/cards/large/MPA030.webp
MPA031,MPA,,,,,,,,,,,,,,,,,,,,,,,,,,,,,,MPA031,https://legendstory-production-s3-public.s3.amazonaws.com/media/cards/large/MPA031.webp,,,,,,,,,MPA031,https://legendstory-production-s3-public.s3.amazonaws.com/media/cards/large/MPA031.webp,,,,,,,,,MPA031,https://legendstory-production-s3-public.s3.amazonaws.com/media/cards/large/MPA031.webp,,,,,,,MPA031,https://legendstory-production-s3-public.s3.amazonaws.com/media/cards/large/MPA031.webp,,,,,,,MPA031,https://legendstory-production-s3-public.s3.amazonaws.com/media/cards/large/MPA031.webp,,,,,,,MPA031,https://legendstory-production-s3-public.s3.amazonaws.com/media/cards/large/MPA031.webp
MPA032,MPA,,,,,,,,,,,,,,,,,,,,,,,,,,,,,,MPA032,https://legendstory-production-s3-public.s3.amazonaws.com/media/cards/large/MPA032.webp,,,,,,,,,MPA032,https://legendstory-production-s3-public.s3.amazonaws.com/media/cards/large/MPA032.webp,,,,,,,,,MPA032,https://legendstory-production-s3-public.s3.amazonaws.com/media/cards/large/MPA032.webp,,,,,,,MPA032,https://legendstory-production-s3-public.s3.amazonaws.com/media/cards/large/MPA032.webp,,,,,,,MPA032,https://legendstory-production-s3-public.s3.amazonaws.com/media/cards/large/MPA032.webp,,,,,,,MPA032,https://legendstory-production-s3-public.s3.amazonaws.com/media/cards/large/MPA032.webp
MPA033,MPA,,,,,,,,,,,,,,,,,,,,,,,,,,,,,,MPA033,https://legendstory-production-s3-public.s3.amazonaws.com/media/cards/large/MPA033.webp,,,,,,,,,MPA033,https://legendstory-production-s3-public.s3.amazonaws.com/media/cards/large/MPA033.webp,,,,,,,,,MPA033,https://legendstory-production-s3-public.s3.amazonaws.com/media/cards/large/MPA033.webp,,,,,,,MPA033,https://legendstory-production-s3-public.s3.amazonaws.com/media/cards/large/MPA033.webp,,,,,,,MPA033,https://legendstory-production-s3-public.s3.amazonaws.com/media/cards/large/MPA033.webp,,,,,,,MPA033,https://legendstory-production-s3-public.s3.amazonaws.com/media/cards/large/MPA033.webp
MPA034,MPA,,,,,,,,,,,,,,,,,,,,,,,,,,,,,,MPA034,https://legendstory-production-s3-public.s3.amazonaws.com/media/cards/large/MPA034.webp,,,,,,,,,MPA034,https://legendstory-production-s3-public.s3.amazonaws.com/media/cards/large/MPA034.webp,,,,,,,,,MPA034,https://legendstory-production-s3-public.s3.amazonaws.com/media/cards/large/MPA034.webp,,,,,,,MPA034,https://legendstory-production-s3-public.s3.amazonaws.com/media/cards/large/MPA034.webp,,,,,,,MPA034,https://legendstory-production-s3-public.s3.amazonaws.com/media/cards/large/MPA034.webp,,,,,,,MPA034,https://legendstory-production-s3-public.s3.amazonaws.com/media/cards/large/MPA034.webp
MPA035,MPA,,,,,,,,,,,,,,,,,,,,,,,,,,,,,,MPA035,https://legendstory-production-s3-public.s3.amazonaws.com/media/cards/large/MPA035.webp,,,,,,,,,MPA035,https://legendstory-production-s3-public.s3.amazonaws.com/media/cards/large/MPA035.webp,,,,,,,,,MPA035,https://legendstory-production-s3-public.s3.amazonaws.com/media/cards/large/MPA035.webp,,,,,,,MPA035,https://legendstory-production-s3-public.s3.amazonaws.com/media/cards/large/MPA035.webp,,,,,,,MPA035,https://legendstory-production-s3-public.s3.amazonaws.com/media/cards/large/MPA035.webp,,,,,,,MPA035,https://legendstory-production-s3-public.s3.amazonaws.com/media/cards/large/MPA035.webp
MPA036,MPA,,,,,,,,,,,,,,,,,,,,,,,,,,,,,,MPA036,https://legendstory-production-s3-public.s3.amazonaws.com/media/cards/large/MPA036.webp,,,,,,,,,MPA036,https://legendstory-production-s3-public.s3.amazonaws.com/media/cards/large/MPA036.webp,,,,,,,,,MPA036,https://legendstory-production-s3-public.s3.amazonaws.com/media/cards/large/MPA036.webp,,,,,,,MPA036,https://legendstory-production-s3-public.s3.amazonaws.com/media/cards/large/MPA036.webp,,,,,,,MPA036,https://legendstory-production-s3-public.s3.amazonaws.com/media/cards/large/MPA036.webp,,,,,,,MPA036,https://legendstory-production-s3-public.s3.amazonaws.com/media/cards/large/MPA036.webp
MPA037,MPA,,,,,,,,,,,,,,,,,,,,,,,,,,,,,,MPA037,https://legendstory-production-s3-public.s3.amazonaws.com/media/cards/large/MPA037.webp,,,,,,,,,MPA037,https://legendstory-production-s3-public.s3.amazonaws.com/media/cards/large/MPA037.webp,,,,,,,,,MPA037,https://legendstory-production-s3-public.s3.amazonaws.com/media/cards/large/MPA037.webp,,,,,,,MPA037,https://legendstory-production-s3-public.s3.amazonaws.com/media/cards/large/MPA037.webp,,,,,,,MPA037,https://legendstory-production-s3-public.s3.amazonaws.com/media/cards/large/MPA037.webp,,,,,,,MPA037,https://legendstory-production-s3-public.s3.amazonaws.com/media/cards/large/MPA037.webp
MPA038,MPA,,,,,,,,,,,,,,,,,,,,,,,,,,,,,,MPA038,https://legendstory-production-s3-public.s3.amazonaws.com/media/cards/large/MPA038.webp,,,,,,,,,MPA038,https://legendstory-production-s3-public.s3.amazonaws.com/media/cards/large/MPA038.webp,,,,,,,,,MPA038,https://legendstory-production-s3-public.s3.amazonaws.com/media/cards/large/MPA038.webp,,,,,,,MPA038,https://legendstory-production-s3-public.s3.amazonaws.com/media/cards/large/MPA038.webp,,,,,,,MPA038,https://legendstory-production-s3-public.s3.amazonaws.com/media/cards/large/MPA038.webp,,,,,,,MPA038,https://legendstory-production-s3-public.s3.amazonaws.com/media/cards/large/MPA038.webp
MPA039,MPA,,,,,,,,,,,,,,,,,,,,,,,,,,,,,,MPA039,https://legendstory-production-s3-public.s3.amazonaws.com/media/cards/large/MPA039.webp,,,,,,,,,MPA039,https://legendstory-production-s3-public.s3.amazonaws.com/media/cards/large/MPA039.webp,,,,,,,,,MPA039,https://legendstory-production-s3-public.s3.amazonaws.com/media/cards/large/MPA039.webp,,,,,,,MPA039,https://legendstory-production-s3-public.s3.amazonaws.com/media/cards/large/MPA039.webp,,,,,,,MPA039,https://legendstory-production-s3-public.s3.amazonaws.com/media/cards/large/MPA039.webp,,,,,,,MPA039,https://legendstory-production-s3-public.s3.amazonaws.com/media/cards/large/MPA039.webp
MPA040,MPA,,,,,,,,,,,,,,,,,,,,,,,,,,,,,,MPA040,https://legendstory-production-s3-public.s3.amazonaws.com/media/cards/large/MPA040.webp,,,,,,,,,MPA040,https://legendstory-production-s3-public.s3.amazonaws.com/media/cards/large/MPA040.webp,,,,,,,,,MPA040,https://legendstory-production-s3-public.s3.amazonaws.com/media/cards/large/MPA040.webp,,,,,,,MPA040,https://legendstory-production-s3-public.s3.amazonaws.com/media/cards/large/MPA040.webp,,,,,,,MPA040,https://legendstory-production-s3-public.s3.amazonaws.com/media/cards/large/MPA040.webp,,,,,,,MPA040,https://legendstory-production-s3-public.s3.amazonaws.com/media/cards/large/MPA040.webp
MPA041,MPA,,,,,,,,,,,,,,,,,,,,,,,,,,,,,,MPA041,https://legendstory-production-s3-public.s3.amazonaws.com/media/cards/large/MPA041.webp,,,,,,,,,MPA041,https://legendstory-production-s3-public.s3.amazonaws.com/media/cards/large/MPA041.webp,,,,,,,,,MPA041,https://legendstory-production-s3-public.s3.amazonaws.com/media/cards/large/MPA041.webp,,,,,,,MPA041,https://legendstory-production-s3-public.s3.amazonaws.com/media/cards/large/MPA041.webp,,,,,,,MPA041,https://legendstory-production-s3-public.s3.amazonaws.com/media/cards/large/MPA041.webp,,,,,,,MPA041,https://legendstory-production-s3-public.s3.amazonaws.com/media/cards/large/MPA041.webp
MPA042,MPA,,,,,,,,,,,,,,,,,,,,,,,,,,,,,,MPA042,https://legendstory-production-s3-public.s3.amazonaws.com/media/cards/large/MPA042.webp,,,,,,,,,MPA042,https://legendstory-production-s3-public.s3.amazonaws.com/media/cards/large/MPA042.webp,,,,,,,,,MPA042,https://legendstory-production-s3-public.s3.amazonaws.com/media/cards/large/MPA042.webp,,,,,,,MPA042,https://legendstory-production-s3-public.s3.amazonaws.com/media/cards/large/MPA042.webp,,,,,,,MPA042,https://legendstory-production-s3-public.s3.amazonaws.com/media/cards/large/MPA042.webp,,,,,,,MPA042,https://legendstory-production-s3-public.s3.amazonaws.com/media/cards/large/MPA042.webp
MPA043,MPA,,,,,,,,,,,,,,,,,,,,,,,,,,,,,,MPA043,https://legendstory-production-s3-public.s3.amazonaws.com/media/cards/large/MPA043.webp,,,,,,,,,MPA043,https://legendstory-production-s3-public.s3.amazonaws.com/media/cards/large/MPA043.webp,,,,,,,,,MPA043,https://legendstory-production-s3-public.s3.amazonaws.com/media/cards/large/MPA043.webp,,,,,,,MPA043,https://legendstory-production-s3-public.s3.amazonaws.com/media/cards/large/MPA043.webp,,,,,,,MPA043,https://legendstory-production-s3-public.s3.amazonaws.com/media/cards/large/MPA043.webp,,,,,,,MPA043,https://legendstory-production-s3-public.s3.amazonaws.com/media/cards/large/MPA043.webp
MPA044,MPA,,,,,,,,,,,,,,,,,,,,,,,,,,,,,,MPA044,https://legendstory-production-s3-public.s3.amazonaws.com/media/cards/large/MPA044.webp,,,,,,,,,MPA044,https://legendstory-production-s3-public.s3.amazonaws.com/media/cards/large/MPA044.webp,,,,,,,,,MPA044,https://legendstory-production-s3-public.s3.amazonaws.com/media/cards/large/MPA044.webp,,,,,,,MPA044,https://legendstory-production-s3-public.s3.amazonaws.com/media/cards/large/MPA044.webp,,,,,,,MPA044,https://legendstory-production-s3-public.s3.amazonaws.com/media/cards/large/MPA044.webp,,,,,,,MPA044,https://legendstory-production-s3-public.s3.amazonaws.com/media/cards/large/MPA044.webp
MPA045,MPA,,,,,,,,,,,,,,,,,,,,,,,,,,,,,,MPA045,https://legendstory-production-s3-public.s3.amazonaws.com/media/cards/large/MPA045.webp,,,,,,,,,MPA045,https://legendstory-production-s3-public.s3.amazonaws.com/media/cards/large/MPA045.webp,,,,,,,,,MPA045,https://legendstory-production-s3-public.s3.amazonaws.com/media/cards/large/MPA045.webp,,,,,,,MPA045,https://legendstory-production-s3-public.s3.amazonaws.com/media/cards/large/MPA045.webp,,,,,,,MPA045,https://legendstory-production-s3-public.s3.amazonaws.com/media/cards/large/MPA045.webp,,,,,,,MPA045,https://legendstory-production-s3-public.s3.amazonaws.com/media/cards/large/MPA045.webp
MPA046,MPA,,,,,,,,,,,,,,,,,,,,,,,,,,,,,,MPA046,https://legendstory-production-s3-public.s3.amazonaws.com/media/cards/large/MPA046.webp,,,,,,,,,MPA046,https://legendstory-production-s3-public.s3.amazonaws.com/media/cards/large/MPA046.webp,,,,,,,,,MPA046,https://legendstory-production-s3-public.s3.amazonaws.com/media/cards/large/MPA046.webp,,,,,,,MPA046,https://legendstory-production-s3-public.s3.amazonaws.com/media/cards/large/MPA046.webp,,,,,,,MPA046,https://legendstory-production-s3-public.s3.amazonaws.com/media/cards/large/MPA046.webp,,,,,,,MPA046,https://legendstory-production-s3-public.s3.amazonaws.com/media/cards/large/MPA046.webp
MPA047,MPA,,,,,,,,,,,,,,,,,,,,,,,,,,,,,,MPA047,https://legendstory-production-s3-public.s3.amazonaws.com/media/cards/large/MPA047.webp,,,,,,,,,MPA047,https://legendstory-production-s3-public.s3.amazonaws.com/media/cards/large/MPA047.webp,,,,,,,,,MPA047,https://legendstory-production-s3-public.s3.amazonaws.com/media/cards/large/MPA047.webp,,,,,,,MPA047,https://legendstory-production-s3-public.s3.amazonaws.com/media/cards/large/MPA047.webp,,,,,,,MPA047,https://legendstory-production-s3-public.s3.amazonaws.com/media/cards/large/MPA047.webp,,,,,,,MPA047,https://legendstory-production-s3-public.s3.amazonaws.com/media/cards/large/MPA047.webp
MPA048,MPA,,,,,,,,,,,,,,,,,,,,,,,,,,,,,,MPA048,https://legendstory-production-s3-public.s3.amazonaws.com/media/cards/large/MPA048.webp,,,,,,,,,MPA048,https://legendstory-production-s3-public.s3.amazonaws.com/media/cards/large/MPA048.webp,,,,,,,,,MPA048,https://legendstory-production-s3-public.s3.amazonaws.com/media/cards/large/MPA048.webp,,,,,,,MPA048,https://legendstory-production-s3-public.s3.amazonaws.com/media/cards/large/MPA048.webp,,,,,,,MPA048,https://legendstory-production-s3-public.s3.amazonaws.com/media/cards/large/MPA048.webp,,,,,,,MPA048,https://legendstory-production-s3-public.s3.amazonaws.com/media/cards/large/MPA048.webp
MPA049,MPA,,,,,,,,,,,,,,,,,,,,,,,,,,,,,,MPA049,https://legendstory-production-s3-public.s3.amazonaws.com/media/cards/large/MPA049.webp,,,,,,,,,MPA049,https://legendstory-production-s3-public.s3.amazonaws.com/media/cards/large/MPA049.webp,,,,,,,,,MPA049,https://legendstory-production-s3-public.s3.amazonaws.com/media/cards/large/MPA049.webp,,,,,,,MPA049,https://legendstory-production-s3-public.s3.amazonaws.com/media/cards/large/MPA049.webp,,,,,,,MPA049,https://legendstory-production-s3-public.s3.amazonaws.com/media/cards/large/MPA049.webp,,,,,,,MPA049,https://legendstory-production-s3-public.s3.amazonaws.com/media/cards/large/MPA049.webp
MPA050,MPA,,,,,,,,,,,,,,,,,,,,,,,,,,,,,,MPA050,https://legendstory-production-s3-public.s3.amazonaws.com/media/cards/large/MPA050.webp,,,,,,,,,MPA050,https://legendstory-production-s3-public.s3.amazonaws.com/media/cards/large/MPA050.webp,,,,,,,,,MPA050,https://legendstory-production-s3-public.s3.amazonaws.com/media/cards/large/MPA050.webp,,,,,,,MPA050,https://legendstory-production-s3-public.s3.amazonaws.com/media/cards/large/MPA050.webp,,,,,,,MPA050,https://legendstory-production-s3-public.s3.amazonaws.com/media/cards/large/MPA050.webp,,,,,,,MPA050,https://legendstory-production-s3-public.s3.amazonaws.com/media/cards/large/MPA050.webp
MPA051,MPA,,,,,,,,,,,,,,,,,,,,,,,,,,,,,,MPA051,https://legendstory-production-s3-public.s3.amazonaws.com/media/cards/large/MPA051.webp,,,,,,,,,MPA051,https://legendstory-production-s3-public.s3.amazonaws.com/media/cards/large/MPA051.webp,,,,,,,,,MPA051,https://legendstory-production-s3-public.s3.amazonaws.com/media/cards/large/MPA051.webp,,,,,,,MPA051,https://legendstory-production-s3-public.s3.amazonaws.com/media/cards/large/MPA051.webp,,,,,,,MPA051,https://legendstory-production-s3-public.s3.amazonaws.com/media/cards/large/MPA051.webp,,,,,,,MPA051,https://legendstory-production-s3-public.s3.amazonaws.com/media/cards/large/MPA051.webp
MPA052,MPA,,,,,,,,,,,,,,,,,,,,,,,,,,,,,,MPA052,https://legendstory-production-s3-public.s3.amazonaws.com/media/cards/large/MPA052.webp,,,,,,,,,MPA052,https://legendstory-production-s3-public.s3.amazonaws.com/media/cards/large/MPA052.webp,,,,,,,,,MPA052,https://legendstory-production-s3-public.s3.amazonaws.com/media/cards/large/MPA052.webp,,,,,,,MPA052,https://legendstory-production-s3-public.s3.amazonaws.com/media/cards/large/MPA052.webp,,,,,,,MPA052,https://legendstory-production-s3-public.s3.amazonaws.com/media/cards/large/MPA052.webp,,,,,,,MPA052,https://legendstory-production-s3-public.s3.amazonaws.com/media/cards/large/MPA052.webp
MPA053,MPA,,,,,,,,,,,,,,,,,,,,,,,,,,,,,,MPA053,https://legendstory-production-s3-public.s3.amazonaws.com/media/cards/large/MPA053.webp,,,,,,,,,MPA053,https://legendstory-production-s3-public.s3.amazonaws.com/media/cards/large/MPA053.webp,,,,,,,,,MPA053,https://legendstory-production-s3-public.s3.amazonaws.com/media/cards/large/MPA053.webp,,,,,,,MPA053,https://legendstory-production-s3-public.s3.amazonaws.com/media/cards/large/MPA053.webp,,,,,,,MPA053,https://legendstory-production-s3-public.s3.amazonaws.com/media/cards/large/MPA053.webp,,,,,,,MPA053,https://legendstory-production-s3-public.s3.amazonaws.com/media/cards/large/MPA053.webp
MPA054,MPA,,,,,,,,,,,,,,,,,,,,,,,,,,,,,,MPA054,https://legendstory-production-s3-public.s3.amazonaws.com/media/cards/large/MPA054.webp,,,,,,,,,MPA054,https://legendstory-production-s3-public.s3.amazonaws.com/media/cards/large/MPA054.webp,,,,,,,,,MPA054,https://legendstory-production-s3-public.s3.amazonaws.com/media/cards/large/MPA054.webp,,,,,,,MPA054,https://legendstory-production-s3-public.s3.amazonaws.com/media/cards/large/MPA054.webp,,,,,,,MPA054,https://legendstory-production-s3-public.s3.amazonaws.com/media/cards/large/MPA054.webp,,,,,,,MPA054,https://legendstory-production-s3-public.s3.amazonaws.com/media/cards/large/MPA054.webp
MPA055,MPA,,,,,,,,,,,,,,,,,,,,,,,,,,,,,,MPA055,https://legendstory-production-s3-public.s3.amazonaws.com/media/cards/large/MPA055.webp,,,,,,,,,MPA055,https://legendstory-production-s3-public.s3.amazonaws.com/media/cards/large/MPA055.webp,,,,,,,,,MPA055,https://legendstory-production-s3-public.s3.amazonaws.com/media/cards/large/MPA055.webp,,,,,,,MPA055,https://legendstory-production-s3-public.s3.amazonaws.com/media/cards/large/MPA055.webp,,,,,,,MPA055,https://legendstory-production-s3-public.s3.amazonaws.com/media/cards/large/MPA055.webp,,,,,,,MPA055,https://legendstory-production-s3-public.s3.amazonaws.com/media/cards/large/MPA055.webp
MPA056,MPA,,,,,,,,,,,,,,,,,,,,,,,,,,,,,,MPA056,https://legendstory-production-s3-public.s3.amazonaws.com/media/cards/large/MPA056.webp,,,,,,,,,MPA056,https://legendstory-production-s3-public.s3.amazonaws.com/media/cards/large/MPA056.webp,,,,,,,,,MPA056,https://legendstory-production-s3-public.s3.amazonaws.com/media/cards/large/MPA056.webp,,,,,,,MPA056,https://legendstory-production-s3-public.s3.amazonaws.com/media/cards/large/MPA056.webp,,,,,,,MPA056,https://legendstory-production-s3-public.s3.amazonaws.com/media/cards/large/MPA056.webp,,,,,,,MPA056,https://legendstory-production-s3-public.s3.amazonaws.com/media/cards/large/MPA056.webp
MPA057,MPA,,,,,,,,,,,,,,,,,,,,,,,,,,,,,,MPA057,https://legendstory-production-s3-public.s3.amazonaws.com/media/cards/large/MPA057.webp,,,,,,,,,MPA057,https://legendstory-production-s3-public.s3.amazonaws.com/media/cards/large/MPA057.webp,,,,,,,,,MPA057,https://legendstory-production-s3-public.s3.amazonaws.com/media/cards/large/MPA057.webp,,,,,,,MPA057,https://legendstory-production-s3-public.s3.amazonaws.com/media/cards/large/MPA057.webp,,,,,,,MPA057,https://legendstory-production-s3-public.s3.amazonaws.com/media/cards/large/MPA057.webp,,,,,,,MPA057,https://legendstory-production-s3-public.s3.amazonaws.com/media/cards/large/MPA057.webp
MPA058,MPA,,,,,,,,,,,,,,,,,,,,,,,,,,,,,,MPA058,https://legendstory-production-s3-public.s3.amazonaws.com/media/cards/large/MPA058.webp,,,,,,,,,MPA058,https://legendstory-production-s3-public.s3.amazonaws.com/media/cards/large/MPA058.webp,,,,,,,,,MPA058,https://legendstory-production-s3-public.s3.amazonaws.com/media/cards/large/MPA058.webp,,,,,,,MPA058,https://legendstory-production-s3-public.s3.amazonaws.com/media/cards/large/MPA058.webp,,,,,,,MPA058,https://legendstory-production-s3-public.s3.amazonaws.com/media/cards/large/MPA058.webp,,,,,,,MPA058,https://legendstory-production-s3-public.s3.amazonaws.com/media/cards/large/MPA058.webp
MPA059,MPA,,,,,,,,,,,,,,,,,,,,,,,,,,,,,,MPA059,https://legendstory-production-s3-public.s3.amazonaws.com/media/cards/large/MPA059.webp,,,,,,,,,MPA059,https://legendstory-production-s3-public.s3.amazonaws.com/media/cards/large/MPA059.webp,,,,,,,,,MPA059,https://legendstory-production-s3-public.s3.amazonaws.com/media/cards/large/MPA059.webp,,,,,,,MPA059,https://legendstory-production-s3-public.s3.amazonaws.com/media/cards/large/MPA059.webp,,,,,,,MPA059,https://legendstory-production-s3-public.s3.amazonaws.com/media/cards/large/MPA059.webp,,,,,,,MPA059,https://legendstory-production-s3-public.s3.amazonaws.com/media/cards/large/MPA059.webp
MPA060,MPA,,,,,,,,,,,,,,,,,,,,,,,,,,,,,,MPA060,https://legendstory-production-s3-public.s3.amazonaws.com/media/cards/large/MPA060.webp,,,,,,,,,MPA060,https://legendstory-production-s3-public.s3.amazonaws.com/media/cards/large/MPA060.webp,,,,,,,,,MPA060,https://legendstory-production-s3-public.s3.amazonaws.com/media/cards/large/MPA060.webp,,,,,,,MPA060,https://legendstory-production-s3-public.s3.amazonaws.com/media/cards/large/MPA060.webp,,,,,,,MPA060,https://legendstory-production-s3-public.s3.amazonaws.com/media/cards/large/MPA060.webp,,,,,,,MPA060,https://legendstory-production-s3-public.s3.amazonaws.com/media/cards/large/MPA060.webp
MPA061,MPA,,,,,,,,,,,,,,,,,,,,,,,,,,,,,,MPA061,https://legendstory-production-s3-public.s3.amazonaws.com/media/cards/large/MPA061.webp,,,,,,,,,MPA061,https://legendstory-production-s3-public.s3.amazonaws.com/media/cards/large/MPA061.webp,,,,,,,,,MPA061,https://legendstory-production-s3-public.s3.amazonaws.com/media/cards/large/MPA061.webp,,,,,,,MPA061,https://legendstory-production-s3-public.s3.amazonaws.com/media/cards/large/MPA061.webp,,,,,,,MPA061,https://legendstory-production-s3-public.s3.amazonaws.com/media/cards/large/MPA061.webp,,,,,,,MPA061,https://legendstory-production-s3-public.s3.amazonaws.com/media/cards/large/MPA061.webp
MPA062,MPA,,,,,,,,,,,,,,,,,,,,,,,,,,,,,,MPA062,https://legendstory-production-s3-public.s3.amazonaws.com/media/cards/large/MPA062.webp,,,,,,,,,MPA062,https://legendstory-production-s3-public.s3.amazonaws.com/media/cards/large/MPA062.webp,,,,,,,,,MPA062,https://legendstory-production-s3-public.s3.amazonaws.com/media/cards/large/MPA062.webp,,,,,,,MPA062,https://legendstory-production-s3-public.s3.amazonaws.com/media/cards/large/MPA062.webp,,,,,,,MPA062,https://legendstory-production-s3-public.s3.amazonaws.com/media/cards/large/MPA062.webp,,,,,,,MPA062,https://legendstory-production-s3-public.s3.amazonaws.com/media/cards/large/MPA062.webp
MPA063,MPA,,,,,,,,,,,,,,,,,,,,,,,,,,,,,,MPA063,https://legendstory-production-s3-public.s3.amazonaws.com/media/cards/large/MPA063.webp,,,,,,,,,MPA063,https://legendstory-production-s3-public.s3.amazonaws.com/media/cards/large/MPA063.webp,,,,,,,,,MPA063,https://legendstory-production-s3-public.s3.amazonaws.com/media/cards/large/MPA063.webp,,,,,,,MPA063,https://legendstory-production-s3-public.s3.amazonaws.com/media/cards/large/MPA063.webp,,,,,,,MPA063,https://legendstory-production-s3-public.s3.amazonaws.com/media/cards/large/MPA063.webp,,,,,,,MPA063,https://legendstory-production-s3-public.s3.amazonaws.com/media/cards/large/MPA063.webp
MPA064,MPA,,,,,,,,,,,,,,,,,,,,,,,,,,,,,,MPA064,https://legendstory-production-s3-public.s3.amazonaws.com/media/cards/large/MPA064.webp,,,,,,,,,MPA064,https://legendstory-production-s3-public.s3.amazonaws.com/media/cards/large/MPA064.webp,,,,,,,,,MPA064,https://legendstory-production-s3-public.s3.amazonaws.com/media/cards/large/MPA064.webp,,,,,,,MPA064,https://legendstory-production-s3-public.s3.amazonaws.com/media/cards/large/MPA064.webp,,,,,,,MPA064,https://legendstory-production-s3-public.s3.amazonaws.com/media/cards/large/MPA064.webp,,,,,,,MPA064,https://legendstory-production-s3-public.s3.amazonaws.com/media/cards/large/MPA064.webp
MPA065,MPA,,,,,,,,,,,,,,,,,,,,,,,,,,,,,,MPA065,https://legendstory-production-s3-public.s3.amazonaws.com/media/cards/large/MPA065.webp,,,,,,,,,MPA065,https://legendstory-production-s3-public.s3.amazonaws.com/media/cards/large/MPA065.webp,,,,,,,,,MPA065,https://legendstory-production-s3-public.s3.amazonaws.com/media/cards/large/MPA065.webp,,,,,,,MPA065,https://legendstory-production-s3-public.s3.amazonaws.com/media/cards/large/MPA065.webp,,,,,,,MPA065,https://legendstory-production-s3-public.s3.amazonaws.com/media/cards/large/MPA065.webp,,,,,,,MPA065,https://legendstory-production-s3-public.s3.amazonaws.com/media/cards/large/MPA065.webp
MPA066,MPA,,,,,,,,,,,,,,,,,,,,,,,,,,,,,,MPA066,https://legendstory-production-s3-public.s3.amazonaws.com/media/cards/large/MPA066.webp,,,,,,,,,MPA066,https://legendstory-production-s3-public.s3.amazonaws.com/media/cards/large/MPA066.webp,,,,,,,,,MPA066,https://legendstory-production-s3-public.s3.amazonaws.com/media/cards/large/MPA066.webp,,,,,,,MPA066,https://legendstory-production-s3-public.s3.amazonaws.com/media/cards/large/MPA066.webp,,,,,,,MPA066,https://legendstory-production-s3-public.s3.amazonaws.com/media/cards/large/MPA066.webp,,,,,,,MPA066,https://legendstory-production-s3-public.s3.amazonaws.com/media/cards/large/MPA066.webp
MPA067,MPA,,,,,,,,,,,,,,,,,,,,,,,,,,,,,,MPA067,https://legendstory-production-s3-public.s3.amazonaws.com/media/cards/large/MPA067.webp,,,,,,,,,MPA067,https://legendstory-production-s3-public.s3.amazonaws.com/media/cards/large/MPA067.webp,,,,,,,,,MPA067,https://legendstory-production-s3-public.s3.amazonaws.com/media/cards/large/MPA067.webp,,,,,,,MPA067,https://legendstory-production-s3-public.s3.amazonaws.com/media/cards/large/MPA067.webp,,,,,,,MPA067,https://legendstory-production-s3-public.s3.amazonaws.com/media/cards/large/MPA067.webp,,,,,,,MPA067,https://legendstory-production-s3-public.s3.amazonaws.com/media/cards/large/MPA067.webp
MPA068,MPA,,,,,,,,,,,,,,,,,,,,,,,,,,,,,,MPA068,https://legendstory-production-s3-public.s3.amazonaws.com/media/cards/large/MPA068.webp,,,,,,,,,MPA068,https://legendstory-production-s3-public.s3.amazonaws.com/media/cards/large/MPA068.webp,,,,,,,,,MPA068,https://legendstory-production-s3-public.s3.amazonaws.com/media/cards/large/MPA068.webp,,,,,,,MPA068,https://legendstory-production-s3-public.s3.amazonaws.com/media/cards/large/MPA068.webp,,,,,,,MPA068,https://legendstory-production-s3-public.s3.amazonaws.com/media/cards/large/MPA068.webp,,,,,,,MPA068,https://legendstory-production-s3-public.s3.amazonaws.com/media/cards/large/MPA068.webp
MPA069,MPA,,,,,,,,,,,,,,,,,,,,,,,,,,,,,,MPA069,https://legendstory-production-s3-public.s3.amazonaws.com/media/cards/large/MPA069.webp,,,,,,,,,MPA069,https://legendstory-production-s3-public.s3.amazonaws.com/media/cards/large/MPA069.webp,,,,,,,,,MPA069,https://legendstory-production-s3-public.s3.amazonaws.com/media/cards/large/MPA069.webp,,,,,,,MPA069,https://legendstory-production-s3-public.s3.amazonaws.com/media/cards/large/MPA069.webp,,,,,,,MPA069,https://legendstory-production-s3-public.s3.amazonaws.com/media/cards/large/MPA069.webp,,,,,,,MPA069,https://legendstory-production-s3-public.s3.amazonaws.com/media/cards/large/MPA069.webp
MPA070,MPA,,,,,,,,,,,,,,,,,,,,,,,,,,,,,,MPA070,https://legendstory-production-s3-public.s3.amazonaws.com/media/cards/large/MPA070.webp,,,,,,,,,MPA070,https://legendstory-production-s3-public.s3.amazonaws.com/media/cards/large/MPA070.webp,,,,,,,,,MPA070,https://legendstory-production-s3-public.s3.amazonaws.com/media/cards/large/MPA070.webp,,,,,,,MPA070,https://legendstory-production-s3-public.s3.amazonaws.com/media/cards/large/MPA070.webp,,,,,,,MPA070,https://legendstory-production-s3-public.s3.amazonaws.com/media/cards/large/MPA070.webp,,,,,,,MPA070,https://legendstory-production-s3-public.s3.amazonaws.com/media/cards/large/MPA070.webp
MPA071,MPA,,,,,,,,,,,,,,,,,,,,,,,,,,,,,,MPA071,https://legendstory-production-s3-public.s3.amazonaws.com/media/cards/large/MPA071.webp,,,,,,,,,MPA071,https://legendstory-production-s3-public.s3.amazonaws.com/media/cards/large/MPA071.webp,,,,,,,,,MPA071,https://legendstory-production-s3-public.s3.amazonaws.com/media/cards/large/MPA071.webp,,,,,,,MPA071,https://legendstory-production-s3-public.s3.amazonaws.com/media/cards/large/MPA071.webp,,,,,,,MPA071,https://legendstory-production-s3-public.s3.amazonaws.com/media/cards/large/MPA071.webp,,,,,,,MPA071,https://legendstory-production-s3-public.s3.amazonaws.com/media/cards/large/MPA071.webp
MPA072,MPA,,,,,,,,,,,,,,,,,,,,,,,,,,,,,,MPA072,https://legendstory-production-s3-public.s3.amazonaws.com/media/cards/large/MPA072.webp,,,,,,,,,MPA072,https://legendstory-production-s3-public.s3.amazonaws.com/media/cards/large/MPA072.webp,,,,,,,,,MPA072,https://legendstory-production-s3-public.s3.amazonaws.com/media/cards/large/MPA072.webp,,,,,,,MPA072,https://legendstory-production-s3-public.s3.amazonaws.com/media/cards/large/MPA072.webp,,,,,,,MPA072,https://legendstory-production-s3-public.s3.amazonaws.com/media/cards/large/MPA072.webp,,,,,,,MPA072,https://legendstory-production-s3-public.s3.amazonaws.com/media/cards/large/MPA072.webp
MPA073,MPA,,,,,,,,,,,,,,,,,,,,,,,,,,,,,,MPA073,https://legendstory-production-s3-public.s3.amazonaws.com/media/cards/large/MPA073.webp,,,,,,,,,MPA073,https://legendstory-production-s3-public.s3.amazonaws.com/media/cards/large/MPA073.webp,,,,,,,,,MPA073,https://legendstory-production-s3-public.s3.amazonaws.com/media/cards/large/MPA073.webp,,,,,,,MPA073,https://legendstory-production-s3-public.s3.amazonaws.com/media/cards/large/MPA073.webp,,,,,,,MPA073,https://legendstory-production-s3-public.s3.amazonaws.com/media/cards/large/MPA073.webp,,,,,,,MPA073,https://legendstory-production-s3-public.s3.amazonaws.com/media/cards/large/MPA073.webp
MPA074,MPA,,,,,,,,,,,,,,,,,,,,,,,,,,,,,,MPA074,https://legendstory-production-s3-public.s3.amazonaws.com/media/cards/large/MPA074.webp,,,,,,,,,MPA074,https://legendstory-production-s3-public.s3.amazonaws.com/media/cards/large/MPA074.webp,,,,,,,,,MPA074,https://legendstory-production-s3-public.s3.amazonaws.com/media/cards/large/MPA074.webp,,,,,,,MPA074,https://legendstory-production-s3-public.s3.amazonaws.com/media/cards/large/MPA074.webp,,,,,,,MPA074,https://legendstory-production-s3-public.s3.amazonaws.com/media/cards/large/MPA074.webp,,,,,,,MPA074,https://legendstory-production-s3-public.s3.amazonaws.com/media/cards/large/MPA074.webp
MPA075,MPA,,,,,,,,,,,,,,,,,,,,,,,,,,,,,,MPA075,https://legendstory-production-s3-public.s3.amazonaws.com/media/cards/large/MPA075.webp,,,,,,,,,MPA075,https://legendstory-production-s3-public.s3.amazonaws.com/media/cards/large/MPA075.webp,,,,,,,,,MPA075,https://legendstory-production-s3-public.s3.amazonaws.com/media/cards/large/MPA075.webp,,,,,,,MPA075,https://legendstory-production-s3-public.s3.amazonaws.com/media/cards/large/MPA075.webp,,,,,,,MPA075,https://legendstory-production-s3-public.s3.amazonaws.com/media/cards/large/MPA075.webp,,,,,,,MPA075,https://legendstory-production-s3-public.s3.amazonaws.com/media/cards/large/MPA075.webp
MPA076,MPA,,,,,,,,,,,,,,,,,,,,,,,,,,,,,,MPA076,https://legendstory-production-s3-public.s3.amazonaws.com/media/cards/large/MPA076.webp,,,,,,,,,MPA076,https://legendstory-production-s3-public.s3.amazonaws.com/media/cards/large/MPA076.webp,,,,,,,,,MPA076,https://legendstory-production-s3-public.s3.amazonaws.com/media/cards/large/MPA076.webp,,,,,,,MPA076,https://legendstory-production-s3-public.s3.amazonaws.com/media/cards/large/MPA076.webp,,,,,,,MPA076,https://legendstory-production-s3-public.s3.amazonaws.com/media/cards/large/MPA076.webp,,,,,,,MPA076,https://legendstory-production-s3-public.s3.amazonaws.com/media/cards/large/MPA076.webp
MPA077,MPA,,,,,,,,,,,,,,,,,,,,,,,,,,,,,,MPA077,https://legendstory-production-s3-public.s3.amazonaws.com/media/cards/large/MPA077.webp,,,,,,,,,MPA077,https://legendstory-production-s3-public.s3.amazonaws.com/media/cards/large/MPA077.webp,,,,,,,,,MPA077,https://legendstory-production-s3-public.s3.amazonaws.com/media/cards/large/MPA077.webp,,,,,,,MPA077,https://legendstory-production-s3-public.s3.amazonaws.com/media/cards/large/MPA077.webp,,,,,,,MPA077,https://legendstory-production-s3-public.s3.amazonaws.com/media/cards/large/MPA077.webp,,,,,,,MPA077,https://legendstory-production-s3-public.s3.amazonaws.com/media/cards/large/MPA077.webp
MPA078,MPA,,,,,,,,,,,,,,,,,,,,,,,,,,,,,,MPA078,https://legendstory-production-s3-public.s3.amazonaws.com/media/cards/large/MPA078.webp,,,,,,,,,MPA078,https://legendstory-production-s3-public.s3.amazonaws.com/media/cards/large/MPA078.webp,,,,,,,,,MPA078,https://legendstory-production-s3-public.s3.amazonaws.com/media/cards/large/MPA078.webp,,,,,,,MPA078,https://legendstory-production-s3-public.s3.amazonaws.com/media/cards/large/MPA078.webp,,,,,,,MPA078,https://legendstory-production-s3-public.s3.amazonaws.com/media/cards/large/MPA078.webp,,,,,,,MPA078,https://legendstory-production-s3-public.s3.amazonaws.com/media/cards/large/MPA078.webp
MPA079,MPA,,,,,,,,,,,,,,,,,,,,,,,,,,,,,,MPA079,https://legendstory-production-s3-public.s3.amazonaws.com/media/cards/large/MPA079.webp,,,,,,,,,MPA079,https://legendstory-production-s3-public.s3.amazonaws.com/media/cards/large/MPA079.webp,,,,,,,,,MPA079,https://legendstory-production-s3-public.s3.amazonaws.com/media/cards/large/MPA079.webp,,,,,,,MPA079,https://legendstory-production-s3-public.s3.amazonaws.com/media/cards/large/MPA079.webp,,,,,,,MPA079,https://legendstory-production-s3-public.s3.amazonaws.com/media/cards/large/MPA079.webp,,,,,,,MPA079,https://legendstory-production-s3-public.s3.amazonaws.com/media/cards/large/MPA079.webp
MPA080,MPA,,,,,,,,,,,,,,,,,,,,,,,,,,,,,,MPA080,https://legendstory-production-s3-public.s3.amazonaws.com/media/cards/large/MPA080.webp,,,,,,,,,MPA080,https://legendstory-production-s3-public.s3.amazonaws.com/media/cards/large/MPA080.webp,,,,,,,,,MPA080,https://legendstory-production-s3-public.s3.amazonaws.com/media/cards/large/MPA080.webp,,,,,,,MPA080,https://legendstory-production-s3-public.s3.amazonaws.com/media/cards/large/MPA080.webp,,,,,,,MPA080,https://legendstory-production-s3-public.s3.amazonaws.com/media/cards/large/MPA080.webp,,,,,,,MPA080,https://legendstory-production-s3-public.s3.amazonaws.com/media/cards/large/MPA080.webp
MPA081,MPA,,,,,,,,,,,,,,,,,,,,,,,,,,,,,,MPA081,https://legendstory-production-s3-public.s3.amazonaws.com/media/cards/large/MPA081.webp,,,,,,,,,MPA081,https://legendstory-production-s3-public.s3.amazonaws.com/media/cards/large/MPA081.webp,,,,,,,,,MPA081,https://legendstory-production-s3-public.s3.amazonaws.com/media/cards/large/MPA081.webp,,,,,,,MPA081,https://legendstory-production-s3-public.s3.amazonaws.com/media/cards/large/MPA081.webp,,,,,,,MPA081,https://legendstory-production-s3-public.s3.amazonaws.com/media/cards/large/MPA081.webp,,,,,,,MPA081,https://legendstory-production-s3-public.s3.amazonaws.com/media/cards/large/MPA081.webp
MPA082,MPA,,,,,,,,,,,,,,,,,,,,,,,,,,,,,,MPA082,https://legendstory-production-s3-public.s3.amazonaws.com/media/cards/large/MPA082.webp,,,,,,,,,MPA082,https://legendstory-production-s3-public.s3.amazonaws.com/media/cards/large/MPA082.webp,,,,,,,,,MPA082,https://legendstory-production-s3-public.s3.amazonaws.com/media/cards/large/MPA082.webp,,,,,,,MPA082,https://legendstory-production-s3-public.s3.amazonaws.com/media/cards/large/MPA082.webp,,,,,,,MPA082,https://legendstory-production-s3-public.s3.amazonaws.com/media/cards/large/MPA082.webp,,,,,,,MPA082,https://legendstory-production-s3-public.s3.amazonaws.com/media/cards/large/MPA082.webp
MPA083,MPA,,,,,,,,,,,,,,,,,,,,,,,,,,,,,,MPA083,https://legendstory-production-s3-public.s3.amazonaws.com/media/cards/large/MPA083.webp,,,,,,,,,MPA083,https://legendstory-production-s3-public.s3.amazonaws.com/media/cards/large/MPA083.webp,,,,,,,,,MPA083,https://legendstory-production-s3-public.s3.amazonaws.com/media/cards/large/MPA083.webp,,,,,,,MPA083,https://legendstory-production-s3-public.s3.amazonaws.com/media/cards/large/MPA083.webp,,,,,,,MPA083,https://legendstory-production-s3-public.s3.amazonaws.com/media/cards/large/MPA083.webp,,,,,,,MPA083,https://legendstory-production-s3-public.s3.amazonaws.com/media/cards/large/MPA083.webp
MPA084,MPA,,,,,,,,,,,,,,,,,,,,,,,,,,,,,,MPA084,https://legendstory-production-s3-public.s3.amazonaws.com/media/cards/large/MPA084.webp,,,,,,,,,MPA084,https://legendstory-production-s3-public.s3.amazonaws.com/media/cards/large/MPA084.webp,,,,,,,,,MPA084,https://legendstory-production-s3-public.s3.amazonaws.com/media/cards/large/MPA084.webp,,,,,,,MPA084,https://legendstory-production-s3-public.s3.amazonaws.com/media/cards/large/MPA084.webp,,,,,,,MPA084,https://legendstory-production-s3-public.s3.amazonaws.com/media/cards/large/MPA084.webp,,,,,,,MPA084,https://legendstory-production-s3-public.s3.amazonaws.com/media/cards/large/MPA084.webp
MPA085,MPA,,,,,,,,,,,,,,,,,,,,,,,,,,,,,,MPA085,https://legendstory-production-s3-public.s3.amazonaws.com/media/cards/large/MPA085.webp,,,,,,,,,MPA085,https://legendstory-production-s3-public.s3.amazonaws.com/media/cards/large/MPA085.webp,,,,,,,,,MPA085,https://legendstory-production-s3-public.s3.amazonaws.com/media/cards/large/MPA085.webp,,,,,,,MPA085,https://legendstory-production-s3-public.s3.amazonaws.com/media/cards/large/MPA085.webp,,,,,,,MPA085,https://legendstory-production-s3-public.s3.amazonaws.com/media/cards/large/MPA085.webp,,,,,,,MPA085,https://legendstory-production-s3-public.s3.amazonaws.com/media/cards/large/MPA085.webp
MPA086,MPA,,,,,,,,,,,,,,,,,,,,,,,,,,,,,,MPA086,https://legendstory-production-s3-public.s3.amazonaws.com/media/cards/large/MPA086.webp,,,,,,,,,MPA086,https://legendstory-production-s3-public.s3.amazonaws.com/media/cards/large/MPA086.webp,,,,,,,,,MPA086,https://legendstory-production-s3-public.s3.amazonaws.com/media/cards/large/MPA086.webp,,,,,,,MPA086,https://legendstory-production-s3-public.s3.amazonaws.com/media/cards/large/MPA086.webp,,,,,,,MPA086,https://legendstory-production-s3-public.s3.amazonaws.com/media/cards/large/MPA086.webp,,,,,,,MPA086,https://legendstory-production-s3-public.s3.amazonaws.com/media/cards/large/MPA086.webp
MPA087,MPA,,,,,,,,,,,,,,,,,,,,,,,,,,,,,,MPA087,https://legendstory-production-s3-public.s3.amazonaws.com/media/cards/large/MPA087.webp,,,,,,,,,MPA087,https://legendstory-production-s3-public.s3.amazonaws.com/media/cards/large/MPA087.webp,,,,,,,,,MPA087,https://legendstory-production-s3-public.s3.amazonaws.com/media/cards/large/MPA087.webp,,,,,,,MPA087,https://legendstory-production-s3-public.s3.amazonaws.com/media/cards/large/MPA087.webp,,,,,,,MPA087,https://legendstory-production-s3-public.s3.amazonaws.com/media/cards/large/MPA087.webp,,,,,,,MPA087,https://legendstory-production-s3-public.s3.amazonaws.com/media/cards/large/MPA087.webp
MPA088,MPA,,,,,,,,,,,,,,,,,,,,,,,,,,,,,,MPA088,https://legendstory-production-s3-public.s3.amazonaws.com/media/cards/large/MPA088.webp,,,,,,,,,MPA088,https://legendstory-production-s3-public.s3.amazonaws.com/media/cards/large/MPA088.webp,,,,,,,,,MPA088,https://legendstory-production-s3-public.s3.amazonaws.com/media/cards/large/MPA088.webp,,,,,,,MPA088,https://legendstory-production-s3-public.s3.amazonaws.com/media/cards/large/MPA088.webp,,,,,,,MPA088,https://legendstory-production-s3-public.s3.amazonaws.com/media/cards/large/MPA088.webp,,,,,,,MPA088,https://legendstory-production-s3-public.s3.amazonaws.com/media/cards/large/MPA088.webp
MPA089,MPA,,,,,,,,,,,,,,,,,,,,,,,,,,,,,,MPA089,https://legendstory-production-s3-public.s3.amazonaws.com/media/cards/large/MPA089.webp,,,,,,,,,MPA089,https://legendstory-production-s3-public.s3.amazonaws.com/media/cards/large/MPA089.webp,,,,,,,,,MPA089,https://legendstory-production-s3-public.s3.amazonaws.com/media/cards/large/MPA089.webp,,,,,,,MPA089,https://legendstory-production-s3-public.s3.amazonaws.com/media/cards/large/MPA089.webp,,,,,,,MPA089,https://legendstory-production-s3-public.s3.amazonaws.com/media/cards/large/MPA089.webp,,,,,,,MPA089,https://legendstory-production-s3-public.s3.amazonaws.com/media/cards/large/MPA089.webp
MPA090,MPA,,,,,,,,,,,,,,,,,,,,,,,,,,,,,,MPA090,https://legendstory-production-s3-public.s3.amazonaws.com/media/cards/large/MPA090.webp,,,,,,,,,MPA090,https://legendstory-production-s3-public.s3.amazonaws.com/media/cards/large/MPA090.webp,,,,,,,,,MPA090,https://legendstory-production-s3-public.s3.amazonaws.com/media/cards/large/MPA090.webp,,,,,,,MPA090,https://legendstory-production-s3-public.s3.amazonaws.com/media/cards/large/MPA090.webp,,,,,,,MPA090,https://legendstory-production-s3-public.s3.amazonaws.com/media/cards/large/MPA090.webp,,,,,,,MPA090,https://legendstory-production-s3-public.s3.amazonaws.com/media/cards/large/MPA090.webp
MPA091,MPA,,,,,,,,,,,,,,,,,,,,,,,,,,,,,,MPA091,https://legendstory-production-s3-public.s3.amazonaws.com/media/cards/large/MPA091.webp,,,,,,,,,MPA091,https://legendstory-production-s3-public.s3.amazonaws.com/media/cards/large/MPA091.webp,,,,,,,,,MPA091,https://legendstory-production-s3-public.s3.amazonaws.com/media/cards/large/MPA091.webp,,,,,,,MPA091,https://legendstory-production-s3-public.s3.amazonaws.com/media/cards/large/MPA091.webp,,,,,,,MPA091,https://legendstory-production-s3-public.s3.amazonaws.com/media/cards/large/MPA091.webp,,,,,,,MPA091,https://legendstory-production-s3-public.s3.amazonaws.com/media/cards/large/MPA091.webp
MPA092,MPA,,,,,,,,,,,,,,,,,,,,,,,,,,,,,,MPA092,https://legendstory-production-s3-public.s3.amazonaws.com/media/cards/large/MPA092.webp,,,,,,,,,MPA092,https://legendstory-production-s3-public.s3.amazonaws.com/media/cards/large/MPA092.webp,,,,,,,,,MPA092,https://legendstory-production-s3-public.s3.amazonaws.com/media/cards/large/MPA092.webp,,,,,,,MPA092,https://legendstory-production-s3-public.s3.amazonaws.com/media/cards/large/MPA092.webp,,,,,,,MPA092,https://legendstory-production-s3-public.s3.amazonaws.com/media/cards/large/MPA092.webp,,,,,,,MPA092,https://legendstory-production-s3-public.s3.amazonaws.com/media/cards/large/MPA092.webp
MPA093,MPA,,,,,,,,,,,,,,,,,,,,,,,,,,,,,,MPA093,https://legendstory-production-s3-public.s3.amazonaws.com/media/cards/large/MPA093.webp,,,,,,,,,MPA093,https://legendstory-production-s3-public.s3.amazonaws.com/media/cards/large/MPA093.webp,,,,,,,,,MPA093,https://legendstory-production-s3-public.s3.amazonaws.com/media/cards/large/MPA093.webp,,,,,,,MPA093,https://legendstory-production-s3-public.s3.amazonaws.com/media/cards/large/MPA093.webp,,,,,,,MPA093,https://legendstory-production-s3-public.s3.amazonaws.com/media/cards/large/MPA093.webp,,,,,,,MPA093,https://legendstory-production-s3-public.s3.amazonaws.com/media/cards/large/MPA093.webp
MPA094,MPA,,,,,,,,,,,,,,,,,,,,,,,,,,,,,,MPA094,https://legendstory-production-s3-public.s3.amazonaws.com/media/cards/large/MPA094.webp,,,,,,,,,MPA094,https://legendstory-production-s3-public.s3.amazonaws.com/media/cards/large/MPA094.webp,,,,,,,,,MPA094,https://legendstory-production-s3-public.s3.amazonaws.com/media/cards/large/MPA094.webp,,,,,,,MPA094,https://legendstory-production-s3-public.s3.amazonaws.com/media/cards/large/MPA094.webp,,,,,,,MPA094,https://legendstory-production-s3-public.s3.amazonaws.com/media/cards/large/MPA094.webp,,,,,,,MPA094,https://legendstory-production-s3-public.s3.amazonaws.com/media/cards/large/MPA094.webp
MPA095,MPA,,,,,,,,,,,,,,,,,,,,,,,,,,,,,,MPA095,https://legendstory-production-s3-public.s3.amazonaws.com/media/cards/large/MPA095.webp,,,,,,,,,MPA095,https://legendstory-production-s3-public.s3.amazonaws.com/media/cards/large/MPA095.webp,,,,,,,,,MPA095,https://legendstory-production-s3-public.s3.amazonaws.com/media/cards/large/MPA095.webp,,,,,,,MPA095,https://legendstory-production-s3-public.s3.amazonaws.com/media/cards/large/MPA095.webp,,,,,,,MPA095,https://legendstory-production-s3-public.s3.amazonaws.com/media/cards/large/MPA095.webp,,,,,,,MPA095,https://legendstory-production-s3-public.s3.amazonaws.com/media/cards/large/MPA095.webp
MPA096,MPA,,,,,,,,,,,,,,,,,,,,,,,,,,,,,,MPA096,https://legendstory-production-s3-public.s3.amazonaws.com/media/cards/large/MPA096.webp,,,,,,,,,MPA096,https://legendstory-production-s3-public.s3.amazonaws.com/media/cards/large/MPA096.webp,,,,,,,,,MPA096,https://legendstory-production-s3-public.s3.amazonaws.com/media/cards/large/MPA096.webp,,,,,,,MPA096,https://legendstory-production-s3-public.s3.amazonaws.com/media/cards/large/MPA096.webp,,,,,,,MPA096,https://legendstory-production-s3-public.s3.amazonaws.com/media/cards/large/MPA096.webp,,,,,,,MPA096,https://legendstory-production-s3-public.s3.amazonaws.com/media/cards/large/MPA096.webp
MPA097,MPA,,,,,,,,,,,,,,,,,,,,,,,,,,,,,,MPA097,https://legendstory-production-s3-public.s3.amazonaws.com/media/cards/large/MPA097.webp,,,,,,,,,MPA097,https://legendstory-production-s3-public.s3.amazonaws.com/media/cards/large/MPA097.webp,,,,,,,,,MPA097,https://legendstory-production-s3-public.s3.amazonaws.com/media/cards/large/MPA097.webp,,,,,,,MPA097,https://legendstory-production-s3-public.s3.amazonaws.com/media/cards/large/MPA097.webp,,,,,,,MPA097,https://legendstory-production-s3-public.s3.amazonaws.com/media/cards/large/MPA097.webp,,,,,,,MPA097,https://legendstory-production-s3-public.s3.amazonaws.com/media/cards/large/MPA097.webp
MPA098,MPA,,,,,,,,,,,,,,,,,,,,,,,,,,,,,,MPA098,https://legendstory-production-s3-public.s3.amazonaws.com/media/cards/large/MPA098.webp,,,,,,,,,MPA098,https://legendstory-production-s3-public.s3.amazonaws.com/media/cards/large/MPA098.webp,,,,,,,,,MPA098,https://legendstory-production-s3-public.s3.amazonaws.com/media/cards/large/MPA098.webp,,,,,,,MPA098,https://legendstory-production-s3-public.s3.amazonaws.com/media/cards/large/MPA098.webp,,,,,,,MPA098,https://legendstory-production-s3-public.s3.amazonaws.com/media/cards/large/MPA098.webp,,,,,,,MPA098,https://legendstory-production-s3-public.s3.amazonaws.com/media/cards/large/MPA098.webp
MPA099,MPA,,,,,,,,,,,,,,,,,,,,,,,,,,,,,,MPA099,https://legendstory-production-s3-public.s3.amazonaws.com/media/cards/large/MPA099.webp,,,,,,,,,MPA099,https://legendstory-production-s3-public.s3.amazonaws.com/media/cards/large/MPA099.webp,,,,,,,,,MPA099,https://legendstory-production-s3-public.s3.amazonaws.com/media/cards/large/MPA099.webp,,,,,,,MPA099,https://legendstory-production-s3-public.s3.amazonaws.com/media/cards/large/MPA099.webp,,,,,,,MPA099,https://legendstory-production-s3-public.s3.amazonaws.com/media/cards/large/MPA099.webp,,,,,,,MPA099,https://legendstory-production-s3-public.s3.amazonaws.com/media/cards/large/MPA099.webp
MPA100,MPA,,,,,,,,,,,,,,,,,,,,,,,,,,,,,,MPA100,https://legendstory-production-s3-public.s3.amazonaws.com/media/cards/large/MPA100.webp,,,,,,,,,MPA100,https://legendstory-production-s3-public.s3.amazonaws.com/media/cards/large/MPA100.webp,,,,,,,,,MPA100,https://legendstory-production-s3-public.s3.amazonaws.com/media/cards/large/MPA100.webp,,,,,,,MPA100,https://legendstory-production-s3-public.s3.amazonaws.com/media/cards/large/MPA100.webp,,,,,,,MPA100,https://legendstory-production-s3-public.s3.amazonaws.com/media/cards/large/MPA100.webp,,,,,,,MPA100,https://legendstory-production-s3-public.s3.amazonaws.com/media/cards/large/MPA100.webp
MPA101,MPA,,,,,,,,,,,,,,,,,,,,,,,,,,,,,,MPA101,https://legendstory-production-s3-public.s3.amazonaws.com/media/cards/large/MPA101.webp,,,,,,,,,MPA101,https://legendstory-production-s3-public.s3.amazonaws.com/media/cards/large/MPA101.webp,,,,,,,,,MPA101,https://legendstory-production-s3-public.s3.amazonaws.com/media/cards/large/MPA101.webp,,,,,,,MPA101,https://legendstory-production-s3-public.s3.amazonaws.com/media/cards/large/MPA101.webp,,,,,,,MPA101,https://legendstory-production-s3-public.s3.amazonaws.com/media/cards/large/MPA101.webp,,,,,,,MPA101,https://legendstory-production-s3-public.s3.amazonaws.com/media/cards/large/MPA101.webp
MPA102,MPA,,,,,,,,,,,,,,,,,,,,,,,,,,,,,,MPA102,https://legendstory-production-s3-public.s3.amazonaws.com/media/cards/large/MPA102.webp,,,,,,,,,MPA102,https://legendstory-production-s3-public.s3.amazonaws.com/media/cards/large/MPA102.webp,,,,,,,,,MPA102,https://legendstory-production-s3-public.s3.amazonaws.com/media/cards/large/MPA102.webp,,,,,,,MPA102,https://legendstory-production-s3-public.s3.amazonaws.com/media/cards/large/MPA102.webp,,,,,,,MPA102,https://legendstory-production-s3-public.s3.amazonaws.com/media/cards/large/MPA102.webp,,,,,,,MPA102,https://legendstory-production-s3-public.s3.amazonaws.com/media/cards/large/MPA102.webp
MPA103,MPA,,,,,,,,,,,,,,,,,,,,,,,,,,,,,,MPA103,https://legendstory-production-s3-public.s3.amazonaws.com/media/cards/large/MPA103.webp,,,,,,,,,MPA103,https://legendstory-production-s3-public.s3.amazonaws.com/media/cards/large/MPA103.webp,,,,,,,,,MPA103,https://legendstory-production-s3-public.s3.amazonaws.com/media/cards/large/MPA103.webp,,,,,,,MPA103,https://legendstory-production-s3-public.s3.amazonaws.com/media/cards/large/MPA103.webp,,,,,,,MPA103,https://legendstory-production-s3-public.s3.amazonaws.com/media/cards/large/MPA103.webp,,,,,,,MPA103,https://legendstory-production-s3-public.s3.amazonaws.com/media/cards/large/MPA103.webp
MPA104,MPA,,,,,,,,,,,,,,,,,,,,,,,,,,,,,,MPA104,https://legendstory-production-s3-public.s3.amazonaws.com/media/cards/large/MPA104.webp,,,,,,,,,MPA104,https://legendstory-production-s3-public.s3.amazonaws.com/media/cards/large/MPA104.webp,,,,,,,,,MPA104,https://legendstory-production-s3-public.s3.amazonaws.com/media/cards/large/MPA104.webp,,,,,,,MPA104,https://legendstory-production-s3-public.s3.amazonaws.com/media/cards/large/MPA104.webp,,,,,,,MPA104,https://legendstory-production-s3-public.s3.amazonaws.com/media/cards/large/MPA104.webp,,,,,,,MPA104,https://legendstory-production-s3-public.s3.amazonaws.com/media/cards/large/MPA104.webp
MPA105,MPA,,,,,,,,,,,,,,,,,,,,,,,,,,,,,,MPA105,https://legendstory-production-s3-public.s3.amazonaws.com/media/cards/large/MPA105.webp,,,,,,,,,MPA105,https://legendstory-production-s3-public.s3.amazonaws.com/media/cards/large/MPA105.webp,,,,,,,,,MPA105,https://legendstory-production-s3-public.s3.amazonaws.com/media/cards/large/MPA105.webp,,,,,,,MPA105,https://legendstory-production-s3-public.s3.amazonaws.com/media/cards/large/MPA105.webp,,,,,,,MPA105,https://legendstory-production-s3-public.s3.amazonaws.com/media/cards/large/MPA105.webp,,,,,,,MPA105,https://legendstory-production-s3-public.s3.amazonaws.com/media/cards/large/MPA105.webp
MPA106,MPA,,,,,,,,,,,,,,,,,,,,,,,,,,,,,,MPA106,https://legendstory-production-s3-public.s3.amazonaws.com/media/cards/large/MPA106.webp,,,,,,,,,MPA106,https://legendstory-production-s3-public.s3.amazonaws.com/media/cards/large/MPA106.webp,,,,,,,,,MPA106,https://legendstory-production-s3-public.s3.amazonaws.com/media/cards/large/MPA106.webp,,,,,,,MPA106,https://legendstory-production-s3-public.s3.amazonaws.com/media/cards/large/MPA106.webp,,,,,,,MPA106,https://legendstory-production-s3-public.s3.amazonaws.com/media/cards/large/MPA106.webp,,,,,,,MPA106,https://legendstory-production-s3-public.s3.amazonaws.com/media/cards/large/MPA106.webp
MPA107,MPA,,,,,,,,,,,,,,,,,,,,,,,,,,,,,,MPA107,https://legendstory-production-s3-public.s3.amazonaws.com/media/cards/large/MPA107.webp,,,,,,,,,MPA107,https://legendstory-production-s3-public.s3.amazonaws.com/media/cards/large/MPA107.webp,,,,,,,,,MPA107,https://legendstory-production-s3-public.s3.amazonaws.com/media/cards/large/MPA107.webp,,,,,,,MPA107,https://legendstory-production-s3-public.s3.amazonaws.com/media/cards/large/MPA107.webp,,,,,,,MPA107,https://legendstory-production-s3-public.s3.amazonaws.com/media/cards/large/MPA107.webp,,,,,,,MPA107,https://legendstory-production-s3-public.s3.amazonaws.com/media/cards/large/MPA107.webp
MPA108,MPA,,,,,,,,,,,,,,,,,,,,,,,,,,,,,,MPA108,https://legendstory-production-s3-public.s3.amazonaws.com/media/cards/large/MPA108.webp,,,,,,,,,MPA108,https://legendstory-production-s3-public.s3.amazonaws.com/media/cards/large/MPA108.webp,,,,,,,,,MPA108,https://legendstory-production-s3-public.s3.amazonaws.com/media/cards/large/MPA108.webp,,,,,,,MPA108,https://legendstory-production-s3-public.s3.amazonaws.com/media/cards/large/MPA108.webp,,,,,,,MPA108,https://legendstory-production-s3-public.s3.amazonaws.com/media/cards/large/MPA108.webp,,,,,,,MPA108,https://legendstory-production-s3-public.s3.amazonaws.com/media/cards/large/MPA108.webp
MPA109,MPA,,,,,,,,,,,,,,,,,,,,,,,,,,,,,,MPA109,https://legendstory-production-s3-public.s3.amazonaws.com/media/cards/large/MPA109.webp,,,,,,,,,MPA109,https://legendstory-production-s3-public.s3.amazonaws.com/media/cards/large/MPA109.webp,,,,,,,,,MPA109,https://legendstory-production-s3-public.s3.amazonaws.com/media/cards/large/MPA109.webp,,,,,,,MPA109,https://legendstory-production-s3-public.s3.amazonaws.com/media/cards/large/MPA109.webp,,,,,,,MPA109,https://legendstory-production-s3-public.s3.amazonaws.com/media/cards/large/MPA109.webp,,,,,,,MPA109,https://legendstory-production-s3-public.s3.amazonaws.com/media/cards/large/MPA109.webp
MPA110,MPA,,,,,,,,,,,,,,,,,,,,,,,,,,,,,,MPA110,https://legendstory-production-s3-public.s3.amazonaws.com/media/cards/large/MPA110.webp,,,,,,,,,MPA110,https://legendstory-production-s3-public.s3.amazonaws.com/media/cards/large/MPA110.webp,,,,,,,,,MPA110,https://legendstory-production-s3-public.s3.amazonaws.com/media/cards/large/MPA110.webp,,,,,,,MPA110,https://legendstory-production-s3-public.s3.amazonaws.com/media/cards/large/MPA110.webp,,,,,,,MPA110,https://legendstory-production-s3-public.s3.amazonaws.com/media/cards/large/MPA110.webp,,,,,,,MPA110,https://legendstory-production-s3-public.s3.amazonaws.com/media/cards/large/MPA110.webp
MPA111,MPA,,,,,,,,,,,,,,,,,,,,,,,,,,,,,,MPA111,https://legendstory-production-s3-public.s3.amazonaws.com/media/cards/large/MPA111.webp,,,,,,,,,MPA111,https://legendstory-production-s3-public.s3.amazonaws.com/media/cards/large/MPA111.webp,,,,,,,,,MPA111,https://legendstory-production-s3-public.s3.amazonaws.com/media/cards/large/MPA111.webp,,,,,,,MPA111,https://legendstory-production-s3-public.s3.amazonaws.com/media/cards/large/MPA111.webp,,,,,,,MPA111,https://legendstory-production-s3-public.s3.amazonaws.com/media/cards/large/MPA111.webp,,,,,,,MPA111,https://legendstory-production-s3-public.s3.amazonaws.com/media/cards/large/MPA111.webp
MPA112,MPA,,,,,,,,,,,,,,,,,,,,,,,,,,,,,,MPA112,https://legendstory-production-s3-public.s3.amazonaws.com/media/cards/large/MPA112.webp,,,,,,,,,MPA112,https://legendstory-production-s3-public.s3.amazonaws.com/media/cards/large/MPA112.webp,,,,,,,,,MPA112,https://legendstory-production-s3-public.s3.amazonaws.com/media/cards/large/MPA112.webp,,,,,,,MPA112,https://legendstory-production-s3-public.s3.amazonaws.com/media/cards/large/MPA112.webp,,,,,,,MPA112,https://legendstory-production-s3-public.s3.amazonaws.com/media/cards/large/MPA112.webp,,,,,,,MPA112,https://legendstory-production-s3-public.s3.amazonaws.com/media/cards/large/MPA112.webp
MPA113,MPA,,,,,,,,,,,,,,,,,,,,,,,,,,,,,,MPA113,https://legendstory-production-s3-public.s3.amazonaws.com/media/cards/large/MPA113.webp,,,,,,,,,MPA113,https://legendstory-production-s3-public.s3.amazonaws.com/media/cards/large/MPA113.webp,,,,,,,,,MPA113,https://legendstory-production-s3-public.s3.amazonaws.com/media/cards/large/MPA113.webp,,,,,,,MPA113,https://legendstory-production-s3-public.s3.amazonaws.com/media/cards/large/MPA113.webp,,,,,,,MPA113,https://legendstory-production-s3-public.s3.amazonaws.com/media/cards/large/MPA113.webp,,,,,,,MPA113,https://legendstory-production-s3-public.s3.amazonaws.com/media/cards/large/MPA113.webp
MPA114,MPA,,,,,,,,,,,,,,,,,,,,,,,,,,,,,,MPA114,https://legendstory-production-s3-public.s3.amazonaws.com/media/cards/large/MPA114.webp,,,,,,,,,MPA114,https://legendstory-production-s3-public.s3.amazonaws.com/media/cards/large/MPA114.webp,,,,,,,,,MPA114,https://legendstory-production-s3-public.s3.amazonaws.com/media/cards/large/MPA114.webp,,,,,,,MPA114,https://legendstory-production-s3-public.s3.amazonaws.com/media/cards/large/MPA114.webp,,,,,,,MPA114,https://legendstory-production-s3-public.s3.amazonaws.com/media/cards/large/MPA114.webp,,,,,,,MPA114,https://legendstory-production-s3-public.s3.amazonaws.com/media/cards/large/MPA114.webp
MPA115,MPA,,,,,,,,,,,,,,,,,,,,,,,,,,,,,,MPA115,https://legendstory-production-s3-public.s3.amazonaws.com/media/cards/large/MPA115.webp,,,,,,,,,MPA115,https://legendstory-production-s3-public.s3.amazonaws.com/media/cards/large/MPA115.webp,,,,,,,,,MPA115,https://legendstory-production-s3-public.s3.amazonaws.com/media/cards/large/MPA115.webp,,,,,,,MPA115,https://legendstory-production-s3-public.s3.amazonaws.com/media/cards/large/MPA115.webp,,,,,,,MPA115,https://legendstory-production-s3-public.s3.amazonaws.com/media/cards/large/MPA115.webp,,,,,,,MPA115,https://legendstory-production-s3-public.s3.amazonaws.com/media/cards/large/MPA115.webp
MPA116,MPA,,,,,,,,,,,,,,,,,,,,,,,,,,,,,,MPA116,https://legendstory-production-s3-public.s3.amazonaws.com/media/cards/large/MPA116.webp,,,,,,,,,MPA116,https://legendstory-production-s3-public.s3.amazonaws.com/media/cards/large/MPA116.webp,,,,,,,,,MPA116,https://legendstory-production-s3-public.s3.amazonaws.com/media/cards/large/MPA116.webp,,,,,,,MPA116,https://legendstory-production-s3-public.s3.amazonaws.com/media/cards/large/MPA116.webp,,,,,,,MPA116,https://legendstory-production-s3-public.s3.amazonaws.com/media/cards/large/MPA116.webp,,,,,,,MPA116,https://legendstory-production-s3-public.s3.amazonaws.com/media/cards/large/MPA116.webp
MPA117,MPA,,,,,,,,,,,,,,,,,,,,,,,,,,,,,,MPA117,https://legendstory-production-s3-public.s3.amazonaws.com/media/cards/large/MPA117.webp,,,,,,,,,MPA117,https://legendstory-production-s3-public.s3.amazonaws.com/media/cards/large/MPA117.webp,,,,,,,,,MPA117,https://legendstory-production-s3-public.s3.amazonaws.com/media/cards/large/MPA117.webp,,,,,,,MPA117,https://legendstory-production-s3-public.s3.amazonaws.com/media/cards/large/MPA117.webp,,,,,,,MPA117,https://legendstory-production-s3-public.s3.amazonaws.com/media/cards/large/MPA117.webp,,,,,,,MPA117,https://legendstory-production-s3-public.s3.amazonaws.com/media/cards/large/MPA117.webp
MPA118,MPA,,,,,,,,,,,,,,,,,,,,,,,,,,,,,,MPA118,https://legendstory-production-s3-public.s3.amazonaws.com/media/cards/large/MPA118.webp,,,,,,,,,MPA118,https://legendstory-production-s3-public.s3.amazonaws.com/media/cards/large/MPA118.webp,,,,,,,,,MPA118,https://legendstory-production-s3-public.s3.amazonaws.com/media/cards/large/MPA118.webp,,,,,,,MPA118,https://legendstory-production-s3-public.s3.amazonaws.com/media/cards/large/MPA118.webp,,,,,,,MPA118,https://legendstory-production-s3-public.s3.amazonaws.com/media/cards/large/MPA118.webp,,,,,,,MPA118,https://legendstory-production-s3-public.s3.amazonaws.com/media/cards/large/MPA118.webp
MPA119,MPA,,,,,,,,,,,,,,,,,,,,,,,,,,,,,,MPA119,https://legendstory-production-s3-public.s3.amazonaws.com/media/cards/large/MPA119.webp,,,,,,,,,MPA119,https://legendstory-production-s3-public.s3.amazonaws.com/media/cards/large/MPA119.webp,,,,,,,,,MPA119,https://legendstory-production-s3-public.s3.amazonaws.com/media/cards/large/MPA119.webp,,,,,,,MPA119,https://legendstory-production-s3-public.s3.amazonaws.com/media/cards/large/MPA119.webp,,,,,,,MPA119,https://legendstory-production-s3-public.s3.amazonaws.com/media/cards/large/MPA119.webp,,,,,,,MPA119,https://legendstory-production-s3-public.s3.amazonaws.com/media/cards/large/MPA119.webp
MPA120,MPA,,,,,,,,,,,,,,,,,,,,,,,,,,,,,,MPA120,https://legendstory-production-s3-public.s3.amazonaws.com/media/cards/large/MPA120.webp,,,,,,,,,MPA120,https://legendstory-production-s3-public.s3.amazonaws.com/media/cards/large/MPA120.webp,,,,,,,,,MPA120,https://legendstory-production-s3-public.s3.amazonaws.com/media/cards/large/MPA120.webp,,,,,,,MPA120,https://legendstory-production-s3-public.s3.amazonaws.com/media/cards/large/MPA120.webp,,,,,,,MPA120,https://legendstory-production-s3-public.s3.amazonaws.com/media/cards/large/MPA120.webp,,,,,,,MPA120,https://legendstory-production-s3-public.s3.amazonaws.com/media/cards/large/MPA120.webp
MPA121,MPA,,,,,,,,,,,,,,,,,,,,,,,,,,,,,,MPA121,https://legendstory-production-s3-public.s3.amazonaws.com/media/cards/large/MPA121.webp,,,,,,,,,MPA121,https://legendstory-production-s3-public.s3.amazonaws.com/media/cards/large/MPA121.webp,,,,,,,,,MPA121,https://legendstory-production-s3-public.s3.amazonaws.com/media/cards/large/MPA121.webp,,,,,,,MPA121,https://legendstory-production-s3-public.s3.amazonaws.com/media/cards/large/MPA121.webp,,,,,,,MPA121,https://legendstory-production-s3-public.s3.amazonaws.com/media/cards/large/MPA121.webp,,,,,,,MPA121,https://legendstory-production-s3-public.s3.amazonaws.com/media/cards/large/MPA121.webp
MPA122,MPA,,,,,,,,,,,,,,,,,,,,,,,,,,,,,,MPA122,https://legendstory-production-s3-public.s3.amazonaws.com/media/cards/large/MPA122.webp,,,,,,,,,MPA122,https://legendstory-production-s3-public.s3.amazonaws.com/media/cards/large/MPA122.webp,,,,,,,,,MPA122,https://legendstory-production-s3-public.s3.amazonaws.com/media/cards/large/MPA122.webp,,,,,,,MPA122,https://legendstory-production-s3-public.s3.amazonaws.com/media/cards/large/MPA122.webp,,,,,,,MPA122,https://legendstory-production-s3-public.s3.amazonaws.com/media/cards/large/MPA122.webp,,,,,,,MPA122,https://legendstory-production-s3-public.s3.amazonaws.com/media/cards/large/MPA122.webp
MPA123,MPA,,,,,,,,,,,,,,,,,,,,,,,,,,,,,,MPA123,https://legendstory-production-s3-public.s3.amazonaws.com/media/cards/large/MPA123.webp,,,,,,,,,MPA123,https://legendstory-production-s3-public.s3.amazonaws.com/media/cards/large/MPA123.webp,,,,,,,,,MPA123,https://legendstory-production-s3-public.s3.amazonaws.com/media/cards/large/MPA123.webp,,,,,,,MPA123,https://legendstory-production-s3-public.s3.amazonaws.com/media/cards/large/MPA123.webp,,,,,,,MPA123,https://legendstory-production-s3-public.s3.amazonaws.com/media/cards/large/MPA123.webp,,,,,,,MPA123,https://legendstory-production-s3-public.s3.amazonaws.com/media/cards/large/MPA123.webp
MPA124,MPA,,,,,,,,,,,,,,,,,,,,,,,,,,,,,,MPA124,https://legendstory-production-s3-public.s3.amazonaws.com/media/cards/large/MPA124.webp,,,,,,,,,MPA124,https://legendstory-production-s3-public.s3.amazonaws.com/media/cards/large/MPA124.webp,,,,,,,,,MPA124,https://legendstory-production-s3-public.s3.amazonaws.com/media/cards/large/MPA124.webp,,,,,,,MPA124,https://legendstory-production-s3-public.s3.amazonaws.com/media/cards/large/MPA124.webp,,,,,,,MPA124,https://legendstory-production-s3-public.s3.amazonaws.com/media/cards/large/MPA124.webp,,,,,,,MPA124,https://legendstory-production-s3-public.s3.amazonaws.com/media/cards/large/MPA124.webp
MPA125,MPA,,,,,,,,,,,,,,,,,,,,,,,,,,,,,,MPA125,https://legendstory-production-s3-public.s3.amazonaws.com/media/cards/large/MPA125.webp,,,,,,,,,MPA125,https://legendstory-production-s3-public.s3.amazonaws.com/media/cards/large/MPA125.webp,,,,,,,,,MPA125,https://legendstory-production-s3-public.s3.amazonaws.com/media/cards/large/MPA125.webp,,,,,,,MPA125,https://legendstory-production-s3-public.s3.amazonaws.com/media/cards/large/MPA125.webp,,,,,,,MPA125,https://legendstory-production-s3-public.s3.amazonaws.com/media/cards/large/MPA125.webp,,,,,,,MPA125,https://legendstory-production-s3-public.s3.amazonaws.com/media/cards/large/MPA125.webp
MPA126,MPA,,,,,,,,,,,,,,,,,,,,,,,,,,,,,,MPA126,https://legendstory-production-s3-public.s3.amazonaws.com/media/cards/large/MPA126.webp,,,,,,,,,MPA126,https://legendstory-production-s3-public.s3.amazonaws.com/media/cards/large/MPA126.webp,,,,,,,,,MPA126,https://legendstory-production-s3-public.s3.amazonaws.com/media/cards/large/MPA126.webp,,,,,,,MPA126,https://legendstory-production-s3-public.s3.amazonaws.com/media/cards/large/MPA126.webp,,,,,,,MPA126,https://legendstory-production-s3-public.s3.amazonaws.com/media/cards/large/MPA126.webp,,,,,,,MPA126,https://legendstory-production-s3-public.s3.amazonaws.com/media/cards/large/MPA126.webp
MPA127,MPA,,,,,,,,,,,,,,,,,,,,,,,,,,,,,,MPA127,https://legendstory-production-s3-public.s3.amazonaws.com/media/cards/large/MPA127.webp,,,,,,,,,MPA127,https://legendstory-production-s3-public.s3.amazonaws.com/media/cards/large/MPA127.webp,,,,,,,,,MPA127,https://legendstory-production-s3-public.s3.amazonaws.com/media/cards/large/MPA127.webp,,,,,,,MPA127,https://legendstory-production-s3-public.s3.amazonaws.com/media/cards/large/MPA127.webp,,,,,,,MPA127,https://legendstory-production-s3-public.s3.amazonaws.com/media/cards/large/MPA127.webp,,,,,,,MPA127,https://legendstory-production-s3-public.s3.amazonaws.com/media/cards/large/MPA127.webp
MPA128,MPA,,,,,,,,,,,,,,,,,,,,,,,,,,,,,,MPA128,https://legendstory-production-s3-public.s3.amazonaws.com/media/cards/large/MPA128.webp,,,,,,,,,MPA128,https://legendstory-production-s3-public.s3.amazonaws.com/media/cards/large/MPA128.webp,,,,,,,,,MPA128,https://legendstory-production-s3-public.s3.amazonaws.com/media/cards/large/MPA128.webp,,,,,,,MPA128,https://legendstory-production-s3-public.s3.amazonaws.com/media/cards/large/MPA128.webp,,,,,,,MPA128,https://legendstory-production-s3-public.s3.amazonaws.com/media/cards/large/MPA128.webp,,,,,,,MPA128,https://legendstory-production-s3-public.s3.amazonaws.com/media/cards/large/MPA128.webp
MPA129,MPA,,,,,,,,,,,,,,,,,,,,,,,,,,,,,,MPA129,https://legendstory-production-s3-public.s3.amazonaws.com/media/cards/large/MPA129.webp,,,,,,,,,MPA129,https://legendstory-production-s3-public.s3.amazonaws.com/media/cards/large/MPA129.webp,,,,,,,,,MPA129,https://legendstory-production-s3-public.s3.amazonaws.com/media/cards/large/MPA129.webp,,,,,,,MPA129,https://legendstory-production-s3-public.s3.amazonaws.com/media/cards/large/MPA129.webp,,,,,,,MPA129,https://legendstory-production-s3-public.s3.amazonaws.com/media/cards/large/MPA129.webp,,,,,,,MPA129,https://legendstory-production-s3-public.s3.amazonaws.com/media/cards/large/MPA129.webp
MPA130,MPA,,,,,,,,,,,,,,,,,,,,,,,,,,,,,,MPA130,https://legendstory-production-s3-public.s3.amazonaws.com/media/cards/large/MPA130.webp,,,,,,,,,MPA130,https://legendstory-production-s3-public.s3.amazonaws.com/media/cards/large/MPA130.webp,,,,,,,,,MPA130,https://legendstory-production-s3-public.s3.amazonaws.com/media/cards/large/MPA130.webp,,,,,,,MPA130,https://legendstory-production-s3-public.s3.amazonaws.com/media/cards/large/MPA130.webp,,,,,,,MPA130,https://legendstory-production-s3-public.s3.amazonaws.com/media/cards/large/MPA130.webp,,,,,,,MPA130,https://legendstory-production-s3-public.s3.amazonaws.com/media/cards/large/MPA130.webp
MPA131,MPA,,,,,,,,,,,,,,,,,,,,,,,,,,,,,,MPA131,https://legendstory-production-s3-public.s3.amazonaws.com/media/cards/large/MPA131.webp,,,,,,,,,MPA131,https://legendstory-production-s3-public.s3.amazonaws.com/media/cards/large/MPA131.webp,,,,,,,,,MPA131,https://legendstory-production-s3-public.s3.amazonaws.com/media/cards/large/MPA131.webp,,,,,,,MPA131,https://legendstory-production-s3-public.s3.amazonaws.com/media/cards/large/MPA131.webp,,,,,,,MPA131,https://legendstory-production-s3-public.s3.amazonaws.com/media/cards/large/MPA131.webp,,,,,,,MPA131,https://legendstory-production-s3-public.s3.amazonaws.com/media/cards/large/MPA131.webp
MPA132,MPA,,,,,,,,,,,,,,,,,,,,,,,,,,,,,,MPA132,https://legendstory-production-s3-public.s3.amazonaws.com/media/cards/large/MPA132.webp,,,,,,,,,MPA132,https://legendstory-production-s3-public.s3.amazonaws.com/media/cards/large/MPA132.webp,,,,,,,,,MPA132,https://legendstory-production-s3-public.s3.amazonaws.com/media/cards/large/MPA132.webp,,,,,,,MPA132,https://legendstory-production-s3-public.s3.amazonaws.com/media/cards/large/MPA132.webp,,,,,,,MPA132,https://legendstory-production-s3-public.s3.amazonaws.com/media/cards/large/MPA132.webp,,,,,,,MPA132,https://legendstory-production-s3-public.s3.amazonaws.com/media/cards/large/MPA132.webp
MPA133,MPA,,,,,,,,,,,,,,,,,,,,,,,,,,,,,,MPA133,https://legendstory-production-s3-public.s3.amazonaws.com/media/cards/large/MPA133.webp,,,,,,,,,MPA133,https://legendstory-production-s3-public.s3.amazonaws.com/media/cards/large/MPA133.webp,,,,,,,,,MPA133,https://legendstory-production-s3-public.s3.amazonaws.com/media/cards/large/MPA133.webp,,,,,,,MPA133,https://legendstory-production-s3-public.s3.amazonaws.com/media/cards/large/MPA133.webp,,,,,,,MPA133,https://legendstory-production-s3-public.s3.amazonaws.com/media/cards/large/MPA133.webp,,,,,,,MPA133,https://legendstory-production-s3-public.s3.amazonaws.com/media/cards/large/MPA133.webp
MPA134,MPA,,,,,,,,,,,,,,,,,,,,,,,,,,,,,,MPA134,https://legendstory-production-s3-public.s3.amazonaws.com/media/cards/large/MPA134.webp,,,,,,,,,MPA134,https://legendstory-production-s3-public.s3.amazonaws.com/media/cards/large/MPA134.webp,,,,,,,,,MPA134,https://legendstory-production-s3-public.s3.amazonaws.com/media/cards/large/MPA134.webp,,,,,,,MPA134,https://legendstory-production-s3-public.s3.amazonaws.com/media/cards/large/MPA134.webp,,,,,,,MPA134,https://legendstory-production-s3-public.s3.amazonaws.com/media/cards/large/MPA134.webp,,,,,,,MPA134,https://legendstory-production-s3-public.s3.amazonaws.com/media/cards/large/MPA134.webp
MPA135,MPA,,,,,,,,,,,,,,,,,,,,,,,,,,,,,,MPA135,https://legendstory-production-s3-public.s3.amazonaws.com/media/cards/large/MPA135.webp,,,,,,,,,MPA135,https://legendstory-production-s3-public.s3.amazonaws.com/media/cards/large/MPA135.webp,,,,,,,,,MPA135,https://legendstory-production-s3-public.s3.amazonaws.com/media/cards/large/MPA135.webp,,,,,,,MPA135,https://legendstory-production-s3-public.s3.amazonaws.com/media/cards/large/MPA135.webp,,,,,,,MPA135,https://legendstory-production-s3-public.s3.amazonaws.com/media/cards/large/MPA135.webp,,,,,,,MPA135,https://legendstory-production-s3-public.s3.amazonaws.com/media/cards/large/MPA135.webp
MPA136,MPA,,,,,,,,,,,,,,,,,,,,,,,,,,,,,,MPA136,https://legendstory-production-s3-public.s3.amazonaws.com/media/cards/large/MPA136.webp,,,,,,,,,MPA136,https://legendstory-production-s3-public.s3.amazonaws.com/media/cards/large/MPA136.webp,,,,,,,,,MPA136,https://legendstory-production-s3-public.s3.amazonaws.com/media/cards/large/MPA136.webp,,,,,,,MPA136,https://legendstory-production-s3-public.s3.amazonaws.com/media/cards/large/MPA136.webp,,,,,,,MPA136,https://legendstory-production-s3-public.s3.amazonaws.com/media/cards/large/MPA136.webp,,,,,,,MPA136,https://legendstory-production-s3-public.s3.amazonaws.com/media/cards/large/MPA136.webp
MPA137,MPA,,,,,,,,,,,,,,,,,,,,,,,,,,,,,,MPA137,https://legendstory-production-s3-public.s3.amazonaws.com/media/cards/large/MPA137.webp,,,,,,,,,MPA137,https://legendstory-production-s3-public.s3.amazonaws.com/media/cards/large/MPA137.webp,,,,,,,,,MPA137,https://legendstory-production-s3-public.s3.amazonaws.com/media/cards/large/MPA137.webp,,,,,,,MPA137,https://legendstory-production-s3-public.s3.amazonaws.com/media/cards/large/MPA137.webp,,,,,,,MPA137,https://legendstory-production-s3-public.s3.amazonaws.com/media/cards/large/MPA137.webp,,,,,,,MPA137,https://legendstory-production-s3-public.s3.amazonaws.com/media/cards/large/MPA137.webp
MPA138,MPA,,,,,,,,,,,,,,,,,,,,,,,,,,,,,,MPA138,https://legendstory-production-s3-public.s3.amazonaws.com/media/cards/large/MPA138.webp,,,,,,,,,MPA138,https://legendstory-production-s3-public.s3.amazonaws.com/media/cards/large/MPA138.webp,,,,,,,,,MPA138,https://legendstory-production-s3-public.s3.amazonaws.com/media/cards/large/MPA138.webp,,,,,,,MPA138,https://legendstory-production-s3-public.s3.amazonaws.com/media/cards/large/MPA138.webp,,,,,,,MPA138,https://legendstory-production-s3-public.s3.amazonaws.com/media/cards/large/MPA138.webp,,,,,,,MPA138,https://legendstory-production-s3-public.s3.amazonaws.com/media/cards/large/MPA138.webp
MPA139,MPA,,,,,,,,,,,,,,,,,,,,,,,,,,,,,,MPA139,https://legendstory-production-s3-public.s3.amazonaws.com/media/cards/large/MPA139.webp,,,,,,,,,MPA139,https://legendstory-production-s3-public.s3.amazonaws.com/media/cards/large/MPA139.webp,,,,,,,,,MPA139,https://legendstory-production-s3-public.s3.amazonaws.com/media/cards/large/MPA139.webp,,,,,,,MPA139,https://legendstory-production-s3-public.s3.amazonaws.com/media/cards/large/MPA139.webp,,,,,,,MPA139,https://legendstory-production-s3-public.s3.amazonaws.com/media/cards/large/MPA139.webp,,,,,,,MPA139,https://legendstory-production-s3-public.s3.amazonaws.com/media/cards/large/MPA139.webp
MPA140,MPA,,,,,,,,,,,,,,,,,,,,,,,,,,,,,,MPA140,https://legendstory-production-s3-public.s3.amazonaws.com/media/cards/large/MPA140.webp,,,,,,,,,MPA140,https://legendstory-production-s3-public.s3.amazonaws.com/media/cards/large/MPA140.webp,,,,,,,,,MPA140,https://legendstory-production-s3-public.s3.amazonaws.com/media/cards/large/MPA140.webp,,,,,,,MPA140,https://legendstory-production-s3-public.s3.amazonaws.com/media/cards/large/MPA140.webp,,,,,,,MPA140,https://legendstory-production-s3-public.s3.amazonaws.com/media/cards/large/MPA140.webp,,,,,,,MPA140,https://legendstory-production-s3-public.s3.amazonaws.com/media/cards/large/MPA140.webp
MPA141,MPA,,,,,,,,,,,,,,,,,,,,,,,,,,,,,,MPA141,https://legendstory-production-s3-public.s3.amazonaws.com/media/cards/large/MPA141.webp,,,,,,,,,MPA141,https://legendstory-production-s3-public.s3.amazonaws.com/media/cards/large/MPA141.webp,,,,,,,,,MPA141,https://legendstory-production-s3-public.s3.amazonaws.com/media/cards/large/MPA141.webp,,,,,,,MPA141,https://legendstory-production-s3-public.s3.amazonaws.com/media/cards/large/MPA141.webp,,,,,,,MPA141,https://legendstory-production-s3-public.s3.amazonaws.com/media/cards/large/MPA141.webp,,,,,,,MPA141,https://legendstory-production-s3-public.s3.amazonaws.com/media/cards/large/MPA141.webp
MPA142,MPA,,,,,,,,,,,,,,,,,,,,,,,,,,,,,,MPA142,https://legendstory-production-s3-public.s3.amazonaws.com/media/cards/large/MPA142.webp,,,,,,,,,MPA142,https://legendstory-production-s3-public.s3.amazonaws.com/media/cards/large/MPA142.webp,,,,,,,,,MPA142,https://legendstory-production-s3-public.s3.amazonaws.com/media/cards/large/MPA142.webp,,,,,,,MPA142,https://legendstory-production-s3-public.s3.amazonaws.com/media/cards/large/MPA142.webp,,,,,,,MPA142,https://legendstory-production-s3-public.s3.amazonaws.com/media/cards/large/MPA142.webp,,,,,,,MPA142,https://legendstory-production-s3-public.s3.amazonaws.com/media/cards/large/MPA142.webp
MPA143,MPA,,,,,,,,,,,,,,,,,,,,,,,,,,,,,,MPA143,https://legendstory-production-s3-public.s3.amazonaws.com/media/cards/large/MPA143.webp,,,,,,,,,MPA143,https://legendstory-production-s3-public.s3.amazonaws.com/media/cards/large/MPA143.webp,,,,,,,,,MPA143,https://legendstory-production-s3-public.s3.amazonaws.com/media/cards/large/MPA143.webp,,,,,,,MPA143,https://legendstory-production-s3-public.s3.amazonaws.com/media/cards/large/MPA143.webp,,,,,,,MPA143,https://legendstory-production-s3-public.s3.amazonaws.com/media/cards/large/MPA143.webp,,,,,,,MPA143,https://legendstory-production-s3-public.s3.amazonaws.com/media/cards/large/MPA143.webp
MPA144,MPA,,,,,,,,,,,,,,,,,,,,,,,,,,,,,,MPA144,https://legendstory-production-s3-public.s3.amazonaws.com/media/cards/large/MPA144.webp,,,,,,,,,MPA144,https://legendstory-production-s3-public.s3.amazonaws.com/media/cards/large/MPA144.webp,,,,,,,,,MPA144,https://legendstory-production-s3-public.s3.amazonaws.com/media/cards/large/MPA144.webp,,,,,,,MPA144,https://legendstory-production-s3-public.s3.amazonaws.com/media/cards/large/MPA144.webp,,,,,,,MPA144,https://legendstory-production-s3-public.s3.amazonaws.com/media/cards/large/MPA144.webp,,,,,,,MPA144,https://legendstory-production-s3-public.s3.amazonaws.com/media/cards/large/MPA144.webp
MPA145,MPA,,,,,,,,,,,,,,,,,,,,,,,,,,,,,,MPA145,https://legendstory-production-s3-public.s3.amazonaws.com/media/cards/large/MPA145.webp,,,,,,,,,MPA145,https://legendstory-production-s3-public.s3.amazonaws.com/media/cards/large/MPA145.webp,,,,,,,,,MPA145,https://legendstory-production-s3-public.s3.amazonaws.com/media/cards/large/MPA145.webp,,,,,,,MPA145,https://legendstory-production-s3-public.s3.amazonaws.com/media/cards/large/MPA145.webp,,,,,,,MPA145,https://legendstory-production-s3-public.s3.amazonaws.com/media/cards/large/MPA145.webp,,,,,,,MPA145,https://legendstory-production-s3-public.s3.amazonaws.com/media/cards/large/MPA145.webp
MPA146,MPA,,,,,,,,,,,,,,,,,,,,,,,,,,,,,,MPA146,https://legendstory-production-s3-public.s3.amazonaws.com/media/cards/large/MPA146.webp,,,,,,,,,MPA146,https://legendstory-production-s3-public.s3.amazonaws.com/media/cards/large/MPA146.webp,,,,,,,,,MPA146,https://legendstory-production-s3-public.s3.amazonaws.com/media/cards/large/MPA146.webp,,,,,,,MPA146,https://legendstory-production-s3-public.s3.amazonaws.com/media/cards/large/MPA146.webp,,,,,,,MPA146,https://legendstory-production-s3-public.s3.amazonaws.com/media/cards/large/MPA146.webp,,,,,,,MPA146,https://legendstory-production-s3-public.s3.amazonaws.com/media/cards/large/MPA146.webp
MPA147,MPA,,,,,,,,,,,,,,,,,,,,,,,,,,,,,,MPA147,https://legendstory-production-s3-public.s3.amazonaws.com/media/cards/large/MPA147.webp,,,,,,,,,MPA147,https://legendstory-production-s3-public.s3.amazonaws.com/media/cards/large/MPA147.webp,,,,,,,,,MPA147,https://legendstory-production-s3-public.s3.amazonaws.com/media/cards/large/MPA147.webp,,,,,,,MPA147,https://legendstory-production-s3-public.s3.amazonaws.com/media/cards/large/MPA147.webp,,,,,,,MPA147,https://legendstory-production-s3-public.s3.amazonaws.com/media/cards/large/MPA147.webp,,,,,,,MPA147,https://legendstory-production-s3-public.s3.amazonaws.com/media/cards/large/MPA147.webp
MPA148,MPA,,,,,,,,,,,,,,,,,,,,,,,,,,,,,,MPA148,https://legendstory-production-s3-public.s3.amazonaws.com/media/cards/large/MPA148.webp,,,,,,,,,MPA148,https://legendstory-production-s3-public.s3.amazonaws.com/media/cards/large/MPA148.webp,,,,,,,,,MPA148,https://legendstory-production-s3-public.s3.amazonaws.com/media/cards/large/MPA148.webp,,,,,,,MPA148,https://legendstory-production-s3-public.s3.amazonaws.com/media/cards/large/MPA148.webp,,,,,,,MPA148,https://legendstory-production-s3-public.s3.amazonaws.com/media/cards/large/MPA148.webp,,,,,,,MPA148,https://legendstory-production-s3-public.s3.amazonaws.com/media/cards/large/MPA148.webp
MPA149,MPA,,,,,,,,,,,,,,,,,,,,,,,,,,,,,,MPA149,https://legendstory-production-s3-public.s3.amazonaws.com/media/cards/large/MPA149.webp,,,,,,,,,MPA149,https://legendstory-production-s3-public.s3.amazonaws.com/media/cards/large/MPA149.webp,,,,,,,,,MPA149,https://legendstory-production-s3-public.s3.amazonaws.com/media/cards/large/MPA149.webp,,,,,,,MPA149,https://legendstory-production-s3-public.s3.amazonaws.com/media/cards/large/MPA149.webp,,,,,,,MPA149,https://legendstory-production-s3-public.s3.amazonaws.com/media/cards/large/MPA149.webp,,,,,,,MPA149,https://legendstory-production-s3-public.s3.amazonaws.com/media/cards/large/MPA149.webp
MPA150,MPA,,,,,,,,,,,,,,,,,,,,,,,,,,,,,,MPA150,https://legendstory-production-s3-public.s3.amazonaws.com/media/cards/large/MPA150.webp,,,,,,,,,MPA150,https://legendstory-production-s3-public.s3.amazonaws.com/media/cards/large/MPA150.webp,,,,,,,,,MPA150,https://legendstory-production-s3-public.s3.amazonaws.com/media/cards/large/MPA150.webp,,,,,,,MPA150,https://legendstory-production-s3-public.s3.amazonaws.com/media/cards/large/MPA150.webp,,,,,,,MPA150,https://legendstory-production-s3-public.s3.amazonaws.com/media/cards/large/MPA150.webp,,,,,,,MPA150,https://legendstory-production-s3-public.s3.amazonaws.com/media/cards/large/MPA150.webp
MPA151,MPA,,,,,,,,,,,,,,,,,,,,,,,,,,,,,,MPA151,https://legendstory-production-s3-public.s3.amazonaws.com/media/cards/large/MPA151.webp,,,,,,,,,MPA151,https://legendstory-production-s3-public.s3.amazonaws.com/media/cards/large/MPA151.webp,,,,,,,,,MPA151,https://legendstory-production-s3-public.s3.amazonaws.com/media/cards/large/MPA151.webp,,,,,,,MPA151,https://legendstory-production-s3-public.s3.amazonaws.com/media/cards/large/MPA151.webp,,,,,,,MPA151,https://legendstory-production-s3-public.s3.amazonaws.com/media/cards/large/MPA151.webp,,,,,,,MPA151,https://legendstory-production-s3-public.s3.amazonaws.com/media/cards/large/MPA151.webp
MPA152,MPA,,,,,,,,,,,,,,,,,,,,,,,,,,,,,,MPA152,https://legendstory-production-s3-public.s3.amazonaws.com/media/cards/large/MPA152.webp,,,,,,,,,MPA152,https://legendstory-production-s3-public.s3.amazonaws.com/media/cards/large/MPA152.webp,,,,,,,,,MPA152,https://legendstory-production-s3-public.s3.amazonaws.com/media/cards/large/MPA152.webp,,,,,,,MPA152,https://legendstory-production-s3-public.s3.amazonaws.com/media/cards/large/MPA152.webp,,,,,,,MPA152,https://legendstory-production-s3-public.s3.amazonaws.com/media/cards/large/MPA152.webp,,,,,,,MPA152,https://legendstory-production-s3-public.s3.amazonaws.com/media/cards/large/MPA152.webp
MPA153,MPA,,,,,,,,,,,,,,,,,,,,,,,,,,,,,,MPA153,https://legendstory-production-s3-public.s3.amazonaws.com/media/cards/large/MPA153.webp,,,,,,,,,MPA153,https://legendstory-production-s3-public.s3.amazonaws.com/media/cards/large/MPA153.webp,,,,,,,,,MPA153,https://legendstory-production-s3-public.s3.amazonaws.com/media/cards/large/MPA153.webp,,,,,,,MPA153,https://legendstory-production-s3-public.s3.amazonaws.com/media/cards/large/MPA153.webp,,,,,,,MPA153,https://legendstory-production-s3-public.s3.amazonaws.com/media/cards/large/MPA153.webp,,,,,,,MPA153,https://legendstory-production-s3-public.s3.amazonaws.com/media/cards/large/MPA153.webp
MPA154,MPA,,,,,,,,,,,,,,,,,,,,,,,,,,,,,,MPA154,https://legendstory-production-s3-public.s3.amazonaws.com/media/cards/large/MPA154.webp,,,,,,,,,MPA154,https://legendstory-production-s3-public.s3.amazonaws.com/media/cards/large/MPA154.webp,,,,,,,,,MPA154,https://legendstory-production-s3-public.s3.amazonaws.com/media/cards/large/MPA154.webp,,,,,,,MPA154,https://legendstory-production-s3-public.s3.amazonaws.com/media/cards/large/MPA154.webp,,,,,,,MPA154,https://legendstory-production-s3-public.s3.amazonaws.com/media/cards/large/MPA154.webp,,,,,,,MPA154,https://legendstory-production-s3-public.s3.amazonaws.com/media/cards/large/MPA154.webp
MPA155,MPA,,,,,,,,,,,,,,,,,,,,,,,,,,,,,,MPA155,https://legendstory-production-s3-public.s3.amazonaws.com/media/cards/large/MPA155.webp,,,,,,,,,MPA155,https://legendstory-production-s3-public.s3.amazonaws.com/media/cards/large/MPA155.webp,,,,,,,,,MPA155,https://legendstory-production-s3-public.s3.amazonaws.com/media/cards/large/MPA155.webp,,,,,,,MPA155,https://legendstory-production-s3-public.s3.amazonaws.com/media/cards/large/MPA155.webp,,,,,,,MPA155,https://legendstory-production-s3-public.s3.amazonaws.com/media/cards/large/MPA155.webp,,,,,,,MPA155,https://legendstory-production-s3-public.s3.amazonaws.com/media/cards/large/MPA155.webp
MPA156,MPA,,,,,,,,,,,,,,,,,,,,,,,,,,,,,,MPA156,https://legendstory-production-s3-public.s3.amazonaws.com/media/cards/large/MPA156.webp,,,,,,,,,MPA156,https://legendstory-production-s3-public.s3.amazonaws.com/media/cards/large/MPA156.webp,,,,,,,,,MPA156,https://legendstory-production-s3-public.s3.amazonaws.com/media/cards/large/MPA156.webp,,,,,,,MPA156,https://legendstory-production-s3-public.s3.amazonaws.com/media/cards/large/MPA156.webp,,,,,,,MPA156,https://legendstory-production-s3-public.s3.amazonaws.com/media/cards/large/MPA156.webp,,,,,,,MPA156,https://legendstory-production-s3-public.s3.amazonaws.com/media/cards/large/MPA156.webp
MPA157,MPA,,,,,,,,,,,,,,,,,,,,,,,,,,,,,,MPA157,https://legendstory-production-s3-public.s3.amazonaws.com/media/cards/large/MPA157.webp,,,,,,,,,MPA157,https://legendstory-production-s3-public.s3.amazonaws.com/media/cards/large/MPA157.webp,,,,,,,,,MPA157,https://legendstory-production-s3-public.s3.amazonaws.com/media/cards/large/MPA157.webp,,,,,,,MPA157,https://legendstory-production-s3-public.s3.amazonaws.com/media/cards/large/MPA157.webp,,,,,,,MPA157,https://legendstory-production-s3-public.s3.amazonaws.com/media/cards/large/MPA157.webp,,,,,,,MPA157,https://legendstory-production-s3-public.s3.amazonaws.com/media/cards/large/MPA157.webp
MPA158,MPA,,,,,,,,,,,,,,,,,,,,,,,,,,,,,,MPA158,https://legendstory-production-s3-public.s3.amazonaws.com/media/cards/large/MPA158.webp,,,,,,,,,MPA158,https://legendstory-production-s3-public.s3.amazonaws.com/media/cards/large/MPA158.webp,,,,,,,,,MPA158,https://legendstory-production-s3-public.s3.amazonaws.com/media/cards/large/MPA158.webp,,,,,,,MPA158,https://legendstory-production-s3-public.s3.amazonaws.com/media/cards/large/MPA158.webp,,,,,,,MPA158,https://legendstory-production-s3-public.s3.amazonaws.com/media/cards/large/MPA158.webp,,,,,,,MPA158,https://legendstory-production-s3-public.s3.amazonaws.com/media/cards/large/MPA158.webp
MPA159,MPA,,,,,,,,,,,,,,,,,,,,,,,,,,,,,,MPA159,https://legendstory-production-s3-public.s3.amazonaws.com/media/cards/large/MPA159.webp,,,,,,,,,MPA159,https://legendstory-production-s3-public.s3.amazonaws.com/media/cards/large/MPA159.webp,,,,,,,,,MPA159,https://legendstory-production-s3-public.s3.amazonaws.com/media/cards/large/MPA159.webp,,,,,,,MPA159,https://legendstory-production-s3-public.s3.amazonaws.com/media/cards/large/MPA159.webp,,,,,,,MPA159,https://legendstory-production-s3-public.s3.amazonaws.com/media/cards/large/MPA159.webp,,,,,,,MPA159,https://legendstory-production-s3-public.s3.amazonaws.com/media/cards/large/MPA159.webp
MPA160,MPA,,,,,,,,,,,,,,,,,,,,,,,,,,,,,,MPA160,https://legendstory-production-s3-public.s3.amazonaws.com/media/cards/large/MPA160.webp,,,,,,,,,MPA160,https://legendstory-production-s3-public.s3.amazonaws.com/media/cards/large/MPA160.webp,,,,,,,,,MPA160,https://legendstory-production-s3-public.s3.amazonaws.com/media/cards/large/MPA160.webp,,,,,,,MPA160,https://legendstory-production-s3-public.s3.amazonaws.com/media/cards/large/MPA160.webp,,,,,,,MPA160,https://legendstory-production-s3-public.s3.amazonaws.com/media/cards/large/MPA160.webp,,,,,,,MPA160,https://legendstory-production-s3-public.s3.amazonaws.com/media/cards/large/MPA160.webp
MPA161,MPA,,,,,,,,,,,,,,,,,,,,,,,,,,,,,,MPA161,https://legendstory-production-s3-public.s3.amazonaws.com/media/cards/large/MPA161.webp,,,,,,,,,MPA161,https://legendstory-production-s3-public.s3.amazonaws.com/media/cards/large/MPA161.webp,,,,,,,,,MPA161,https://legendstory-production-s3-public.s3.amazonaws.com/media/cards/large/MPA161.webp,,,,,,,MPA161,https://legendstory-production-s3-public.s3.amazonaws.com/media/cards/large/MPA161.webp,,,,,,,MPA161,https://legendstory-production-s3-public.s3.amazonaws.com/media/cards/large/MPA161.webp,,,,,,,MPA161,https://legendstory-production-s3-public.s3.amazonaws.com/media/cards/large/MPA161.webp
MPA162,MPA,,,,,,,,,,,,,,,,,,,,,,,,,,,,,,MPA162,https://legendstory-production-s3-public.s3.amazonaws.com/media/cards/large/MPA162.webp,,,,,,,,,MPA162,https://legendstory-production-s3-public.s3.amazonaws.com/media/cards/large/MPA162.webp,,,,,,,,,MPA162,https://legendstory-production-s3-public.s3.amazonaws.com/media/cards/large/MPA162.webp,,,,,,,MPA162,https://legendstory-production-s3-public.s3.amazonaws.com/media/cards/large/MPA162.webp,,,,,,,MPA162,https://legendstory-production-s3-public.s3.amazonaws.com/media/cards/large/MPA162.webp,,,,,,,MPA162,https://legendstory-production-s3-public.s3.amazonaws.com/media/cards/large/MPA162.webp
MPA163,MPA,,,,,,,,,,,,,,,,,,,,,,,,,,,,,,MPA163,https://legendstory-production-s3-public.s3.amazonaws.com/media/cards/large/MPA163.webp,,,,,,,,,MPA163,https://legendstory-production-s3-public.s3.amazonaws.com/media/cards/large/MPA163.webp,,,,,,,,,MPA163,https://legendstory-production-s3-public.s3.amazonaws.com/media/cards/large/MPA163.webp,,,,,,,MPA163,https://legendstory-production-s3-public.s3.amazonaws.com/media/cards/large/MPA163.webp,,,,,,,MPA163,https://legendstory-production-s3-public.s3.amazonaws.com/media/cards/large/MPA163.webp,,,,,,,MPA163,https://legendstory-production-s3-public.s3.amazonaws.com/media/cards/large/MPA163.webp
MPA164,MPA,,,,,,,,,,,,,,,,,,,,,,,,,,,,,,MPA164,https://legendstory-production-s3-public.s3.amazonaws.com/media/cards/large/MPA164.webp,,,,,,,,,MPA164,https://legendstory-production-s3-public.s3.amazonaws.com/media/cards/large/MPA164.webp,,,,,,,,,MPA164,https://legendstory-production-s3-public.s3.amazonaws.com/media/cards/large/MPA164.webp,,,,,,,MPA164,https://legendstory-production-s3-public.s3.amazonaws.com/media/cards/large/MPA164.webp,,,,,,,MPA164,https://legendstory-production-s3-public.s3.amazonaws.com/media/cards/large/MPA164.webp,,,,,,,MPA164,https://legendstory-production-s3-public.s3.amazonaws.com/media/cards/large/MPA164.webp
MPA165,MPA,,,,,,,,,,,,,,,,,,,,,,,,,,,,,,MPA165,https://legendstory-production-s3-public.s3.amazonaws.com/media/cards/large/MPA165.webp,,,,,,,,,MPA165,https://legendstory-production-s3-public.s3.amazonaws.com/media/cards/large/MPA165.webp,,,,,,,,,MPA165,https://legendstory-production-s3-public.s3.amazonaws.com/media/cards/large/MPA165.webp,,,,,,,MPA165,https://legendstory-production-s3-public.s3.amazonaws.com/media/cards/large/MPA165.webp,,,,,,,MPA165,https://legendstory-production-s3-public.s3.amazonaws.com/media/cards/large/MPA165.webp,,,,,,,MPA165,https://legendstory-production-s3-public.s3.amazonaws.com/media/cards/large/MPA165.webp
MPA166,MPA,,,,,,,,,,,,,,,,,,,,,,,,,,,,,,MPA166,https://legendstory-production-s3-public.s3.amazonaws.com/media/cards/large/MPA166.webp,,,,,,,,,MPA166,https://legendstory-production-s3-public.s3.amazonaws.com/media/cards/large/MPA166.webp,,,,,,,,,MPA166,https://legendstory-production-s3-public.s3.amazonaws.com/media/cards/large/MPA166.webp,,,,,,,MPA166,https://legendstory-production-s3-public.s3.amazonaws.com/media/cards/large/MPA166.webp,,,,,,,MPA166,https://legendstory-production-s3-public.s3.amazonaws.com/media/cards/large/MPA166.webp,,,,,,,MPA166,https://legendstory-production-s3-public.s3.amazonaws.com/media/cards/large/MPA166.webp
MPA167,MPA,,,,,,,,,,,,,,,,,,,,,,,,,,,,,,MPA167,https://legendstory-production-s3-public.s3.amazonaws.com/media/cards/large/MPA167.webp,,,,,,,,,MPA167,https://legendstory-production-s3-public.s3.amazonaws.com/media/cards/large/MPA167.webp,,,,,,,,,MPA167,https://legendstory-production-s3-public.s3.amazonaws.com/media/cards/large/MPA167.webp,,,,,,,MPA167,https://legendstory-production-s3-public.s3.amazonaws.com/media/cards/large/MPA167.webp,,,,,,,MPA167,https://legendstory-production-s3-public.s3.amazonaws.com/media/cards/large/MPA167.webp,,,,,,,MPA167,https://legendstory-production-s3-public.s3.amazonaws.com/media/cards/large/MPA167.webp
MPA168,MPA,,,,,,,,,,,,,,,,,,,,,,,,,,,,,,MPA168,https://legendstory-production-s3-public.s3.amazonaws.com/media/cards/large/MPA168.webp,,,,,,,,,MPA168,https://legendstory-production-s3-public.s3.amazonaws.com/media/cards/large/MPA168.webp,,,,,,,,,MPA168,https://legendstory-production-s3-public.s3.amazonaws.com/media/cards/large/MPA168.webp,,,,,,,MPA168,https://legendstory-production-s3-public.s3.amazonaws.com/media/cards/large/MPA168.webp,,,,,,,MPA168,https://legendstory-production-s3-public.s3.amazonaws.com/media/cards/large/MPA168.webp,,,,,,,MPA168,https://legendstory-production-s3-public.s3.amazonaws.com/media/cards/large/MPA168.webp
MPA169,MPA,,,,,,,,,,,,,,,,,,,,,,,,,,,,,,MPA169,https://legendstory-production-s3-public.s3.amazonaws.com/media/cards/large/MPA169.webp,,,,,,,,,MPA169,https://legendstory-production-s3-public.s3.amazonaws.com/media/cards/large/MPA169.webp,,,,,,,,,MPA169,https://legendstory-production-s3-public.s3.amazonaws.com/media/cards/large/MPA169.webp,,,,,,,MPA169,https://legendstory-production-s3-public.s3.amazonaws.com/media/cards/large/MPA169.webp,,,,,,,MPA169,https://legendstory-production-s3-public.s3.amazonaws.com/media/cards/large/MPA169.webp,,,,,,,MPA169,https://legendstory-production-s3-public.s3.amazonaws.com/media/cards/large/MPA169.webp
MPA170,MPA,,,,,,,,,,,,,,,,,,,,,,,,,,,,,,MPA170,https://legendstory-production-s3-public.s3.amazonaws.com/media/cards/large/MPA170.webp,,,,,,,,,MPA170,https://legendstory-production-s3-public.s3.amazonaws.com/media/cards/large/MPA170.webp,,,,,,,,,MPA170,https://legendstory-production-s3-public.s3.amazonaws.com/media/cards/large/MPA170.webp,,,,,,,MPA170,https://legendstory-production-s3-public.s3.amazonaws.com/media/cards/large/MPA170.webp,,,,,,,MPA170,https://legendstory-production-s3-public.s3.amazonaws.com/media/cards/large/MPA170.webp,,,,,,,MPA170,https://legendstory-production-s3-public.s3.amazonaws.com/media/cards/large/MPA170.webp
MPA171,MPA,,,,,,,,,,,,,,,,,,,,,,,,,,,,,,MPA171,https://legendstory-production-s3-public.s3.amazonaws.com/media/cards/large/MPA171.webp,,,,,,,,,MPA171,https://legendstory-production-s3-public.s3.amazonaws.com/media/cards/large/MPA171.webp,,,,,,,,,MPA171,https://legendstory-production-s3-public.s3.amazonaws.com/media/cards/large/MPA171.webp,,,,,,,MPA171,https://legendstory-production-s3-public.s3.amazonaws.com/media/cards/large/MPA171.webp,,,,,,,MPA171,https://legendstory-production-s3-public.s3.amazonaws.com/media/cards/large/MPA171.webp,,,,,,,MPA171,https://legendstory-production-s3-public.s3.amazonaws.com/media/cards/large/MPA171.webp
MPA172,MPA,,,,,,,,,,,,,,,,,,,,,,,,,,,,,,MPA172,https://legendstory-production-s3-public.s3.amazonaws.com/media/cards/large/MPA172.webp,,,,,,,,,MPA172,https://legendstory-production-s3-public.s3.amazonaws.com/media/cards/large/MPA172.webp,,,,,,,,,MPA172,https://legendstory-production-s3-public.s3.amazonaws.com/media/cards/large/MPA172.webp,,,,,,,MPA172,https://legendstory-production-s3-public.s3.amazonaws.com/media/cards/large/MPA172.webp,,,,,,,MPA172,https://legendstory-production-s3-public.s3.amazonaws.com/media/cards/large/MPA172.webp,,,,,,,MPA172,https://legendstory-production-s3-public.s3.amazonaws.com/media/cards/large/MPA172.webp
MPA173,MPA,,,,,,,,,,,,,,,,,,,,,,,,,,,,,,MPA173,https://legendstory-production-s3-public.s3.amazonaws.com/media/cards/large/MPA173.webp,,,,,,,,,MPA173,https://legendstory-production-s3-public.s3.amazonaws.com/media/cards/large/MPA173.webp,,,,,,,,,MPA173,https://legendstory-production-s3-public.s3.amazonaws.com/media/cards/large/MPA173.webp,,,,,,,MPA173,https://legendstory-production-s3-public.s3.amazonaws.com/media/cards/large/MPA173.webp,,,,,,,MPA173,https://legendstory-production-s3-public.s3.amazonaws.com/media/cards/large/MPA173.webp,,,,,,,MPA173,https://legendstory-production-s3-public.s3.amazonaws.com/media/cards/large/MPA173.webp
MPA174,MPA,,,,,,,,,,,,,,,,,,,,,,,,,,,,,,MPA174,https://legendstory-production-s3-public.s3.amazonaws.com/media/cards/large/MPA174.webp,,,,,,,,,MPA174,https://legendstory-production-s3-public.s3.amazonaws.com/media/cards/large/MPA174.webp,,,,,,,,,MPA174,https://legendstory-production-s3-public.s3.amazonaws.com/media/cards/large/MPA174.webp,,,,,,,MPA174,https://legendstory-production-s3-public.s3.amazonaws.com/media/cards/large/MPA174.webp,,,,,,,MPA174,https://legendstory-production-s3-public.s3.amazonaws.com/media/cards/large/MPA174.webp,,,,,,,MPA174,https://legendstory-production-s3-public.s3.amazonaws.com/media/cards/large/MPA174.webp
MPA175,MPA,,,,,,,,,,,,,,,,,,,,,,,,,,,,,,MPA175,https://legendstory-production-s3-public.s3.amazonaws.com/media/cards/large/MPA175.webp,,,,,,,,,MPA175,https://legendstory-production-s3-public.s3.amazonaws.com/media/cards/large/MPA175.webp,,,,,,,,,MPA175,https://legendstory-production-s3-public.s3.amazonaws.com/media/cards/large/MPA175.webp,,,,,,,MPA175,https://legendstory-production-s3-public.s3.amazonaws.com/media/cards/large/MPA175.webp,,,,,,,MPA175,https://legendstory-production-s3-public.s3.amazonaws.com/media/cards/large/MPA175.webp,,,,,,,MPA175,https://legendstory-production-s3-public.s3.amazonaws.com/media/cards/large/MPA175.webp
MPA176,MPA,,,,,,,,,,,,,,,,,,,,,,,,,,,,,,MPA176,https://legendstory-production-s3-public.s3.amazonaws.com/media/cards/large/MPA176.webp,,,,,,,,,MPA176,https://legendstory-production-s3-public.s3.amazonaws.com/media/cards/large/MPA176.webp,,,,,,,,,MPA176,https://legendstory-production-s3-public.s3.amazonaws.com/media/cards/large/MPA176.webp,,,,,,,MPA176,https://legendstory-production-s3-public.s3.amazonaws.com/media/cards/large/MPA176.webp,,,,,,,MPA176,https://legendstory-production-s3-public.s3.amazonaws.com/media/cards/large/MPA176.webp,,,,,,,MPA176,https://legendstory-production-s3-public.s3.amazonaws.com/media/cards/large/MPA176.webp
MPA177,MPA,,,,,,,,,,,,,,,,,,,,,,,,,,,,,,MPA177,https://legendstory-production-s3-public.s3.amazonaws.com/media/cards/large/MPA177.webp,,,,,,,,,MPA177,https://legendstory-production-s3-public.s3.amazonaws.com/media/cards/large/MPA177.webp,,,,,,,,,MPA177,https://legendstory-production-s3-public.s3.amazonaws.com/media/cards/large/MPA177.webp,,,,,,,MPA177,https://legendstory-production-s3-public.s3.amazonaws.com/media/cards/large/MPA177.webp,,,,,,,MPA177,https://legendstory-production-s3-public.s3.amazonaws.com/media/cards/large/MPA177.webp,,,,,,,MPA177,https://legendstory-production-s3-public.s3.amazonaws.com/media/cards/large/MPA177.webp
MPA178,MPA,,,,,,,,,,,,,,,,,,,,,,,,,,,,,,MPA178,https://legendstory-production-s3-public.s3.amazonaws.com/media/cards/large/MPA178.webp,,,,,,,,,MPA178,https://legendstory-production-s3-public.s3.amazonaws.com/media/cards/large/MPA178.webp,,,,,,,,,MPA178,https://legendstory-production-s3-public.s3.amazonaws.com/media/cards/large/MPA178.webp,,,,,,,MPA178,https://legendstory-production-s3-public.s3.amazonaws.com/media/cards/large/MPA178.webp,,,,,,,MPA178,https://legendstory-production-s3-public.s3.amazonaws.com/media/cards/large/MPA178.webp,,,,,,,MPA178,https://legendstory-production-s3-public.s3.amazonaws.com/media/cards/large/MPA178.webp
MPA179,MPA,,,,,,,,,,,,,,,,,,,,,,,,,,,,,,MPA179,https://legendstory-production-s3-public.s3.amazonaws.com/media/cards/large/MPA179.webp,,,,,,,,,MPA179,https://legendstory-production-s3-public.s3.amazonaws.com/media/cards/large/MPA179.webp,,,,,,,,,MPA179,https://legendstory-production-s3-public.s3.amazonaws.com/media/cards/large/MPA179.webp,,,,,,,MPA179,https://legendstory-production-s3-public.s3.amazonaws.com/media/cards/large/MPA179.webp,,,,,,,MPA179,https://legendstory-production-s3-public.s3.amazonaws.com/media/cards/large/MPA179.webp,,,,,,,MPA179,https://legendstory-production-s3-public.s3.amazonaws.com/media/cards/large/MPA179.webp
MPA180,MPA,,,,,,,,,,,,,,,,,,,,,,,,,,,,,,MPA180,https://legendstory-production-s3-public.s3.amazonaws.com/media/cards/large/MPA180.webp,,,,,,,,,MPA180,https://legendstory-production-s3-public.s3.amazonaws.com/media/cards/large/MPA180.webp,,,,,,,,,MPA180,https://legendstory-production-s3-public.s3.amazonaws.com/media/cards/large/MPA180.webp,,,,,,,MPA180,https://legendstory-production-s3-public.s3.amazonaws.com/media/cards/large/MPA180.webp,,,,,,,MPA180,https://legendstory-production-s3-public.s3.amazonaws.com/media/cards/large/MPA180.webp,,,,,,,MPA180,https://legendstory-production-s3-public.s3.amazonaws.com/media/cards/large/MPA180.webp
MPA181,MPA,,,,,,,,,,,,,,,,,,,,,,,,,,,,,,MPA181,https://legendstory-production-s3-public.s3.amazonaws.com/media/cards/large/MPA181.webp,,,,,,,,,MPA181,https://legendstory-production-s3-public.s3.amazonaws.com/media/cards/large/MPA181.webp,,,,,,,,,MPA181,https://legendstory-production-s3-public.s3.amazonaws.com/media/cards/large/MPA181.webp,,,,,,,MPA181,https://legendstory-production-s3-public.s3.amazonaws.com/media/cards/large/MPA181.webp,,,,,,,MPA181,https://legendstory-production-s3-public.s3.amazonaws.com/media/cards/large/MPA181.webp,,,,,,,MPA181,https://legendstory-production-s3-public.s3.amazonaws.com/media/cards/large/MPA181.webp
MPA182,MPA,,,,,,,,,,,,,,,,,,,,,,,,,,,,,,MPA182,https://legendstory-production-s3-public.s3.amazonaws.com/media/cards/large/MPA182.webp,,,,,,,,,MPA182,https://legendstory-production-s3-public.s3.amazonaws.com/media/cards/large/MPA182.webp,,,,,,,,,MPA182,https://legendstory-production-s3-public.s3.amazonaws.com/media/cards/large/MPA182.webp,,,,,,,MPA182,https://legendstory-production-s3-public.s3.amazonaws.com/media/cards/large/MPA182.webp,,,,,,,MPA182,https://legendstory-production-s3-public.s3.amazonaws.com/media/cards/large/MPA182.webp,,,,,,,MPA182,https://legendstory-production-s3-public.s3.amazonaws.com/media/cards/large/MPA182.webp
MPA183,MPA,,,,,,,,,,,,,,,,,,,,,,,,,,,,,,MPA183,https://legendstory-production-s3-public.s3.amazonaws.com/media/cards/large/MPA183.webp,,,,,,,,,MPA183,https://legendstory-production-s3-public.s3.amazonaws.com/media/cards/large/MPA183.webp,,,,,,,,,MPA183,https://legendstory-production-s3-public.s3.amazonaws.com/media/cards/large/MPA183.webp,,,,,,,MPA183,https://legendstory-production-s3-public.s3.amazonaws.com/media/cards/large/MPA183.webp,,,,,,,MPA183,https://legendstory-production-s3-public.s3.amazonaws.com/media/cards/large/MPA183.webp,,,,,,,MPA183,https://legendstory-production-s3-public.s3.amazonaws.com/media/cards/large/MPA183.webp
MPA184,MPA,,,,,,,,,,,,,,,,,,,,,,,,,,,,,,MPA184,https://legendstory-production-s3-public.s3.amazonaws.com/media/cards/large/MPA184.webp,,,,,,,,,MPA184,https://legendstory-production-s3-public.s3.amazonaws.com/media/cards/large/MPA184.webp,,,,,,,,,MPA184,https://legendstory-production-s3-public.s3.amazonaws.com/media/cards/large/MPA184.webp,,,,,,,MPA184,https://legendstory-production-s3-public.s3.amazonaws.com/media/cards/large/MPA184.webp,,,,,,,MPA184,https://legendstory-production-s3-public.s3.amazonaws.com/media/cards/large/MPA184.webp,,,,,,,MPA184,https://legendstory-production-s3-public.s3.amazonaws.com/media/cards/large/MPA184.webp
MPA185,MPA,,,,,,,,,,,,,,,,,,,,,,,,,,,,,,MPA185,https://legendstory-production-s3-public.s3.amazonaws.com/media/cards/large/MPA185.webp,,,,,,,,,MPA185,https://legendstory-production-s3-public.s3.amazonaws.com/media/cards/large/MPA185.webp,,,,,,,,,MPA185,https://legendstory-production-s3-public.s3.amazonaws.com/media/cards/large/MPA185.webp,,,,,,,MPA185,https://legendstory-production-s3-public.s3.amazonaws.com/media/cards/large/MPA185.webp,,,,,,,MPA185,https://legendstory-production-s3-public.s3.amazonaws.com/media/cards/large/MPA185.webp,,,,,,,MPA185,https://legendstory-production-s3-public.s3.amazonaws.com/media/cards/large/MPA185.webp
MPA186,MPA,,,,,,,,,,,,,,,,,,,,,,,,,,,,,,MPA186,https://legendstory-production-s3-public.s3.amazonaws.com/media/cards/large/MPA186.webp,,,,,,,,,MPA186,https://legendstory-production-s3-public.s3.amazonaws.com/media/cards/large/MPA186.webp,,,,,,,,,MPA186,https://legendstory-production-s3-public.s3.amazonaws.com/media/cards/large/MPA186.webp,,,,,,,MPA186,https://legendstory-production-s3-public.s3.amazonaws.com/media/cards/large/MPA186.webp,,,,,,,MPA186,https://legendstory-production-s3-public.s3.amazonaws.com/media/cards/large/MPA186.webp,,,,,,,MPA186,https://legendstory-production-s3-public.s3.amazonaws.com/media/cards/large/MPA186.webp
MPA187,MPA,,,,,,,,,,,,,,,,,,,,,,,,,,,,,,MPA187,https://legendstory-production-s3-public.s3.amazonaws.com/media/cards/large/MPA187.webp,,,,,,,,,MPA187,https://legendstory-production-s3-public.s3.amazonaws.com/media/cards/large/MPA187.webp,,,,,,,,,MPA187,https://legendstory-production-s3-public.s3.amazonaws.com/media/cards/large/MPA187.webp,,,,,,,MPA187,https://legendstory-production-s3-public.s3.amazonaws.com/media/cards/large/MPA187.webp,,,,,,,MPA187,https://legendstory-production-s3-public.s3.amazonaws.com/media/cards/large/MPA187.webp,,,,,,,MPA187,https://legendstory-production-s3-public.s3.amazonaws.com/media/cards/large/MPA187.webp
MPA188,MPA,,,,,,,,,,,,,,,,,,,,,,,,,,,,,,MPA188,https://legendstory-production-s3-public.s3.amazonaws.com/media/cards/large/MPA188.webp,,,,,,,,,MPA188,https://legendstory-production-s3-public.s3.amazonaws.com/media/cards/large/MPA188.webp,,,,,,,,,MPA188,https://legendstory-production-s3-public.s3.amazonaws.com/media/cards/large/MPA188.webp,,,,,,,MPA188,https://legendstory-production-s3-public.s3.amazonaws.com/media/cards/large/MPA188.webp,,,,,,,MPA188,https://legendstory-production-s3-public.s3.amazonaws.com/media/cards/large/MPA188.webp,,,,,,,MPA188,https://legendstory-production-s3-public.s3.amazonaws.com/media/cards/large/MPA188.webp
MPA189,MPA,,,,,,,,,,,,,,,,,,,,,,,,,,,,,,MPA189,https://legendstory-production-s3-public.s3.amazonaws.com/media/cards/large/MPA189.webp,,,,,,,,,MPA189,https://legendstory-production-s3-public.s3.amazonaws.com/media/cards/large/MPA189.webp,,,,,,,,,MPA189,https://legendstory-production-s3-public.s3.amazonaws.com/media/cards/large/MPA189.webp,,,,,,,MPA189,https://legendstory-production-s3-public.s3.amazonaws.com/media/cards/large/MPA189.webp,,,,,,,MPA189,https://legendstory-production-s3-public.s3.amazonaws.com/media/cards/large/MPA189.webp,,,,,,,MPA189,https://legendstory-production-s3-public.s3.amazonaws.com/media/cards/large/MPA189.webp
MPA190,MPA,,,,,,,,,,,,,,,,,,,,,,,,,,,,,,MPA190,https://legendstory-production-s3-public.s3.amazonaws.com/media/cards/large/MPA190.webp,,,,,,,,,MPA190,https://legendstory-production-s3-public.s3.amazonaws.com/media/cards/large/MPA190.webp,,,,,,,,,MPA190,https://legendstory-production-s3-public.s3.amazonaws.com/media/cards/large/MPA190.webp,,,,,,,MPA190,https://legendstory-production-s3-public.s3.amazonaws.com/media/cards/large/MPA190.webp,,,,,,,MPA190,https://legendstory-production-s3-public.s3.amazonaws.com/media/cards/large/MPA190.webp,,,,,,,MPA190,https://legendstory-production-s3-public.s3.amazonaws.com/media/cards/large/MPA190.webp
MPA191,MPA,,,,,,,,,,,,,,,,,,,,,,,,,,,,,,MPA191,https://legendstory-production-s3-public.s3.amazonaws.com/media/cards/large/MPA191.webp,,,,,,,,,MPA191,https://legendstory-production-s3-public.s3.amazonaws.com/media/cards/large/MPA191.webp,,,,,,,,,MPA191,https://legendstory-production-s3-public.s3.amazonaws.com/media/cards/large/MPA191.webp,,,,,,,MPA191,https://legendstory-production-s3-public.s3.amazonaws.com/media/cards/large/MPA191.webp,,,,,,,MPA191,https://legendstory-production-s3-public.s3.amazonaws.com/media/cards/large/MPA191.webp,,,,,,,MPA191,https://legendstory-production-s3-public.s3.amazonaws.com/media/cards/large/MPA191.webp
MPA192,MPA,,,,,,,,,,,,,,,,,,,,,,,,,,,,,,MPA192,https://legendstory-production-s3-public.s3.amazonaws.com/media/cards/large/MPA192.webp,,,,,,,,,MPA192,https://legendstory-production-s3-public.s3.amazonaws.com/media/cards/large/MPA192.webp,,,,,,,,,MPA192,https://legendstory-production-s3-public.s3.amazonaws.com/media/cards/large/MPA192.webp,,,,,,,MPA192,https://legendstory-production-s3-public.s3.amazonaws.com/media/cards/large/MPA192.webp,,,,,,,MPA192,https://legendstory-production-s3-public.s3.amazonaws.com/media/cards/large/MPA192.webp,,,,,,,MPA192,https://legendstory-production-s3-public.s3.amazonaws.com/media/cards/large/MPA192.webp
MPA193,MPA,,,,,,,,,,,,,,,,,,,,,,,,,,,,,,MPA193,https://legendstory-production-s3-public.s3.amazonaws.com/media/cards/large/MPA193.webp,,,,,,,,,MPA193,https://legendstory-production-s3-public.s3.amazonaws.com/media/cards/large/MPA193.webp,,,,,,,,,MPA193,https://legendstory-production-s3-public.s3.amazonaws.com/media/cards/large/MPA193.webp,,,,,,,MPA193,https://legendstory-production-s3-public.s3.amazonaws.com/media/cards/large/MPA193.webp,,,,,,,MPA193,https://legendstory-production-s3-public.s3.amazonaws.com/media/cards/large/MPA193.webp,,,,,,,MPA193,https://legendstory-production-s3-public.s3.amazonaws.com/media/cards/large/MPA193.webp
MPA194,MPA,,,,,,,,,,,,,,,,,,,,,,,,,,,,,,MPA194,https://legendstory-production-s3-public.s3.amazonaws.com/media/cards/large/MPA194.webp,,,,,,,,,MPA194,https://legendstory-production-s3-public.s3.amazonaws.com/media/cards/large/MPA194.webp,,,,,,,,,MPA194,https://legendstory-production-s3-public.s3.amazonaws.com/media/cards/large/MPA194.webp,,,,,,,MPA194,https://legendstory-production-s3-public.s3.amazonaws.com/media/cards/large/MPA194.webp,,,,,,,MPA194,https://legendstory-production-s3-public.s3.amazonaws.com/media/cards/large/MPA194.webp,,,,,,,MPA194,https://legendstory-production-s3-public.s3.amazonaws.com/media/cards/large/MPA194.webp
MPA195,MPA,,,,,,,,,,,,,,,,,,,,,,,,,,,,,,MPA195,https://legendstory-production-s3-public.s3.amazonaws.com/media/cards/large/MPA195.webp,,,,,,,,,MPA195,https://legendstory-production-s3-public.s3.amazonaws.com/media/cards/large/MPA195.webp,,,,,,,,,MPA195,https://legendstory-production-s3-public.s3.amazonaws.com/media/cards/large/MPA195.webp,,,,,,,MPA195,https://legendstory-production-s3-public.s3.amazonaws.com/media/cards/large/MPA195.webp,,,,,,,MPA195,https://legendstory-production-s3-public.s3.amazonaws.com/media/cards/large/MPA195.webp,,,,,,,MPA195,https://legendstory-production-s3-public.s3.amazonaws.com/media/cards/large/MPA195.webp
MPA196,MPA,,,,,,,,,,,,,,,,,,,,,,,,,,,,,,MPA196,https://legendstory-production-s3-public.s3.amazonaws.com/media/cards/large/MPA196.webp,,,,,,,,,MPA196,https://legendstory-production-s3-public.s3.amazonaws.com/media/cards/large/MPA196.webp,,,,,,,,,MPA196,https://legendstory-production-s3-public.s3.amazonaws.com/media/cards/large/MPA196.webp,,,,,,,MPA196,https://legendstory-production-s3-public.s3.amazonaws.com/media/cards/large/MPA196.webp,,,,,,,MPA196,https://legendstory-production-s3-public.s3.amazonaws.com/media/cards/large/MPA196.webp,,,,,,,MPA196,https://legendstory-production-s3-public.s3.amazonaws.com/media/cards/large/MPA196.webp
MPA197,MPA,,,,,,,,,,,,,,,,,,,,,,,,,,,,,,MPA197,https://legendstory-production-s3-public.s3.amazonaws.com/media/cards/large/MPA197.webp,,,,,,,,,MPA197,https://legendstory-production-s3-public.s3.amazonaws.com/media/cards/large/MPA197.webp,,,,,,,,,MPA197,https://legendstory-production-s3-public.s3.amazonaws.com/media/cards/large/MPA197.webp,,,,,,,MPA197,https://legendstory-production-s3-public.s3.amazonaws.com/media/cards/large/MPA197.webp,,,,,,,MPA197,https://legendstory-production-s3-public.s3.amazonaws.com/media/cards/large/MPA197.webp,,,,,,,MPA197,https://legendstory-production-s3-public.s3.amazonaws.com/media/cards/large/MPA197.webp
MPA198,MPA,,,,,,,,,,,,,,,,,,,,,,,,,,,,,,MPA198,https://legendstory-production-s3-public.s3.amazonaws.com/media/cards/large/MPA198.webp,,,,,,,,,MPA198,https://legendstory-production-s3-public.s3.amazonaws.com/media/cards/large/MPA198.webp,,,,,,,,,MPA198,https://legendstory-production-s3-public.s3.amazonaws.com/media/cards/large/MPA198.webp,,,,,,,MPA198,https://legendstory-production-s3-public.s3.amazonaws.com/media/cards/large/MPA198.webp,,,,,,,MPA198,https://legendstory-production-s3-public.s3.amazonaws.com/media/cards/large/MPA198.webp,,,,,,,MPA198,https://legendstory-production-s3-public.s3.amazonaws.com/media/cards/large/MPA198.webp
MPA199,MPA,,,,,,,,,,,,,,,,,,,,,,,,,,,,,,MPA199,https://legendstory-production-s3-public.s3.amazonaws.com/media/cards/large/MPA199.webp,,,,,,,,,MPA199,https://legendstory-production-s3-public.s3.amazonaws.com/media/cards/large/MPA199.webp,,,,,,,,,MPA199,https://legendstory-production-s3-public.s3.amazonaws.com/media/cards/large/MPA199.webp,,,,,,,MPA199,https://legendstory-production-s3-public.s3.amazonaws.com/media/cards/large/MPA199.webp,,,,,,,MPA199,https://legendstory-production-s3-public.s3.amazonaws.com/media/cards/large/MPA199.webp,,,,,,,MPA199,https://legendstory-production-s3-public.s3.amazonaws.com/media/cards/large/MPA199.webp
MPA200,MPA,,,,,,,,,,,,,,,,,,,,,,,,,,,,,,MPA200,https://legendstory-production-s3-public.s3.amazonaws.com/media/cards/large/MPA200.webp,,,,,,,,,MPA200,https://legendstory-production-s3-public.s3.amazonaws.com/media/cards/large/MPA200.webp,,,,,,,,,MPA200,https://legendstory-production-s3-public.s3.amazonaws.com/media/cards/large/MPA200.webp,,,,,,,MPA200,https://legendstory-production-s3-public.s3.amazonaws.com/media/cards/large/MPA200.webp,,,,,,,MPA200,https://legendstory-production-s3-public.s3.amazonaws.com/media/cards/large/MPA200.webp,,,,,,,MPA200,https://legendstory-production-s3-public.s3.amazonaws.com/media/cards/large/MPA200.webp
MPA201,MPA,,,,,,,,,,,,,,,,,,,,,,,,,,,,,,MPA201,https://legendstory-production-s3-public.s3.amazonaws.com/media/cards/large/MPA201.webp,,,,,,,,,MPA201,https://legendstory-production-s3-public.s3.amazonaws.com/media/cards/large/MPA201.webp,,,,,,,,,MPA201,https://legendstory-production-s3-public.s3.amazonaws.com/media/cards/large/MPA201.webp,,,,,,,MPA201,https://legendstory-production-s3-public.s3.amazonaws.com/media/cards/large/MPA201.webp,,,,,,,MPA201,https://legendstory-production-s3-public.s3.amazonaws.com/media/cards/large/MPA201.webp,,,,,,,MPA201,https://legendstory-production-s3-public.s3.amazonaws.com/media/cards/large/MPA201.webp
MPA202,MPA,,,,,,,,,,,,,,,,,,,,,,,,,,,,,,MPA202,https://legendstory-production-s3-public.s3.amazonaws.com/media/cards/large/MPA202.webp,,,,,,,,,MPA202,https://legendstory-production-s3-public.s3.amazonaws.com/media/cards/large/MPA202.webp,,,,,,,,,MPA202,https://legendstory-production-s3-public.s3.amazonaws.com/media/cards/large/MPA202.webp,,,,,,,MPA202,https://legendstory-production-s3-public.s3.amazonaws.com/media/cards/large/MPA202.webp,,,,,,,MPA202,https://legendstory-production-s3-public.s3.amazonaws.com/media/cards/large/MPA202.webp,,,,,,,MPA202,https://legendstory-production-s3-public.s3.amazonaws.com/media/cards/large/MPA202.webp
MPA203,MPA,,,,,,,,,,,,,,,,,,,,,,,,,,,,,,MPA203,https://legendstory-production-s3-public.s3.amazonaws.com/media/cards/large/MPA203.webp,,,,,,,,,MPA203,https://legendstory-production-s3-public.s3.amazonaws.com/media/cards/large/MPA203.webp,,,,,,,,,MPA203,https://legendstory-production-s3-public.s3.amazonaws.com/media/cards/large/MPA203.webp,,,,,,,MPA203,https://legendstory-production-s3-public.s3.amazonaws.com/media/cards/large/MPA203.webp,,,,,,,MPA203,https://legendstory-production-s3-public.s3.amazonaws.com/media/cards/large/MPA203.webp,,,,,,,MPA203,https://legendstory-production-s3-public.s3.amazonaws.com/media/cards/large/MPA203.webp
MPA204,MPA,,,,,,,,,,,,,,,,,,,,,,,,,,,,,,MPA204,https://legendstory-production-s3-public.s3.amazonaws.com/media/cards/large/MPA204.webp,,,,,,,,,MPA204,https://legendstory-production-s3-public.s3.amazonaws.com/media/cards/large/MPA204.webp,,,,,,,,,MPA204,https://legendstory-production-s3-public.s3.amazonaws.com/media/cards/large/MPA204.webp,,,,,,,MPA204,https://legendstory-production-s3-public.s3.amazonaws.com/media/cards/large/MPA204.webp,,,,,,,MPA204,https://legendstory-production-s3-public.s3.amazonaws.com/media/cards/large/MPA204.webp,,,,,,,MPA204,https://legendstory-production-s3-public.s3.amazonaws.com/media/cards/large/MPA204.webp
MPA205,MPA,,,,,,,,,,,,,,,,,,,,,,,,,,,,,,MPA205,https://legendstory-production-s3-public.s3.amazonaws.com/media/cards/large/MPA205.webp,,,,,,,,,MPA205,https://legendstory-production-s3-public.s3.amazonaws.com/media/cards/large/MPA205.webp,,,,,,,,,MPA205,https://legendstory-production-s3-public.s3.amazonaws.com/media/cards/large/MPA205.webp,,,,,,,MPA205,https://legendstory-production-s3-public.s3.amazonaws.com/media/cards/large/MPA205.webp,,,,,,,MPA205,https://legendstory-production-s3-public.s3.amazonaws.com/media/cards/large/MPA205.webp,,,,,,,MPA205,https://legendstory-production-s3-public.s3.amazonaws.com/media/cards/large/MPA205.webp
MPA206,MPA,,,,,,,,,,,,,,,,,,,,,,,,,,,,,,MPA206,https://legendstory-production-s3-public.s3.amazonaws.com/media/cards/large/MPA206.webp,,,,,,,,,MPA206,https://legendstory-production-s3-public.s3.amazonaws.com/media/cards/large/MPA206.webp,,,,,,,,,MPA206,https://legendstory-production-s3-public.s3.amazonaws.com/media/cards/large/MPA206.webp,,,,,,,MPA206,https://legendstory-production-s3-public.s3.amazonaws.com/media/cards/large/MPA206.webp,,,,,,,MPA206,https://legendstory-production-s3-public.s3.amazonaws.com/media/cards/large/MPA206.webp,,,,,,,MPA206,https://legendstory-production-s3-public.s3.amazonaws.com/media/cards/large/MPA206.webp
MPA207,MPA,,,,,,,,,,,,,,,,,,,,,,,,,,,,,,MPA207,https://legendstory-production-s3-public.s3.amazonaws.com/media/cards/large/MPA207.webp,,,,,,,,,MPA207,https://legendstory-production-s3-public.s3.amazonaws.com/media/cards/large/MPA207.webp,,,,,,,,,MPA207,https://legendstory-production-s3-public.s3.amazonaws.com/media/cards/large/MPA207.webp,,,,,,,MPA207,https://legendstory-production-s3-public.s3.amazonaws.com/media/cards/large/MPA207.webp,,,,,,,MPA207,https://legendstory-production-s3-public.s3.amazonaws.com/media/cards/large/MPA207.webp,,,,,,,MPA207,https://legendstory-production-s3-public.s3.amazonaws.com/media/cards/large/MPA207.webp
MPA208,MPA,,,,,,,,,,,,,,,,,,,,,,,,,,,,,,MPA208,https://legendstory-production-s3-public.s3.amazonaws.com/media/cards/large/MPA208.webp,,,,,,,,,MPA208,https://legendstory-production-s3-public.s3.amazonaws.com/media/cards/large/MPA208.webp,,,,,,,,,MPA208,https://legendstory-production-s3-public.s3.amazonaws.com/media/cards/large/MPA208.webp,,,,,,,MPA208,https://legendstory-production-s3-public.s3.amazonaws.com/media/cards/large/MPA208.webp,,,,,,,MPA208,https://legendstory-production-s3-public.s3.amazonaws.com/media/cards/large/MPA208.webp,,,,,,,MPA208,https://legendstory-production-s3-public.s3.amazonaws.com/media/cards/large/MPA208.webp
MPA209,MPA,,,,,,,,,,,,,,,,,,,,,,,,,,,,,,MPA209,https://legendstory-production-s3-public.s3.amazonaws.com/media/cards/large/MPA209.webp,,,,,,,,,MPA209,https://legendstory-production-s3-public.s3.amazonaws.com/media/cards/large/MPA209.webp,,,,,,,,,MPA209,https://legendstory-production-s3-public.s3.amazonaws.com/media/cards/large/MPA209.webp,,,,,,,MPA209,https://legendstory-production-s3-public.s3.amazonaws.com/media/cards/large/MPA209.webp,,,,,,,MPA209,https://legendstory-production-s3-public.s3.amazonaws.com/media/cards/large/MPA209.webp,,,,,,,MPA209,https://legendstory-production-s3-public.s3.amazonaws.com/media/cards/large/MPA209.webp
MPA210,MPA,,,,,,,,,,,,,,,,,,,,,,,,,,,,,,MPA210,https://legendstory-production-s3-public.s3.amazonaws.com/media/cards/large/MPA210.webp,,,,,,,,,MPA210,https://legendstory-production-s3-public.s3.amazonaws.com/media/cards/large/MPA210.webp,,,,,,,,,MPA210,https://legendstory-production-s3-public.s3.amazonaws.com/media/cards/large/MPA210.webp,,,,,,,MPA210,https://legendstory-production-s3-public.s3.amazonaws.com/media/cards/large/MPA210.webp,,,,,,,MPA210,https://legendstory-production-s3-public.s3.amazonaws.com/media/cards/large/MPA210.webp,,,,,,,MPA210,https://legendstory-production-s3-public.s3.amazonaws.com/media/cards/large/MPA210.webp
MPA211,MPA,,,,,,,,,,,,,,,,,,,,,,,,,,,,,,MPA211,https://legendstory-production-s3-public.s3.amazonaws.com/media/cards/large/MPA211.webp,,,,,,,,,MPA211,https://legendstory-production-s3-public.s3.amazonaws.com/media/cards/large/MPA211.webp,,,,,,,,,MPA211,https://legendstory-production-s3-public.s3.amazonaws.com/media/cards/large/MPA211.webp,,,,,,,MPA211,https://legendstory-production-s3-public.s3.amazonaws.com/media/cards/large/MPA211.webp,,,,,,,MPA211,https://legendstory-production-s3-public.s3.amazonaws.com/media/cards/large/MPA211.webp,,,,,,,MPA211,https://legendstory-production-s3-public.s3.amazonaws.com/media/cards/large/MPA211.webp
MPA212,MPA,,,,,,,,,,,,,,,,,,,,,,,,,,,,,,MPA212,https://legendstory-production-s3-public.s3.amazonaws.com/media/cards/large/MPA212.webp,,,,,,,,,MPA212,https://legendstory-production-s3-public.s3.amazonaws.com/media/cards/large/MPA212.webp,,,,,,,,,MPA212,https://legendstory-production-s3-public.s3.amazonaws.com/media/cards/large/MPA212.webp,,,,,,,MPA212,https://legendstory-production-s3-public.s3.amazonaws.com/media/cards/large/MPA212.webp,,,,,,,MPA212,https://legendstory-production-s3-public.s3.amazonaws.com/media/cards/large/MPA212.webp,,,,,,,MPA212,https://legendstory-production-s3-public.s3.amazonaws.com/media/cards/large/MPA212.webp
MPA213,MPA,,,,,,,,,,,,,,,,,,,,,,,,,,,,,,MPA213,https://legendstory-production-s3-public.s3.amazonaws.com/media/cards/large/MPA213.webp,,,,,,,,,MPA213,https://legendstory-production-s3-public.s3.amazonaws.com/media/cards/large/MPA213.webp,,,,,,,,,MPA213,https://legendstory-production-s3-public.s3.amazonaws.com/media/cards/large/MPA213.webp,,,,,,,MPA213,https://legendstory-production-s3-public.s3.amazonaws.com/media/cards/large/MPA213.webp,,,,,,,MPA213,https://legendstory-production-s3-public.s3.amazonaws.com/media/cards/large/MPA213.webp,,,,,,,MPA213,https://legendstory-production-s3-public.s3.amazonaws.com/media/cards/large/MPA213.webp
MPA214,MPA,,,,,,,,,,,,,,,,,,,,,,,,,,,,,,MPA214,https://legendstory-production-s3-public.s3.amazonaws.com/media/cards/large/MPA214.webp,,,,,,,,,MPA214,https://legendstory-production-s3-public.s3.amazonaws.com/media/cards/large/MPA214.webp,,,,,,,,,MPA214,https://legendstory-production-s3-public.s3.amazonaws.com/media/cards/large/MPA214.webp,,,,,,,MPA214,https://legendstory-production-s3-public.s3.amazonaws.com/media/cards/large/MPA214.webp,,,,,,,MPA214,https://legendstory-production-s3-public.s3.amazonaws.com/media/cards/large/MPA214.webp,,,,,,,MPA214,https://legendstory-production-s3-public.s3.amazonaws.com/media/cards/large/MPA214.webp
MPA215,MPA,,,,,,,,,,,,,,,,,,,,,,,,,,,,,,MPA215,https://legendstory-production-s3-public.s3.amazonaws.com/media/cards/large/MPA215.webp,,,,,,,,,MPA215,https://legendstory-production-s3-public.s3.amazonaws.com/media/cards/large/MPA215.webp,,,,,,,,,MPA215,https://legendstory-production-s3-public.s3.amazonaws.com/media/cards/large/MPA215.webp,,,,,,,MPA215,https://legendstory-production-s3-public.s3.amazonaws.com/media/cards/large/MPA215.webp,,,,,,,MPA215,https://legendstory-production-s3-public.s3.amazonaws.com/media/cards/large/MPA215.webp,,,,,,,MPA215,https://legendstory-production-s3-public.s3.amazonaws.com/media/cards/large/MPA215.webp
MPA216,MPA,,,,,,,,,,,,,,,,,,,,,,,,,,,,,,MPA216,https://legendstory-production-s3-public.s3.amazonaws.com/media/cards/large/MPA216.webp,,,,,,,,,MPA216,https://legendstory-production-s3-public.s3.amazonaws.com/media/cards/large/MPA216.webp,,,,,,,,,MPA216,https://legendstory-production-s3-public.s3.amazonaws.com/media/cards/large/MPA216.webp,,,,,,,MPA216,https://legendstory-production-s3-public.s3.amazonaws.com/media/cards/large/MPA216.webp,,,,,,,MPA216,https://legendstory-production-s3-public.s3.amazonaws.com/media/cards/large/MPA216.webp,,,,,,,MPA216,https://legendstory-production-s3-public.s3.amazonaws.com/media/cards/large/MPA216.webp
MPA217,MPA,,,,,,,,,,,,,,,,,,,,,,,,,,,,,,MPA217,https://legendstory-production-s3-public.s3.amazonaws.com/media/cards/large/MPA217.webp,,,,,,,,,MPA217,https://legendstory-production-s3-public.s3.amazonaws.com/media/cards/large/MPA217.webp,,,,,,,,,MPA217,https://legendstory-production-s3-public.s3.amazonaws.com/media/cards/large/MPA217.webp,,,,,,,MPA217,https://legendstory-production-s3-public.s3.amazonaws.com/media/cards/large/MPA217.webp,,,,,,,MPA217,https://legendstory-production-s3-public.s3.amazonaws.com/media/cards/large/MPA217.webp,,,,,,,MPA217,https://legendstory-production-s3-public.s3.amazonaws.com/media/cards/large/MPA217.webp
MPA218,MPA,,,,,,,,,,,,,,,,,,,,,,,,,,,,,,MPA218,https://legendstory-production-s3-public.s3.amazonaws.com/media/cards/large/MPA218.webp,,,,,,,,,MPA218,https://legendstory-production-s3-public.s3.amazonaws.com/media/cards/large/MPA218.webp,,,,,,,,,MPA218,https://legendstory-production-s3-public.s3.amazonaws.com/media/cards/large/MPA218.webp,,,,,,,MPA218,https://legendstory-production-s3-public.s3.amazonaws.com/media/cards/large/MPA218.webp,,,,,,,MPA218,https://legendstory-production-s3-public.s3.amazonaws.com/media/cards/large/MPA218.webp,,,,,,,MPA218,https://legendstory-production-s3-public.s3.amazonaws.com/media/cards/large/MPA218.webp
MPA219,MPA,,,,,,,,,,,,,,,,,,,,,,,,,,,,,,MPA219,https://legendstory-production-s3-public.s3.amazonaws.com/media/cards/large/MPA219.webp,,,,,,,,,MPA219,https://legendstory-production-s3-public.s3.amazonaws.com/media/cards/large/MPA219.webp,,,,,,,,,MPA219,https://legendstory-production-s3-public.s3.amazonaws.com/media/cards/large/MPA219.webp,,,,,,,MPA219,https://legendstory-production-s3-public.s3.amazonaws.com/media/cards/large/MPA219.webp,,,,,,,MPA219,https://legendstory-production-s3-public.s3.amazonaws.com/media/cards/large/MPA219.webp,,,,,,,MPA219,https://legendstory-production-s3-public.s3.amazonaws.com/media/cards/large/MPA219.webp
MPA220,MPA,,,,,,,,,,,,,,,,,,,,,,,,,,,,,,MPA220,https://legendstory-production-s3-public.s3.amazonaws.com/media/cards/large/MPA220.webp,,,,,,,,,MPA220,https://legendstory-production-s3-public.s3.amazonaws.com/media/cards/large/MPA220.webp,,,,,,,,,MPA220,https://legendstory-production-s3-public.s3.amazonaws.com/media/cards/large/MPA220.webp,,,,,,,MPA220,https://legendstory-production-s3-public.s3.amazonaws.com/media/cards/large/MPA220.webp,,,,,,,MPA220,https://legendstory-production-s3-public.s3.amazonaws.com/media/cards/large/MPA220.webp,,,,,,,MPA220,https://legendstory-production-s3-public.s3.amazonaws.com/media/cards/large/MPA220.webp
MPA221,MPA,,,,,,,,,,,,,,,,,,,,,,,,,,,,,,MPA221,https://legendstory-production-s3-public.s3.amazonaws.com/media/cards/large/MPA221.webp,,,,,,,,,MPA221,https://legendstory-production-s3-public.s3.amazonaws.com/media/cards/large/MPA221.webp,,,,,,,,,MPA221,https://legendstory-production-s3-public.s3.amazonaws.com/media/cards/large/MPA221.webp,,,,,,,MPA221,https://legendstory-production-s3-public.s3.amazonaws.com/media/cards/large/MPA221.webp,,,,,,,MPA221,https://legendstory-production-s3-public.s3.amazonaws.com/media/cards/large/MPA221.webp,,,,,,,MPA221,https://legendstory-production-s3-public.s3.amazonaws.com/media/cards/large/MPA221.webp
MPA222,MPA,,,,,,,,,,,,,,,,,,,,,,,,,,,,,,MPA222,https://legendstory-production-s3-public.s3.amazonaws.com/media/cards/large/MPA222.webp,,,,,,,,,MPA222,https://legendstory-production-s3-public.s3.amazonaws.com/media/cards/large/MPA222.webp,,,,,,,,,MPA222,https://legendstory-production-s3-public.s3.amazonaws.com/media/cards/large/MPA222.webp,,,,,,,MPA222,https://legendstory-production-s3-public.s3.amazonaws.com/media/cards/large/MPA222.webp,,,,,,,MPA222,https://legendstory-production-s3-public.s3.amazonaws.com/media/cards/large/MPA222.webp,,,,,,,MPA222,https://legendstory-production-s3-public.s3.amazonaws.com/media/cards/large/MPA222.webp
MPA223,MPA,,,,,,,,,,,,,,,,,,,,,,,,,,,,,,MPA223,https://legendstory-production-s3-public.s3.amazonaws.com/media/cards/large/MPA223.webp,,,,,,,,,MPA223,https://legendstory-production-s3-public.s3.amazonaws.com/media/cards/large/MPA223.webp,,,,,,,,,MPA223,https://legendstory-production-s3-public.s3.amazonaws.com/media/cards/large/MPA223.webp,,,,,,,MPA223,https://legendstory-production-s3-public.s3.amazonaws.com/media/cards/large/MPA223.webp,,,,,,,MPA223,https://legendstory-production-s3-public.s3.amazonaws.com/media/cards/large/MPA223.webp,,,,,,,MPA223,https://legendstory-production-s3-public.s3.amazonaws.com/media/cards/large/MPA223.webp
MPA224,MPA,,,,,,,,,,,,,,,,,,,,,,,,,,,,,,MPA224,https://legendstory-production-s3-public.s3.amazonaws.com/media/cards/large/MPA224.webp,,,,,,,,,MPA224,https://legendstory-production-s3-public.s3.amazonaws.com/media/cards/large/MPA224.webp,,,,,,,,,MPA224,https://legendstory-production-s3-public.s3.amazonaws.com/media/cards/large/MPA224.webp,,,,,,,MPA224,https://legendstory-production-s3-public.s3.amazonaws.com/media/cards/large/MPA224.webp,,,,,,,MPA224,https://legendstory-production-s3-public.s3.amazonaws.com/media/cards/large/MPA224.webp,,,,,,,MPA224,https://legendstory-production-s3-public.s3.amazonaws.com/media/cards/large/MPA224.webp
MPA225,MPA,,,,,,,,,,,,,,,,,,,,,,,,,,,,,,MPA225,https://legendstory-production-s3-public.s3.amazonaws.com/media/cards/large/MPA225.webp,,,,,,,,,MPA225,https://legendstory-production-s3-public.s3.amazonaws.com/media/cards/large/MPA225.webp,,,,,,,,,MPA225,https://legendstory-production-s3-public.s3.amazonaws.com/media/cards/large/MPA225.webp,,,,,,,MPA225,https://legendstory-production-s3-public.s3.amazonaws.com/media/cards/large/MPA225.webp,,,,,,,MPA225,https://legendstory-production-s3-public.s3.amazonaws.com/media/cards/large/MPA225.webp,,,,,,,MPA225,https://legendstory-production-s3-public.s3.amazonaws.com/media/cards/large/MPA225.webp
MPA226,MPA,,,,,,,,,,,,,,,,,,,,,,,,,,,,,,MPA226,https://legendstory-production-s3-public.s3.amazonaws.com/media/cards/large/MPA226.webp,,,,,,,,,MPA226,https://legendstory-production-s3-public.s3.amazonaws.com/media/cards/large/MPA226.webp,,,,,,,,,MPA226,https://legendstory-production-s3-public.s3.amazonaws.com/media/cards/large/MPA226.webp,,,,,,,MPA226,https://legendstory-production-s3-public.s3.amazonaws.com/media/cards/large/MPA226.webp,,,,,,,MPA226,https://legendstory-production-s3-public.s3.amazonaws.com/media/cards/large/MPA226.webp,,,,,,,MPA226,https://legendstory-production-s3-public.s3.amazonaws.com/media/cards/large/MPA226.webp
MPA227,MPA,,,,,,,,,,,,,,,,,,,,,,,,,,,,,,MPA227,https://legendstory-production-s3-public.s3.amazonaws.com/media/cards/large/MPA227.webp,,,,,,,,,MPA227,https://legendstory-production-s3-public.s3.amazonaws.com/media/cards/large/MPA227.webp,,,,,,,,,MPA227,https://legendstory-production-s3-public.s3.amazonaws.com/media/cards/large/MPA227.webp,,,,,,,MPA227,https://legendstory-production-s3-public.s3.amazonaws.com/media/cards/large/MPA227.webp,,,,,,,MPA227,https://legendstory-production-s3-public.s3.amazonaws.com/media/cards/large/MPA227.webp,,,,,,,MPA227,https://legendstory-production-s3-public.s3.amazonaws.com/media/cards/large/MPA227.webp
MPA228,MPA,,,,,,,,,,,,,,,,,,,,,,,,,,,,,,MPA228,https://legendstory-production-s3-public.s3.amazonaws.com/media/cards/large/MPA228.webp,,,,,,,,,MPA228,https://legendstory-production-s3-public.s3.amazonaws.com/media/cards/large/MPA228.webp,,,,,,,,,MPA228,https://legendstory-production-s3-public.s3.amazonaws.com/media/cards/large/MPA228.webp,,,,,,,MPA228,https://legendstory-production-s3-public.s3.amazonaws.com/media/cards/large/MPA228.webp,,,,,,,MPA228,https://legendstory-production-s3-public.s3.amazonaws.com/media/cards/large/MPA228.webp,,,,,,,MPA228,https://legendstory-production-s3-public.s3.amazonaws.com/media/cards/large/MPA228.webp
MPA229,MPA,,,,,,,,,,,,,,,,,,,,,,,,,,,,,,MPA229,https://legendstory-production-s3-public.s3.amazonaws.com/media/cards/large/MPA229.webp,,,,,,,,,MPA229,https://legendstory-production-s3-public.s3.amazonaws.com/media/cards/large/MPA229.webp,,,,,,,,,MPA229,https://legendstory-production-s3-public.s3.amazonaws.com/media/cards/large/MPA229.webp,,,,,,,MPA229,https://legendstory-production-s3-public.s3.amazonaws.com/media/cards/large/MPA229.webp,,,,,,,MPA229,https://legendstory-production-s3-public.s3.amazonaws.com/media/cards/large/MPA229.webp,,,,,,,MPA229,https://legendstory-production-s3-public.s3.amazonaws.com/media/cards/large/MPA229.webp
MPA230,MPA,,,,,,,,,,,,,,,,,,,,,,,,,,,,,,MPA230,https://legendstory-production-s3-public.s3.amazonaws.com/media/cards/large/MPA230.webp,,,,,,,,,MPA230,https://legendstory-production-s3-public.s3.amazonaws.com/media/cards/large/MPA230.webp,,,,,,,,,MPA230,https://legendstory-production-s3-public.s3.amazonaws.com/media/cards/large/MPA230.webp,,,,,,,MPA230,https://legendstory-production-s3-public.s3.amazonaws.com/media/cards/large/MPA230.webp,,,,,,,MPA230,https://legendstory-production-s3-public.s3.amazonaws.com/media/cards/large/MPA230.webp,,,,,,,MPA230,https://legendstory-production-s3-public.s3.amazonaws.com/media/cards/large/MPA230.webp
MPA231,MPA,,,,,,,,,,,,,,,,,,,,,,,,,,,,,,MPA231,https://legendstory-production-s3-public.s3.amazonaws.com/media/cards/large/MPA231.webp,,,,,,,,,MPA231,https://legendstory-production-s3-public.s3.amazonaws.com/media/cards/large/MPA231.webp,,,,,,,,,MPA231,https://legendstory-production-s3-public.s3.amazonaws.com/media/cards/large/MPA231.webp,,,,,,,MPA231,https://legendstory-production-s3-public.s3.amazonaws.com/media/cards/large/MPA231.webp,,,,,,,MPA231,https://legendstory-production-s3-public.s3.amazonaws.com/media/cards/large/MPA231.webp,,,,,,,MPA231,https://legendstory-production-s3-public.s3.amazonaws.com/media/cards/large/MPA231.webp
MPA232,MPA,,,,,,,,,,,,,,,,,,,,,,,,,,,,,,MPA232,https://legendstory-production-s3-public.s3.amazonaws.com/media/cards/large/MPA232.webp,,,,,,,,,MPA232,https://legendstory-production-s3-public.s3.amazonaws.com/media/cards/large/MPA232.webp,,,,,,,,,MPA232,https://legendstory-production-s3-public.s3.amazonaws.com/media/cards/large/MPA232.webp,,,,,,,MPA232,https://legendstory-production-s3-public.s3.amazonaws.com/media/cards/large/MPA232.webp,,,,,,,MPA232,https://legendstory-production-s3-public.s3.amazonaws.com/media/cards/large/MPA232.webp,,,,,,,MPA232,https://legendstory-production-s3-public.s3.amazonaws.com/media/cards/large/MPA232.webp
MPA233,MPA,,,,,,,,,,,,,,,,,,,,,,,,,,,,,,MPA233,https://legendstory-production-s3-public.s3.amazonaws.com/media/cards/large/MPA233.webp,,,,,,,,,MPA233,https://legendstory-production-s3-public.s3.amazonaws.com/media/cards/large/MPA233.webp,,,,,,,,,MPA233,https://legendstory-production-s3-public.s3.amazonaws.com/media/cards/large/MPA233.webp,,,,,,,MPA233,https://legendstory-production-s3-public.s3.amazonaws.com/media/cards/large/MPA233.webp,,,,,,,MPA233,https://legendstory-production-s3-public.s3.amazonaws.com/media/cards/large/MPA233.webp,,,,,,,MPA233,https://legendstory-production-s3-public.s3.amazonaws.com/media/cards/large/MPA233.webp
MPA234,MPA,,,,,,,,,,,,,,,,,,,,,,,,,,,,,,MPA234,https://legendstory-production-s3-public.s3.amazonaws.com/media/cards/large/MPA234.webp,,,,,,,,,MPA234,https://legendstory-production-s3-public.s3.amazonaws.com/media/cards/large/MPA234.webp,,,,,,,,,MPA234,https://legendstory-production-s3-public.s3.amazonaws.com/media/cards/large/MPA234.webp,,,,,,,MPA234,https://legendstory-production-s3-public.s3.amazonaws.com/media/cards/large/MPA234.webp,,,,,,,MPA234,https://legendstory-production-s3-public.s3.amazonaws.com/media/cards/large/MPA234.webp,,,,,,,MPA234,https://legendstory-production-s3-public.s3.amazonaws.com/media/cards/large/MPA234.webp
MPA235,MPA,,,,,,,,,,,,,,,,,,,,,,,,,,,,,,MPA235,https://legendstory-production-s3-public.s3.amazonaws.com/media/cards/large/MPA235.webp,,,,,,,,,MPA235,https://legendstory-production-s3-public.s3.amazonaws.com/media/cards/large/MPA235.webp,,,,,,,,,MPA235,https://legendstory-production-s3-public.s3.amazonaws.com/media/cards/large/MPA235.webp,,,,,,,MPA235,https://legendstory-production-s3-public.s3.amazonaws.com/media/cards/large/MPA235.webp,,,,,,,MPA235,https://legendstory-production-s3-public.s3.amazonaws.com/media/cards/large/MPA235.webp,,,,,,,MPA235,https://legendstory-production-s3-public.s3.amazonaws.com/media/cards/large/MPA235.webp
MPA236,MPA,,,,,,,,,,,,,,,,,,,,,,,,,,,,,,MPA236,https://legendstory-production-s3-public.s3.amazonaws.com/media/cards/large/MPA236.webp,,,,,,,,,MPA236,https://legendstory-production-s3-public.s3.amazonaws.com/media/cards/large/MPA236.webp,,,,,,,,,MPA236,https://legendstory-production-s3-public.s3.amazonaws.com/media/cards/large/MPA236.webp,,,,,,,MPA236,https://legendstory-production-s3-public.s3.amazonaws.com/media/cards/large/MPA236.webp,,,,,,,MPA236,https://legendstory-production-s3-public.s3.amazonaws.com/media/cards/large/MPA236.webp,,,,,,,MPA236,https://legendstory-production-s3-public.s3.amazonaws.com/media/cards/large/MPA236.webp
MPA237,MPA,,,,,,,,,,,,,,,,,,,,,,,,,,,,,,MPA237,https://legendstory-production-s3-public.s3.amazonaws.com/media/cards/large/MPA237.webp,,,,,,,,,MPA237,https://legendstory-production-s3-public.s3.amazonaws.com/media/cards/large/MPA237.webp,,,,,,,,,MPA237,https://legendstory-production-s3-public.s3.amazonaws.com/media/cards/large/MPA237.webp,,,,,,,MPA237,https://legendstory-production-s3-public.s3.amazonaws.com/media/cards/large/MPA237.webp,,,,,,,MPA237,https://legendstory-production-s3-public.s3.amazonaws.com/media/cards/large/MPA237.webp,,,,,,,MPA237,https://legendstory-production-s3-public.s3.amazonaws.com/media/cards/large/MPA237.webp
MPA238,MPA,,,,,,,,,,,,,,,,,,,,,,,,,,,,,,MPA238,https://legendstory-production-s3-public.s3.amazonaws.com/media/cards/large/MPA238.webp,,,,,,,,,MPA238,https://legendstory-production-s3-public.s3.amazonaws.com/media/cards/large/MPA238.webp,,,,,,,,,MPA238,https://legendstory-production-s3-public.s3.amazonaws.com/media/cards/large/MPA238.webp,,,,,,,MPA238,https://legendstory-production-s3-public.s3.amazonaws.com/media/cards/large/MPA238.webp,,,,,,,MPA238,https://legendstory-production-s3-public.s3.amazonaws.com/media/cards/large/MPA238.webp,,,,,,,MPA238,https://legendstory-production-s3-public.s3.amazonaws.com/media/cards/large/MPA238.webp
MPA239,MPA,,,,,,,,,,,,,,,,,,,,,,,,,,,,,,MPA239,https://legendstory-production-s3-public.s3.amazonaws.com/media/cards/large/MPA239.webp,,,,,,,,,MPA239,https://legendstory-production-s3-public.s3.amazonaws.com/media/cards/large/MPA239.webp,,,,,,,,,MPA239,https://legendstory-production-s3-public.s3.amazonaws.com/media/cards/large/MPA239.webp,,,,,,,MPA239,https://legendstory-production-s3-public.s3.amazonaws.com/media/cards/large/MPA239.webp,,,,,,,MPA239,https://legendstory-production-s3-public.s3.amazonaws.com/media/cards/large/MPA239.webp,,,,,,,MPA239,https://legendstory-production-s3-public.s3.amazonaws.com/media/cards/large/MPA239.webp
MPA240,MPA,,,,,,,,,,,,,,,,,,,,,,,,,,,,,,MPA240,https://legendstory-production-s3-public.s3.amazonaws.com/media/cards/large/MPA240.webp,,,,,,,,,MPA240,https://legendstory-production-s3-public.s3.amazonaws.com/media/cards/large/MPA240.webp,,,,,,,,,MPA240,https://legendstory-production-s3-public.s3.amazonaws.com/media/cards/large/MPA240.webp,,,,,,,MPA240,https://legendstory-production-s3-public.s3.amazonaws.com/media/cards/large/MPA240.webp,,,,,,,MPA240,https://legendstory-production-s3-public.s3.amazonaws.com/media/cards/large/MPA240.webp,,,,,,,MPA240,https://legendstory-production-s3-public.s3.amazonaws.com/media/cards/large/MPA240.webp
MPA241,MPA,,,,,,,,,,,,,,,,,,,,,,,,,,,,,,MPA241,https://legendstory-production-s3-public.s3.amazonaws.com/media/cards/large/MPA241.webp,,,,,,,,,MPA241,https://legendstory-production-s3-public.s3.amazonaws.com/media/cards/large/MPA241.webp,,,,,,,,,MPA241,https://legendstory-production-s3-public.s3.amazonaws.com/media/cards/large/MPA241.webp,,,,,,,MPA241,https://legendstory-production-s3-public.s3.amazonaws.com/media/cards/large/MPA241.webp,,,,,,,MPA241,https://legendstory-production-s3-public.s3.amazonaws.com/media/cards/large/MPA241.webp,,,,,,,MPA241,https://legendstory-production-s3-public.s3.amazonaws.com/media/cards/large/MPA241.webp
MPA242,MPA,,,,,,,,,,,,,,,,,,,,,,,,,,,,,,MPA242,https://legendstory-production-s3-public.s3.amazonaws.com/media/cards/large/MPA242.webp,,,,,,,,,MPA242,https://legendstory-production-s3-public.s3.amazonaws.com/media/cards/large/MPA242.webp,,,,,,,,,MPA242,https://legendstory-production-s3-public.s3.amazonaws.com/media/cards/large/MPA242.webp,,,,,,,MPA242,https://legendstory-production-s3-public.s3.amazonaws.com/media/cards/large/MPA242.webp,,,,,,,MPA242,https://legendstory-production-s3-public.s3.amazonaws.com/media/cards/large/MPA242.webp,,,,,,,MPA242,https://legendstory-production-s3-public.s3.amazonaws.com/media/cards/large/MPA242.webp
MPA243,MPA,,,,,,,,,,,,,,,,,,,,,,,,,,,,,,MPA243,https://legendstory-production-s3-public.s3.amazonaws.com/media/cards/large/MPA243.webp,,,,,,,,,MPA243,https://legendstory-production-s3-public.s3.amazonaws.com/media/cards/large/MPA243.webp,,,,,,,,,MPA243,https://legendstory-production-s3-public.s3.amazonaws.com/media/cards/large/MPA243.webp,,,,,,,MPA243,https://legendstory-production-s3-public.s3.amazonaws.com/media/cards/large/MPA243.webp,,,,,,,MPA243,https://legendstory-production-s3-public.s3.amazonaws.com/media/cards/large/MPA243.webp,,,,,,,MPA243,https://legendstory-production-s3-public.s3.amazonaws.com/media/cards/large/MPA243.webp
MPA244,MPA,,,,,,,,,,,,,,,,,,,,,,,,,,,,,,MPA244,https://legendstory-production-s3-public.s3.amazonaws.com/media/cards/large/MPA244.webp,,,,,,,,,MPA244,https://legendstory-production-s3-public.s3.amazonaws.com/media/cards/large/MPA244.webp,,,,,,,,,MPA244,https://legendstory-production-s3-public.s3.amazonaws.com/media/cards/large/MPA244.webp,,,,,,,MPA244,https://legendstory-production-s3-public.s3.amazonaws.com/media/cards/large/MPA244.webp,,,,,,,MPA244,https://legendstory-production-s3-public.s3.amazonaws.com/media/cards/large/MPA244.webp,,,,,,,MPA244,https://legendstory-production-s3-public.s3.amazonaws.com/media/cards/large/MPA244.webp
MPA245,MPA,,,,,,,,,,,,,,,,,,,,,,,,,,,,,,MPA245,https://legendstory-production-s3-public.s3.amazonaws.com/media/cards/large/MPA245.webp,,,,,,,,,MPA245,https://legendstory-production-s3-public.s3.amazonaws.com/media/cards/large/MPA245.webp,,,,,,,,,MPA245,https://legendstory-production-s3-public.s3.amazonaws.com/media/cards/large/MPA245.webp,,,,,,,MPA245,https://legendstory-production-s3-public.s3.amazonaws.com/media/cards/large/MPA245.webp,,,,,,,MPA245,https://legendstory-production-s3-public.s3.amazonaws.com/media/cards/large/MPA245.webp,,,,,,,MPA245,https://legendstory-production-s3-public.s3.amazonaws.com/media/cards/large/MPA245.webp
MPA246,MPA,,,,,,,,,,,,,,,,,,,,,,,,,,,,,,MPA246,https://legendstory-production-s3-public.s3.amazonaws.com/media/cards/large/MPA246.webp,,,,,,,,,MPA246,https://legendstory-production-s3-public.s3.amazonaws.com/media/cards/large/MPA246.webp,,,,,,,,,MPA246,https://legendstory-production-s3-public.s3.amazonaws.com/media/cards/large/MPA246.webp,,,,,,,MPA246,https://legendstory-production-s3-public.s3.amazonaws.com/media/cards/large/MPA246.webp,,,,,,,MPA246,https://legendstory-production-s3-public.s3.amazonaws.com/media/cards/large/MPA246.webp,,,,,,,MPA246,https://legendstory-production-s3-public.s3.amazonaws.com/media/cards/large/MPA246.webp
MPA247,MPA,,,,,,,,,,,,,,,,,,,,,,,,,,,,,,MPA247,https://legendstory-production-s3-public.s3.amazonaws.com/media/cards/large/MPA247.webp,,,,,,,,,MPA247,https://legendstory-production-s3-public.s3.amazonaws.com/media/cards/large/MPA247.webp,,,,,,,,,MPA247,https://legendstory-production-s3-public.s3.amazonaws.com/media/cards/large/MPA247.webp,,,,,,,MPA247,https://legendstory-production-s3-public.s3.amazonaws.com/media/cards/large/MPA247.webp,,,,,,,MPA247,https://legendstory-production-s3-public.s3.amazonaws.com/media/cards/large/MPA247.webp,,,,,,,MPA247,https://legendstory-production-s3-public.s3.amazonaws.com/media/cards/large/MPA247.webp
MPA248,MPA,,,,,,,,,,,,,,,,,,,,,,,,,,,,,,MPA248,https://legendstory-production-s3-public.s3.amazonaws.com/media/cards/large/MPA248.webp,,,,,,,,,MPA248,https://legendstory-production-s3-public.s3.amazonaws.com/media/cards/large/MPA248.webp,,,,,,,,,MPA248,https://legendstory-production-s3-public.s3.amazonaws.com/media/cards/large/MPA248.webp,,,,,,,MPA248,https://legendstory-production-s3-public.s3.amazonaws.com/media/cards/large/MPA248.webp,,,,,,,MPA248,https://legendstory-production-s3-public.s3.amazonaws.com/media/cards/large/MPA248.webp,,,,,,,MPA248,https://legendstory-production-s3-public.s3.amazonaws.com/media/cards/large/MPA248.webp
MPA249,MPA,,,,,,,,,,,,,,,,,,,,,,,,,,,,,,MPA249,https://legendstory-production-s3-public.s3.amazonaws.com/media/cards/large/MPA249.webp,,,,,,,,,MPA249,https://legendstory-production-s3-public.s3.amazonaws.com/media/cards/large/MPA249.webp,,,,,,,,,MPA249,https://legendstory-production-s3-public.s3.amazonaws.com/media/cards/large/MPA249.webp,,,,,,,MPA249,https://legendstory-production-s3-public.s3.amazonaws.com/media/cards/large/MPA249.webp,,,,,,,MPA249,https://legendstory-production-s3-public.s3.amazonaws.com/media/cards/large/MPA249.webp,,,,,,,MPA249,https://legendstory-production-s3-public.s3.amazonaws.com/media/cards/large/MPA249.webp
MPA250,MPA,,,,,,,,,,,,,,,,,,,,,,,,,,,,,,MPA250,https://legendstory-production-s3-public.s3.amazonaws.com/media/cards/large/MPA250.webp,,,,,,,,,MPA250,https://legendstory-production-s3-public.s3.amazonaws.com/media/cards/large/MPA250.webp,,,,,,,,,MPA250,https://legendstory-production-s3-public.s3.amazonaws.com/media/cards/large/MPA250.webp,,,,,,,MPA250,https://legendstory-production-s3-public.s3.amazonaws.com/media/cards/large/MPA250.webp,,,,,,,MPA250,https://legendstory-production-s3-public.s3.amazonaws.com/media/cards/large/MPA250.webp,,,,,,,MPA250,https://legendstory-production-s3-public.s3.amazonaws.com/media/cards/large/MPA250.webp
MPA251,MPA,,,,,,,,,,,,,,,,,,,,,,,,,,,,,,MPA251,https://legendstory-production-s3-public.s3.amazonaws.com/media/cards/large/MPA251.webp,,,,,,,,,MPA251,https://legendstory-production-s3-public.s3.amazonaws.com/media/cards/large/MPA251.webp,,,,,,,,,MPA251,https://legendstory-production-s3-public.s3.amazonaws.com/media/cards/large/MPA251.webp,,,,,,,MPA251,https://legendstory-production-s3-public.s3.amazonaws.com/media/cards/large/MPA251.webp,,,,,,,MPA251,https://legendstory-production-s3-public.s3.amazonaws.com/media/cards/large/MPA251.webp,,,,,,,MPA251,https://legendstory-production-s3-public.s3.amazonaws.com/media/cards/large/MPA251.webp
MPA252,MPA,,,,,,,,,,,,,,,,,,,,,,,,,,,,,,MPA252,https://legendstory-production-s3-public.s3.amazonaws.com/media/cards/large/MPA252.webp,,,,,,,,,MPA252,https://legendstory-production-s3-public.s3.amazonaws.com/media/cards/large/MPA252.webp,,,,,,,,,MPA252,https://legendstory-production-s3-public.s3.amazonaws.com/media/cards/large/MPA252.webp,,,,,,,MPA252,https://legendstory-production-s3-public.s3.amazonaws.com/media/cards/large/MPA252.webp,,,,,,,MPA252,https://legendstory-production-s3-public.s3.amazonaws.com/media/cards/large/MPA252.webp,,,,,,,MPA252,https://legendstory-production-s3-public.s3.amazonaws.com/media/cards/large/MPA252.webp
MPA253,MPA,,,,,,,,,,,,,,,,,,,,,,,,,,,,,,MPA253,https://legendstory-production-s3-public.s3.amazonaws.com/media/cards/large/MPA253.webp,,,,,,,,,MPA253,https://legendstory-production-s3-public.s3.amazonaws.com/media/cards/large/MPA253.webp,,,,,,,,,MPA253,https://legendstory-production-s3-public.s3.amazonaws.com/media/cards/large/MPA253.webp,,,,,,,MPA253,https://legendstory-production-s3-public.s3.amazonaws.com/media/cards/large/MPA253.webp,,,,,,,MPA253,https://legendstory-production-s3-public.s3.amazonaws.com/media/cards/large/MPA253.webp,,,,,,,MPA253,https://legendstory-production-s3-public.s3.amazonaws.com/media/cards/large/MPA253.webp
MPA254,MPA,,,,,,,,,,,,,,,,,,,,,,,,,,,,,,MPA254,https://legendstory-production-s3-public.s3.amazonaws.com/media/cards/large/MPA254.webp,,,,,,,,,MPA254,https://legendstory-production-s3-public.s3.amazonaws.com/media/cards/large/MPA254.webp,,,,,,,,,MPA254,https://legendstory-production-s3-public.s3.amazonaws.com/media/cards/large/MPA254.webp,,,,,,,MPA254,https://legendstory-production-s3-public.s3.amazonaws.com/media/cards/large/MPA254.webp,,,,,,,MPA254,https://legendstory-production-s3-public.s3.amazonaws.com/media/cards/large/MPA254.webp,,,,,,,MPA254,https://legendstory-production-s3-public.s3.amazonaws.com/media/cards/large/MPA254.webp
MPA255,MPA,,,,,,,,,,,,,,,,,,,,,,,,,,,,,,MPA255,https://legendstory-production-s3-public.s3.amazonaws.com/media/cards/large/MPA255.webp,,,,,,,,,MPA255,https://legendstory-production-s3-public.s3.amazonaws.com/media/cards/large/MPA255.webp,,,,,,,,,MPA255,https://legendstory-production-s3-public.s3.amazonaws.com/media/cards/large/MPA255.webp,,,,,,,MPA255,https://legendstory-production-s3-public.s3.amazonaws.com/media/cards/large/MPA255.webp,,,,,,,MPA255,https://legendstory-production-s3-public.s3.amazonaws.com/media/cards/large/MPA255.webp,,,,,,,MPA255,https://legendstory-production-s3-public.s3.amazonaws.com/media/cards/large/MPA255.webp
MPA256,MPA,,,,,,,,,,,,,,,,,,,,,,,,,,,,,,MPA256,https://legendstory-production-s3-public.s3.amazonaws.com/media/cards/large/MPA256.webp,,,,,,,,,MPA256,https://legendstory-production-s3-public.s3.amazonaws.com/media/cards/large/MPA256.webp,,,,,,,,,MPA256,https://legendstory-production-s3-public.s3.amazonaws.com/media/cards/large/MPA256.webp,,,,,,,MPA256,https://legendstory-production-s3-public.s3.amazonaws.com/media/cards/large/MPA256.webp,,,,,,,MPA256,https://legendstory-production-s3-public.s3.amazonaws.com/media/cards/large/MPA256.webp,,,,,,,MPA256,https://legendstory-production-s3-public.s3.amazonaws.com/media/cards/large/MPA256.webp
MPA257,MPA,,,,,,,,,,,,,,,,,,,,,,,,,,,,,,MPA257,https://legendstory-production-s3-public.s3.amazonaws.com/media/cards/large/MPA257.webp,,,,,,,,,MPA257,https://legendstory-production-s3-public.s3.amazonaws.com/media/cards/large/MPA257.webp,,,,,,,,,MPA257,https://legendstory-production-s3-public.s3.amazonaws.com/media/cards/large/MPA257.webp,,,,,,,MPA257,https://legendstory-production-s3-public.s3.amazonaws.com/media/cards/large/MPA257.webp,,,,,,,MPA257,https://legendstory-production-s3-public.s3.amazonaws.com/media/cards/large/MPA257.webp,,,,,,,MPA257,https://legendstory-production-s3-public.s3.amazonaws.com/media/cards/large/MPA257.webp
MPA258,MPA,,,,,,,,,,,,,,,,,,,,,,,,,,,,,,MPA258,https://legendstory-production-s3-public.s3.amazonaws.com/media/cards/large/MPA258.webp,,,,,,,,,MPA258,https://legendstory-production-s3-public.s3.amazonaws.com/media/cards/large/MPA258.webp,,,,,,,,,MPA258,https://legendstory-production-s3-public.s3.amazonaws.com/media/cards/large/MPA258.webp,,,,,,,MPA258,https://legendstory-production-s3-public.s3.amazonaws.com/media/cards/large/MPA258.webp,,,,,,,MPA258,https://legendstory-production-s3-public.s3.amazonaws.com/media/cards/large/MPA258.webp,,,,,,,MPA258,https://legendstory-production-s3-public.s3.amazonaws.com/media/cards/large/MPA258.webp
MPA259,MPA,,,,,,,,,,,,,,,,,,,,,,,,,,,,,,MPA259,https://legendstory-production-s3-public.s3.amazonaws.com/media/cards/large/MPA259.webp,,,,,,,,,MPA259,https://legendstory-production-s3-public.s3.amazonaws.com/media/cards/large/MPA259.webp,,,,,,,,,MPA259,https://legendstory-production-s3-public.s3.amazonaws.com/media/cards/large/MPA259.webp,,,,,,,MPA259,https://legendstory-production-s3-public.s3.amazonaws.com/media/cards/large/MPA259.webp,,,,,,,MPA259,https://legendstory-production-s3-public.s3.amazonaws.com/media/cards/large/MPA259.webp,,,,,,,MPA259,https://legendstory-production-s3-public.s3.amazonaws.com/media/cards/large/MPA259.webp
MPA260,MPA,,,,,,,,,,,,,,,,,,,,,,,,,,,,,,MPA260,https://legendstory-production-s3-public.s3.amazonaws.com/media/cards/large/MPA260.webp,,,,,,,,,MPA260,https://legendstory-production-s3-public.s3.amazonaws.com/media/cards/large/MPA260.webp,,,,,,,,,MPA260,https://legendstory-production-s3-public.s3.amazonaws.com/media/cards/large/MPA260.webp,,,,,,,MPA260,https://legendstory-production-s3-public.s3.amazonaws.com/media/cards/large/MPA260.webp,,,,,,,MPA260,https://legendstory-production-s3-public.s3.amazonaws.com/media/cards/large/MPA260.webp,,,,,,,MPA260,https://legendstory-production-s3-public.s3.amazonaws.com/media/cards/large/MPA260.webp
MPA261,MPA,,,,,,,,,,,,,,,,,,,,,,,,,,,,,,MPA261,https://legendstory-production-s3-public.s3.amazonaws.com/media/cards/large/MPA261.webp,,,,,,,,,MPA261,https://legendstory-production-s3-public.s3.amazonaws.com/media/cards/large/MPA261.webp,,,,,,,,,MPA261,https://legendstory-production-s3-public.s3.amazonaws.com/media/cards/large/MPA261.webp,,,,,,,MPA261,https://legendstory-production-s3-public.s3.amazonaws.com/media/cards/large/MPA261.webp,,,,,,,MPA261,https://legendstory-production-s3-public.s3.amazonaws.com/media/cards/large/MPA261.webp,,,,,,,MPA261,https://legendstory-production-s3-public.s3.amazonaws.com/media/cards/large/MPA261.webp
MPA262,MPA,,,,,,,,,,,,,,,,,,,,,,,,,,,,,,MPA262,https://legendstory-production-s3-public.s3.amazonaws.com/media/cards/large/MPA262.webp,,,,,,,,,MPA262,https://legendstory-production-s3-public.s3.amazonaws.com/media/cards/large/MPA262.webp,,,,,,,,,MPA262,https://legendstory-production-s3-public.s3.amazonaws.com/media/cards/large/MPA262.webp,,,,,,,MPA262,https://legendstory-production-s3-public.s3.amazonaws.com/media/cards/large/MPA262.webp,,,,,,,MPA262,https://legendstory-production-s3-public.s3.amazonaws.com/media/cards/large/MPA262.webp,,,,,,,MPA262,https://legendstory-production-s3-public.s3.amazonaws.com/media/cards/large/MPA262.webp
MPA263,MPA,,,,,,,,,,,,,,,,,,,,,,,,,,,,,,MPA263,https://legendstory-production-s3-public.s3.amazonaws.com/media/cards/large/MPA263.webp,,,,,,,,,MPA263,https://legendstory-production-s3-public.s3.amazonaws.com/media/cards/large/MPA263.webp,,,,,,,,,MPA263,https://legendstory-production-s3-public.s3.amazonaws.com/media/cards/large/MPA263.webp,,,,,,,MPA263,https://legendstory-production-s3-public.s3.amazonaws.com/media/cards/large/MPA263.webp,,,,,,,MPA263,https://legendstory-production-s3-public.s3.amazonaws.com/media/cards/large/MPA263.webp,,,,,,,MPA263,https://legendstory-production-s3-public.s3.amazonaws.com/media/cards/large/MPA263.webp