Identifiers,Set Identifiers,Name,Color,Pitch,Cost,Power,Defense,Life,Intelligence,Arcane,Types,Traits,Card Keywords,Abilities and Effects,Ability and Effect Keywords,Granted Keywords,Removed Keywords,Interacts with Keywords,Functional Text,Type Text,Card Played Horizontally,CC Legal,Silver Age Legal,LL Legal,Rarity,Foiling,Art Variations,Artists,Expansion Slot,Flavor Text,Identifier,Image URL,TCGPlayer Product Id,TCGPlayer Url,Rarity 2,Foiling 2,Art Variations 2,Artists 2,Expansion Slot 2,Flavor Text 2,Identifier 2,Image URL 2,TCGPlayer Product Id 2,TCGPlayer Url 2,Rarity 3,Foiling 3,Art Variations 3,Artists 3,Expansion Slot 3,Flavor Text 3,Identifier 3,Image URL 3,Rarity 4,Foiling 4,Art Variations 4,Artists 4,Expansion Slot 4,Flavor Text 4,Identifier 4,Image URL 4,Rarity 5,Foiling 5,Art Variations 5,Artists 5,Expansion Slot 5,Flavor Text 5,Identifier 5,Image URL 5,Rarity 6,Foiling 6,Art Variations 6,Artists 6,Expansion Slot 6,Flavor Text 6,Identifier 6,Image URL 6
"IAR000,IAR666",IAR,Soul of Existence,Purple,4,,,,,,,"Shadow, Resource, Gem",,Legendary,,,,,,"**Legendary**

When this is pitched, lose 1{h}.",Shadow Resource - Gem,,,No,,F,R,,Nathaniel Himawan,,,IAR000,https://legendstory-production-s3-public.s3.amazonaws.com/media/cards/large/IAR000-RF.webp,,,V,C,FA,Nathaniel Himawan,,,IAR666,https://legendstory-production-s3-public.s3.amazonaws.com/media/cards/large/IAR666-MV.webp,,,,,,Nathaniel Himawan,,,IAR666,https://legendstory-production-s3-public.s3.amazonaws.com/media/cards/large/IAR666.webp,,,,Nathaniel Himawan,,,IAR666,https://legendstory-production-s3-public.s3.amazonaws.com/media/cards/large/IAR666.webp,,,,Nathaniel Himawan,,,IAR666,https://legendstory-production-s3-public.s3.amazonaws.com/media/cards/large/IAR666.webp,,,,Nathaniel Himawan,,,IAR666,https://legendstory-production-s3-public.s3.amazonaws.com/media/cards/large/IAR666.webp
IAR001,IAR,Arknight Shard,Blue,3,,,,,,,"Runeblade, Resource, Gem",,"Legendary, Viserai Specialization",,,,,,"**Legendary Viserai Specialization**

When this is pitched, create a Runechant token.",Runeblade Resource - Gem,,,No,,F,,AA,Isuardi Therianto,,,IAR001,https://legendstory-production-s3-public.s3.amazonaws.com/media/cards/large/IAR001.webp,,,,,,Isuardi Therianto,,,IAR001,https://legendstory-production-s3-public.s3.amazonaws.com/media/cards/large/IAR001.webp,,,,,,Isuardi Therianto,,,IAR001,https://legendstory-production-s3-public.s3.amazonaws.com/media/cards/large/IAR001.webp,,,,Isuardi Therianto,,,IAR001,https://legendstory-production-s3-public.s3.amazonaws.com/media/cards/large/IAR001.webp,,,,Isuardi Therianto,,,IAR001,https://legendstory-production-s3-public.s3.amazonaws.com/media/cards/large/IAR001.webp,,,,Isuardi Therianto,,,IAR001,https://legendstory-production-s3-public.s3.amazonaws.com/media/cards/large/IAR001.webp
IAR002,IAR,Levia,,,,,,20,4,,"Shadow, Brute, Hero, Young",,,,,,,,"If a card with 6 or more {p} has been put into your banished zone this turn, you don't lose {h} from blood debt during the end phase.",Shadow Brute Hero - Young,,No,,No,B,,,SanSan,,,IAR002,https://legendstory-production-s3-public.s3.amazonaws.com/media/cards/large/IAR002.webp,,,V,C,FA,SanSan,,,IAR002,https://legendstory-production-s3-public.s3.amazonaws.com/media/cards/large/IAR002-MV.webp,,,V,C,FA,SanSan,,,IAR002,https://legendstory-production-s3-public.s3.amazonaws.com/media/cards/large/IAR002-MV_BACK.webp,,,,SanSan,,,IAR002,https://legendstory-production-s3-public.s3.amazonaws.com/media/cards/large/IAR002.webp,,,,SanSan,,,IAR002,https://legendstory-production-s3-public.s3.amazonaws.com/media/cards/large/IAR002.webp,,,,SanSan,,,IAR002,https://legendstory-production-s3-public.s3.amazonaws.com/media/cards/large/IAR002.webp
IAR003,IAR,Hell Hammer,,,,6,,,,,"Shadow, Brute, Weapon, Hammer, 2H",,Blood Debt,,,,,,"**Once per Turn Action** - {r}{r}: **Attack**

When the combat chain closes, if you've attacked with this, banish it.

**Blood Debt**",Shadow Brute Weapon - Hammer (2H),,,,,B,,,Lizhe Liang,,,IAR003,https://legendstory-production-s3-public.s3.amazonaws.com/media/cards/large/IAR003.webp,,,,,,Lizhe Liang,,,IAR003,https://legendstory-production-s3-public.s3.amazonaws.com/media/cards/large/IAR003.webp,,,,,,Lizhe Liang,,,IAR003,https://legendstory-production-s3-public.s3.amazonaws.com/media/cards/large/IAR003.webp,,,,Lizhe Liang,,,IAR003,https://legendstory-production-s3-public.s3.amazonaws.com/media/cards/large/IAR003.webp,,,,Lizhe Liang,,,IAR003,https://legendstory-production-s3-public.s3.amazonaws.com/media/cards/large/IAR003.webp,,,,Lizhe Liang,,,IAR003,https://legendstory-production-s3-public.s3.amazonaws.com/media/cards/large/IAR003.webp
IAR004,IAR,Hex Gauntlet,,,,6,,,,,"Shadow, Brute, Equipment, Arms",,Blood Debt,,,,,,"**Instant** - Banish this: Turn a card with blood debt in your banished zone face-down.

**Blood Debt**",Shadow Brute Equipment - Arms,,,,,B,,,Tomi Ong,,,IAR004,https://legendstory-production-s3-public.s3.amazonaws.com/media/cards/large/IAR004.webp,,,B,C,EA,Tomi Ong,,,IAR004,https://legendstory-production-s3-public.s3.amazonaws.com/media/cards/large/IAR004-CF.webp,,,,,,Tomi Ong,,,IAR004,https://legendstory-production-s3-public.s3.amazonaws.com/media/cards/large/IAR004.webp,,,,Tomi Ong,,,IAR004,https://legendstory-production-s3-public.s3.amazonaws.com/media/cards/large/IAR004.webp,,,,Tomi Ong,,,IAR004,https://legendstory-production-s3-public.s3.amazonaws.com/media/cards/large/IAR004.webp,,,,Tomi Ong,,,IAR004,https://legendstory-production-s3-public.s3.amazonaws.com/media/cards/large/IAR004.webp
IAR005,IAR,Blood Harvest,,,3,6,3,,,,"Shadow, Brute, Action, Attack",,Blood Debt,Instant,,,,,"**Instant** - Banish this from your hand: Gain {r}{r}{r}

**Blood Debt**",Shadow Brute Action - Attack,,,No,,M,R,,Khairul Sukmanudin,,,IAR005,https://legendstory-production-s3-public.s3.amazonaws.com/media/cards/large/IAR005-RF.webp,,,M,,,Khairul Sukmanudin,,,IAR005,https://legendstory-production-s3-public.s3.amazonaws.com/media/cards/large/IAR005.webp,,,,,,Khairul Sukmanudin,,,IAR005,https://legendstory-production-s3-public.s3.amazonaws.com/media/cards/large/IAR005.webp,,,,Khairul Sukmanudin,,,IAR005,https://legendstory-production-s3-public.s3.amazonaws.com/media/cards/large/IAR005.webp,,,,Khairul Sukmanudin,,,IAR005,https://legendstory-production-s3-public.s3.amazonaws.com/media/cards/large/IAR005.webp,,,,Khairul Sukmanudin,,,IAR005,https://legendstory-production-s3-public.s3.amazonaws.com/media/cards/large/IAR005.webp
IAR006,IAR,Devouring Doomwake,Red,1,6,11,3,,,,"Shadow, Brute, Action, Attack",,Blood Debt,,,,,,"When this hits, banish it and all defending cards.

**Blood Debt**",Shadow Brute Action - Attack,,,No,,M,R,,Kimberly Pantoni,,,IAR006,https://legendstory-production-s3-public.s3.amazonaws.com/media/cards/large/IAR006-RF.webp,,,M,,,Kimberly Pantoni,,,IAR006,https://legendstory-production-s3-public.s3.amazonaws.com/media/cards/large/IAR006.webp,,,,,,Kimberly Pantoni,,,IAR006,https://legendstory-production-s3-public.s3.amazonaws.com/media/cards/large/IAR006.webp,,,,Kimberly Pantoni,,,IAR006,https://legendstory-production-s3-public.s3.amazonaws.com/media/cards/large/IAR006.webp,,,,Kimberly Pantoni,,,IAR006,https://legendstory-production-s3-public.s3.amazonaws.com/media/cards/large/IAR006.webp,,,,Kimberly Pantoni,,,IAR006,https://legendstory-production-s3-public.s3.amazonaws.com/media/cards/large/IAR006.webp
IAR007,IAR,Ingest the Unknown,Yellow,2,1,0,3,,,,"Shadow, Brute, Action, Attack",,Blood Debt,,,,,,"When this attacks, banish the top card of your deck. This gets +X{p}, where X is the banished card's base {p}.

**Blood Debt**",Shadow Brute Action - Attack,,,No,,M,R,,Tomasz Jedruszek,,,IAR007,https://legendstory-production-s3-public.s3.amazonaws.com/media/cards/large/IAR007-RF.webp,,,M,,,Tomasz Jedruszek,,,IAR007,https://legendstory-production-s3-public.s3.amazonaws.com/media/cards/large/IAR007.webp,,,,,,Tomasz Jedruszek,,,IAR007,https://legendstory-production-s3-public.s3.amazonaws.com/media/cards/large/IAR007.webp,,,,Tomasz Jedruszek,,,IAR007,https://legendstory-production-s3-public.s3.amazonaws.com/media/cards/large/IAR007.webp,,,,Tomasz Jedruszek,,,IAR007,https://legendstory-production-s3-public.s3.amazonaws.com/media/cards/large/IAR007.webp,,,,Tomasz Jedruszek,,,IAR007,https://legendstory-production-s3-public.s3.amazonaws.com/media/cards/large/IAR007.webp
IAR008,IAR,Consuming Appetite,Yellow,2,3,6,3,,,,"Shadow, Brute, Action, Attack",,Blood Debt,,,Go again,,,"**Instant** - {r}, banish this from your hand: Until end of turn, Blasmophet, the Insatiable Hunger tokens you control get ""**Action** - {t}: **Attack**. **Go again**""

**Blood Debt**",Shadow Brute Action - Attack,,,,,R,R,,Satriasa,,,IAR008,https://legendstory-production-s3-public.s3.amazonaws.com/media/cards/large/IAR008-RF.webp,,,R,,,Satriasa,,,IAR008,https://legendstory-production-s3-public.s3.amazonaws.com/media/cards/large/IAR008.webp,,,,,,Satriasa,,,IAR008,https://legendstory-production-s3-public.s3.amazonaws.com/media/cards/large/IAR008.webp,,,,Satriasa,,,IAR008,https://legendstory-production-s3-public.s3.amazonaws.com/media/cards/large/IAR008.webp,,,,Satriasa,,,IAR008,https://legendstory-production-s3-public.s3.amazonaws.com/media/cards/large/IAR008.webp,,,,Satriasa,,,IAR008,https://legendstory-production-s3-public.s3.amazonaws.com/media/cards/large/IAR008.webp
IAR009,IAR,Consuming Lash,Yellow,2,2,6,3,,,,"Shadow, Brute, Action, Attack",,Blood Debt,Instant,,Go again,,,"Play this only if you control a Blasmophet.

**Instant** - {r}, banish this from your hand: Your next attack this turn gets **go again**.

**Blood Debt**",Shadow Brute Action - Attack,,,,,R,R,,SanSan,,,IAR009,https://legendstory-production-s3-public.s3.amazonaws.com/media/cards/large/IAR009-RF.webp,,,R,,,SanSan,,,IAR009,https://legendstory-production-s3-public.s3.amazonaws.com/media/cards/large/IAR009.webp,,,,,,SanSan,,,IAR009,https://legendstory-production-s3-public.s3.amazonaws.com/media/cards/large/IAR009.webp,,,,SanSan,,,IAR009,https://legendstory-production-s3-public.s3.amazonaws.com/media/cards/large/IAR009.webp,,,,SanSan,,,IAR009,https://legendstory-production-s3-public.s3.amazonaws.com/media/cards/large/IAR009.webp,,,,SanSan,,,IAR009,https://legendstory-production-s3-public.s3.amazonaws.com/media/cards/large/IAR009.webp
IAR010,IAR,Consuming Strength,Yellow,2,2,6,3,,,,"Shadow, Brute, Action, Attack",,Blood Debt,Instant,,,,,"Play this only if you control a Blasmophet.

**Instant** - {r}, banish this from your hand: Your next attack this turn gets +2{p}.

**Blood Debt**",Shadow Brute Action - Attack,,,,,R,R,,Kevin Sidharta,,,IAR010,https://legendstory-production-s3-public.s3.amazonaws.com/media/cards/large/IAR010-RF.webp,,,R,,,Kevin Sidharta,,,IAR010,https://legendstory-production-s3-public.s3.amazonaws.com/media/cards/large/IAR010.webp,,,,,,Kevin Sidharta,,,IAR010,https://legendstory-production-s3-public.s3.amazonaws.com/media/cards/large/IAR010.webp,,,,Kevin Sidharta,,,IAR010,https://legendstory-production-s3-public.s3.amazonaws.com/media/cards/large/IAR010.webp,,,,Kevin Sidharta,,,IAR010,https://legendstory-production-s3-public.s3.amazonaws.com/media/cards/large/IAR010.webp,,,,Kevin Sidharta,,,IAR010,https://legendstory-production-s3-public.s3.amazonaws.com/media/cards/large/IAR010.webp
IAR011,IAR,Hellbound Assault,Red,1,2,7,3,,,,"Shadow, Brute, Action, Attack",,Blood Debt,,,,,,"When this hits, banish it.

**Blood Debt**",Shadow Brute Action - Attack,,,,,R,R,,Carlos Cruchaga,,,IAR011,https://legendstory-production-s3-public.s3.amazonaws.com/media/cards/large/IAR011-RF.webp,,,R,,,Carlos Cruchaga,,,IAR011,https://legendstory-production-s3-public.s3.amazonaws.com/media/cards/large/IAR011.webp,,,,,,Carlos Cruchaga,,,IAR011,https://legendstory-production-s3-public.s3.amazonaws.com/media/cards/large/IAR011.webp,,,,Carlos Cruchaga,,,IAR011,https://legendstory-production-s3-public.s3.amazonaws.com/media/cards/large/IAR011.webp,,,,Carlos Cruchaga,,,IAR011,https://legendstory-production-s3-public.s3.amazonaws.com/media/cards/large/IAR011.webp,,,,Carlos Cruchaga,,,IAR011,https://legendstory-production-s3-public.s3.amazonaws.com/media/cards/large/IAR011.webp
IAR012,IAR,Hellbound Assault,Yellow,2,2,6,3,,,,"Shadow, Brute, Action, Attack",,Blood Debt,,,,,,"When this hits, banish it.

**Blood Debt**",Shadow Brute Action - Attack,,,,,R,R,,Carlos Cruchaga,,,IAR012,https://legendstory-production-s3-public.s3.amazonaws.com/media/cards/large/IAR012-RF.webp,,,R,,,Carlos Cruchaga,,,IAR012,https://legendstory-production-s3-public.s3.amazonaws.com/media/cards/large/IAR012.webp,,,,,,Carlos Cruchaga,,,IAR012,https://legendstory-production-s3-public.s3.amazonaws.com/media/cards/large/IAR012.webp,,,,Carlos Cruchaga,,,IAR012,https://legendstory-production-s3-public.s3.amazonaws.com/media/cards/large/IAR012.webp,,,,Carlos Cruchaga,,,IAR012,https://legendstory-production-s3-public.s3.amazonaws.com/media/cards/large/IAR012.webp,,,,Carlos Cruchaga,,,IAR012,https://legendstory-production-s3-public.s3.amazonaws.com/media/cards/large/IAR012.webp
IAR013,IAR,Hellbound Assault,Blue,3,2,5,3,,,,"Shadow, Brute, Action, Attack",,Blood Debt,,,,,,"When this hits, banish it.

**Blood Debt**",Shadow Brute Action - Attack,,,,,R,R,,Carlos Cruchaga,,,IAR013,https://legendstory-production-s3-public.s3.amazonaws.com/media/cards/large/IAR013-RF.webp,,,R,,,Carlos Cruchaga,,,IAR013,https://legendstory-production-s3-public.s3.amazonaws.com/media/cards/large/IAR013.webp,,,,,,Carlos Cruchaga,,,IAR013,https://legendstory-production-s3-public.s3.amazonaws.com/media/cards/large/IAR013.webp,,,,Carlos Cruchaga,,,IAR013,https://legendstory-production-s3-public.s3.amazonaws.com/media/cards/large/IAR013.webp,,,,Carlos Cruchaga,,,IAR013,https://legendstory-production-s3-public.s3.amazonaws.com/media/cards/large/IAR013.webp,,,,Carlos Cruchaga,,,IAR013,https://legendstory-production-s3-public.s3.amazonaws.com/media/cards/large/IAR013.webp
IAR014,IAR,Rumbling Hunger,Red,1,2,6,3,,,,"Shadow, Brute, Action, Attack",,"Blood Debt, Go again",,,,,,"When this hits, if you've banished a card with 6 or more {p} this turn, create a Blasmophet, the Insatiable Hunger token and this gets **go again**.

**Blood Debt**",Shadow Brute Action - Attack,,,,,R,R,,Marcellino Tan,,,IAR014,https://legendstory-production-s3-public.s3.amazonaws.com/media/cards/large/IAR014-RF.webp,,,R,,,Marcellino Tan,,,IAR014,https://legendstory-production-s3-public.s3.amazonaws.com/media/cards/large/IAR014.webp,,,,,,Marcellino Tan,,,IAR014,https://legendstory-production-s3-public.s3.amazonaws.com/media/cards/large/IAR014.webp,,,,Marcellino Tan,,,IAR014,https://legendstory-production-s3-public.s3.amazonaws.com/media/cards/large/IAR014.webp,,,,Marcellino Tan,,,IAR014,https://legendstory-production-s3-public.s3.amazonaws.com/media/cards/large/IAR014.webp,,,,Marcellino Tan,,,IAR014,https://legendstory-production-s3-public.s3.amazonaws.com/media/cards/large/IAR014.webp
IAR015,IAR,Rumbling Hunger,Yellow,2,2,5,3,,,,"Shadow, Brute, Action, Attack",,"Blood Debt, Go again",,,,,,"When this hits, if you've banished a card with 6 or more {p} this turn, create a Blasmophet, the Insatiable Hunger token and this gets **go again**.

**Blood Debt**",Shadow Brute Action - Attack,,,,,R,R,,Marcellino Tan,,,IAR015,https://legendstory-production-s3-public.s3.amazonaws.com/media/cards/large/IAR015-RF.webp,,,R,,,Marcellino Tan,,,IAR015,https://legendstory-production-s3-public.s3.amazonaws.com/media/cards/large/IAR015.webp,,,,,,Marcellino Tan,,,IAR015,https://legendstory-production-s3-public.s3.amazonaws.com/media/cards/large/IAR015.webp,,,,Marcellino Tan,,,IAR015,https://legendstory-production-s3-public.s3.amazonaws.com/media/cards/large/IAR015.webp,,,,Marcellino Tan,,,IAR015,https://legendstory-production-s3-public.s3.amazonaws.com/media/cards/large/IAR015.webp,,,,Marcellino Tan,,,IAR015,https://legendstory-production-s3-public.s3.amazonaws.com/media/cards/large/IAR015.webp
IAR016,IAR,Rumbling Hunger,Blue,3,2,4,3,,,,"Shadow, Brute, Action, Attack",,"Blood Debt, Go again",,,,,,"When this hits, if you've banished a card with 6 or more {p} this turn, create a Blasmophet, the Insatiable Hunger token and this gets **go again**.

**Blood Debt**",Shadow Brute Action - Attack,,,,,R,R,,Marcellino Tan,,,IAR016,https://legendstory-production-s3-public.s3.amazonaws.com/media/cards/large/IAR016-RF.webp,,,R,,,Marcellino Tan,,,IAR016,https://legendstory-production-s3-public.s3.amazonaws.com/media/cards/large/IAR016.webp,,,,,,Marcellino Tan,,,IAR016,https://legendstory-production-s3-public.s3.amazonaws.com/media/cards/large/IAR016.webp,,,,Marcellino Tan,,,IAR016,https://legendstory-production-s3-public.s3.amazonaws.com/media/cards/large/IAR016.webp,,,,Marcellino Tan,,,IAR016,https://legendstory-production-s3-public.s3.amazonaws.com/media/cards/large/IAR016.webp,,,,Marcellino Tan,,,IAR016,https://legendstory-production-s3-public.s3.amazonaws.com/media/cards/large/IAR016.webp
IAR017,IAR,Beckoning Hunger,Red,1,3,7,3,,,,"Shadow, Brute, Action, Attack",,Blood Debt,,,,,,"When this attacks, banish the top card of your deck.

When this hits, create a Blasmophet, the Insatiable Hunger token.

**Blood Debt**",Shadow Brute Action - Attack,,,,,C,,,Faizal Fikri,,,IAR017,https://legendstory-production-s3-public.s3.amazonaws.com/media/cards/large/IAR017.webp,,,C,R,,Faizal Fikri,,,IAR017,https://legendstory-production-s3-public.s3.amazonaws.com/media/cards/large/IAR017-RF.webp,,,,,,Faizal Fikri,,,IAR017,https://legendstory-production-s3-public.s3.amazonaws.com/media/cards/large/IAR017.webp,,,,Faizal Fikri,,,IAR017,https://legendstory-production-s3-public.s3.amazonaws.com/media/cards/large/IAR017.webp,,,,Faizal Fikri,,,IAR017,https://legendstory-production-s3-public.s3.amazonaws.com/media/cards/large/IAR017.webp,,,,Faizal Fikri,,,IAR017,https://legendstory-production-s3-public.s3.amazonaws.com/media/cards/large/IAR017.webp
IAR018,IAR,Beckoning Hunger,Yellow,2,3,6,3,,,,"Shadow, Brute, Action, Attack",,Blood Debt,,,,,,"When this attacks, banish the top card of your deck.

When this hits, create a Blasmophet, the Insatiable Hunger token.

**Blood Debt**",Shadow Brute Action - Attack,,,,,C,,,Faizal Fikri,,,IAR018,https://legendstory-production-s3-public.s3.amazonaws.com/media/cards/large/IAR018.webp,,,C,R,,Faizal Fikri,,,IAR018,https://legendstory-production-s3-public.s3.amazonaws.com/media/cards/large/IAR018-RF.webp,,,,,,Faizal Fikri,,,IAR018,https://legendstory-production-s3-public.s3.amazonaws.com/media/cards/large/IAR018.webp,,,,Faizal Fikri,,,IAR018,https://legendstory-production-s3-public.s3.amazonaws.com/media/cards/large/IAR018.webp,,,,Faizal Fikri,,,IAR018,https://legendstory-production-s3-public.s3.amazonaws.com/media/cards/large/IAR018.webp,,,,Faizal Fikri,,,IAR018,https://legendstory-production-s3-public.s3.amazonaws.com/media/cards/large/IAR018.webp
IAR019,IAR,Beckoning Hunger,Blue,3,3,5,3,,,,"Shadow, Brute, Action, Attack",,Blood Debt,,,,,,"When this attacks, banish the top card of your deck.

When this hits, create a Blasmophet, the Insatiable Hunger token.

**Blood Debt**",Shadow Brute Action - Attack,,,,,C,,,Faizal Fikri,,,IAR019,https://legendstory-production-s3-public.s3.amazonaws.com/media/cards/large/IAR019.webp,,,C,R,,Faizal Fikri,,,IAR019,https://legendstory-production-s3-public.s3.amazonaws.com/media/cards/large/IAR019-RF.webp,,,,,,Faizal Fikri,,,IAR019,https://legendstory-production-s3-public.s3.amazonaws.com/media/cards/large/IAR019.webp,,,,Faizal Fikri,,,IAR019,https://legendstory-production-s3-public.s3.amazonaws.com/media/cards/large/IAR019.webp,,,,Faizal Fikri,,,IAR019,https://legendstory-production-s3-public.s3.amazonaws.com/media/cards/large/IAR019.webp,,,,Faizal Fikri,,,IAR019,https://legendstory-production-s3-public.s3.amazonaws.com/media/cards/large/IAR019.webp
IAR020,IAR,Cleave the Heavens,Red,1,2,6,3,,,,"Shadow, Brute, Action, Attack",,Blood Debt,,,,,,"**Instant** - Banish this from your hand: Create a Gate to i'Arathael token.

**Blood Debt**",Shadow Brute Action - Attack,,,,,C,R,,Alief Rusdiatama,,,IAR020,https://legendstory-production-s3-public.s3.amazonaws.com/media/cards/large/IAR020-RF.webp,,,C,,,Alief Rusdiatama,,,IAR020,https://legendstory-production-s3-public.s3.amazonaws.com/media/cards/large/IAR020.webp,,,,,,Alief Rusdiatama,,,IAR020,https://legendstory-production-s3-public.s3.amazonaws.com/media/cards/large/IAR020.webp,,,,Alief Rusdiatama,,,IAR020,https://legendstory-production-s3-public.s3.amazonaws.com/media/cards/large/IAR020.webp,,,,Alief Rusdiatama,,,IAR020,https://legendstory-production-s3-public.s3.amazonaws.com/media/cards/large/IAR020.webp,,,,Alief Rusdiatama,,,IAR020,https://legendstory-production-s3-public.s3.amazonaws.com/media/cards/large/IAR020.webp
IAR021,IAR,Cleave the Heavens,Yellow,2,2,5,3,,,,"Shadow, Brute, Action, Attack",,Blood Debt,,,,,,"**Instant** - Banish this from your hand: Create a Gate to i'Arathael token.

**Blood Debt**",Shadow Brute Action - Attack,,,,,C,R,,Alief Rusdiatama,,,IAR021,https://legendstory-production-s3-public.s3.amazonaws.com/media/cards/large/IAR021-RF.webp,,,C,,,Alief Rusdiatama,,,IAR021,https://legendstory-production-s3-public.s3.amazonaws.com/media/cards/large/IAR021.webp,,,,,,Alief Rusdiatama,,,IAR021,https://legendstory-production-s3-public.s3.amazonaws.com/media/cards/large/IAR021.webp,,,,Alief Rusdiatama,,,IAR021,https://legendstory-production-s3-public.s3.amazonaws.com/media/cards/large/IAR021.webp,,,,Alief Rusdiatama,,,IAR021,https://legendstory-production-s3-public.s3.amazonaws.com/media/cards/large/IAR021.webp,,,,Alief Rusdiatama,,,IAR021,https://legendstory-production-s3-public.s3.amazonaws.com/media/cards/large/IAR021.webp
IAR022,IAR,Cleave the Heavens,Blue,3,2,4,3,,,,"Shadow, Brute, Action, Attack",,Blood Debt,,,,,,"**Instant** - Banish this from your hand: Create a Gate to i'Arathael token.

**Blood Debt**",Shadow Brute Action - Attack,,,,,C,R,,Alief Rusdiatama,,,IAR022,https://legendstory-production-s3-public.s3.amazonaws.com/media/cards/large/IAR022-RF.webp,,,C,,,Alief Rusdiatama,,,IAR022,https://legendstory-production-s3-public.s3.amazonaws.com/media/cards/large/IAR022.webp,,,,,,Alief Rusdiatama,,,IAR022,https://legendstory-production-s3-public.s3.amazonaws.com/media/cards/large/IAR022.webp,,,,Alief Rusdiatama,,,IAR022,https://legendstory-production-s3-public.s3.amazonaws.com/media/cards/large/IAR022.webp,,,,Alief Rusdiatama,,,IAR022,https://legendstory-production-s3-public.s3.amazonaws.com/media/cards/large/IAR022.webp,,,,Alief Rusdiatama,,,IAR022,https://legendstory-production-s3-public.s3.amazonaws.com/media/cards/large/IAR022.webp
IAR023,IAR,Feasting Shadowbeast,Red,1,2,6,3,,,,"Shadow, Brute, Action, Attack",,Blood Debt,,,,,,"When this attacks, banish the top card of your deck.

If you've banished a card with 6 or more {p} this turn, this gets +2{p}.

**Blood Debt**",Shadow Brute Action - Attack,,,,,C,R,,Ilham Bahtiar,,,IAR023,https://legendstory-production-s3-public.s3.amazonaws.com/media/cards/large/IAR023-RF.webp,,,C,,,Ilham Bahtiar,,,IAR023,https://legendstory-production-s3-public.s3.amazonaws.com/media/cards/large/IAR023.webp,,,,,,Ilham Bahtiar,,,IAR023,https://legendstory-production-s3-public.s3.amazonaws.com/media/cards/large/IAR023.webp,,,,Ilham Bahtiar,,,IAR023,https://legendstory-production-s3-public.s3.amazonaws.com/media/cards/large/IAR023.webp,,,,Ilham Bahtiar,,,IAR023,https://legendstory-production-s3-public.s3.amazonaws.com/media/cards/large/IAR023.webp,,,,Ilham Bahtiar,,,IAR023,https://legendstory-production-s3-public.s3.amazonaws.com/media/cards/large/IAR023.webp
IAR024,IAR,Feasting Shadowbeast,Yellow,2,2,5,3,,,,"Shadow, Brute, Action, Attack",,Blood Debt,,,,,,"When this attacks, banish the top card of your deck.

If you've banished a card with 6 or more {p} this turn, this gets +2{p}.

**Blood Debt**",Shadow Brute Action - Attack,,,,,C,R,,Ilham Bahtiar,,,IAR024,https://legendstory-production-s3-public.s3.amazonaws.com/media/cards/large/IAR024-RF.webp,,,C,,,Ilham Bahtiar,,,IAR024,https://legendstory-production-s3-public.s3.amazonaws.com/media/cards/large/IAR024.webp,,,,,,Ilham Bahtiar,,,IAR024,https://legendstory-production-s3-public.s3.amazonaws.com/media/cards/large/IAR024.webp,,,,Ilham Bahtiar,,,IAR024,https://legendstory-production-s3-public.s3.amazonaws.com/media/cards/large/IAR024.webp,,,,Ilham Bahtiar,,,IAR024,https://legendstory-production-s3-public.s3.amazonaws.com/media/cards/large/IAR024.webp,,,,Ilham Bahtiar,,,IAR024,https://legendstory-production-s3-public.s3.amazonaws.com/media/cards/large/IAR024.webp
IAR025,IAR,Feasting Shadowbeast,Blue,3,2,4,3,,,,"Shadow, Brute, Action, Attack",,Blood Debt,,,,,,"When this attacks, banish the top card of your deck.

If you've banished a card with 6 or more {p} this turn, this gets +2{p}.

**Blood Debt**",Shadow Brute Action - Attack,,,,,C,R,,Ilham Bahtiar,,,IAR025,https://legendstory-production-s3-public.s3.amazonaws.com/media/cards/large/IAR025-RF.webp,,,C,,,Ilham Bahtiar,,,IAR025,https://legendstory-production-s3-public.s3.amazonaws.com/media/cards/large/IAR025.webp,,,,,,Ilham Bahtiar,,,IAR025,https://legendstory-production-s3-public.s3.amazonaws.com/media/cards/large/IAR025.webp,,,,Ilham Bahtiar,,,IAR025,https://legendstory-production-s3-public.s3.amazonaws.com/media/cards/large/IAR025.webp,,,,Ilham Bahtiar,,,IAR025,https://legendstory-production-s3-public.s3.amazonaws.com/media/cards/large/IAR025.webp,,,,Ilham Bahtiar,,,IAR025,https://legendstory-production-s3-public.s3.amazonaws.com/media/cards/large/IAR025.webp
IAR026,IAR,Feeding Frenzy,Red,1,2,6,3,,,,"Shadow, Brute, Action, Attack",,"Blood Debt, Go again",,,,,,"When this attacks, banish the top card of your deck.

If you've banished a card with 6 or more {p} this turn, this gets **go again**.

**Blood Debt**",Shadow Brute Action - Attack,,,,,C,R,,M Fakhrur Rozzi,,,IAR026,https://legendstory-production-s3-public.s3.amazonaws.com/media/cards/large/IAR026-RF.webp,,,C,,,M Fakhrur Rozzi,,,IAR026,https://legendstory-production-s3-public.s3.amazonaws.com/media/cards/large/IAR026.webp,,,,,,M Fakhrur Rozzi,,,IAR026,https://legendstory-production-s3-public.s3.amazonaws.com/media/cards/large/IAR026.webp,,,,M Fakhrur Rozzi,,,IAR026,https://legendstory-production-s3-public.s3.amazonaws.com/media/cards/large/IAR026.webp,,,,M Fakhrur Rozzi,,,IAR026,https://legendstory-production-s3-public.s3.amazonaws.com/media/cards/large/IAR026.webp,,,,M Fakhrur Rozzi,,,IAR026,https://legendstory-production-s3-public.s3.amazonaws.com/media/cards/large/IAR026.webp
IAR027,IAR,Feeding Frenzy,Yellow,2,2,5,3,,,,"Shadow, Brute, Action, Attack",,"Blood Debt, Go again",,,,,,"When this attacks, banish the top card of your deck.

If you've banished a card with 6 or more {p} this turn, this gets **go again**.

**Blood Debt**",Shadow Brute Action - Attack,,,,,C,R,,M Fakhrur Rozzi,,,IAR027,https://legendstory-production-s3-public.s3.amazonaws.com/media/cards/large/IAR027-RF.webp,,,C,,,M Fakhrur Rozzi,,,IAR027,https://legendstory-production-s3-public.s3.amazonaws.com/media/cards/large/IAR027.webp,,,,,,M Fakhrur Rozzi,,,IAR027,https://legendstory-production-s3-public.s3.amazonaws.com/media/cards/large/IAR027.webp,,,,M Fakhrur Rozzi,,,IAR027,https://legendstory-production-s3-public.s3.amazonaws.com/media/cards/large/IAR027.webp,,,,M Fakhrur Rozzi,,,IAR027,https://legendstory-production-s3-public.s3.amazonaws.com/media/cards/large/IAR027.webp,,,,M Fakhrur Rozzi,,,IAR027,https://legendstory-production-s3-public.s3.amazonaws.com/media/cards/large/IAR027.webp
IAR028,IAR,Feeding Frenzy,Blue,3,2,4,3,,,,"Shadow, Brute, Action, Attack",,"Blood Debt, Go again",,,,,,"When this attacks, banish the top card of your deck.

If you've banished a card with 6 or more {p} this turn, this gets **go again**.

**Blood Debt**",Shadow Brute Action - Attack,,,,,C,R,,M Fakhrur Rozzi,,,IAR028,https://legendstory-production-s3-public.s3.amazonaws.com/media/cards/large/IAR028-RF.webp,,,C,,,M Fakhrur Rozzi,,,IAR028,https://legendstory-production-s3-public.s3.amazonaws.com/media/cards/large/IAR028.webp,,,,,,M Fakhrur Rozzi,,,IAR028,https://legendstory-production-s3-public.s3.amazonaws.com/media/cards/large/IAR028.webp,,,,M Fakhrur Rozzi,,,IAR028,https://legendstory-production-s3-public.s3.amazonaws.com/media/cards/large/IAR028.webp,,,,M Fakhrur Rozzi,,,IAR028,https://legendstory-production-s3-public.s3.amazonaws.com/media/cards/large/IAR028.webp,,,,M Fakhrur Rozzi,,,IAR028,https://legendstory-production-s3-public.s3.amazonaws.com/media/cards/large/IAR028.webp
IAR029,IAR,Gorging Shadowbeast,Red,1,2,7,3,,,,"Shadow, Brute, Action, Attack",,Blood Debt,,,,,,"When this attacks, banish the top card of your deck.

**Blood Debt**",Shadow Brute Action - Attack,,,,,C,R,,Alif Zahrah,,,IAR029,https://legendstory-production-s3-public.s3.amazonaws.com/media/cards/large/IAR029-RF.webp,,,C,,,Alif Zahrah,,,IAR029,https://legendstory-production-s3-public.s3.amazonaws.com/media/cards/large/IAR029.webp,,,,,,Alif Zahrah,,,IAR029,https://legendstory-production-s3-public.s3.amazonaws.com/media/cards/large/IAR029.webp,,,,Alif Zahrah,,,IAR029,https://legendstory-production-s3-public.s3.amazonaws.com/media/cards/large/IAR029.webp,,,,Alif Zahrah,,,IAR029,https://legendstory-production-s3-public.s3.amazonaws.com/media/cards/large/IAR029.webp,,,,Alif Zahrah,,,IAR029,https://legendstory-production-s3-public.s3.amazonaws.com/media/cards/large/IAR029.webp
IAR030,IAR,Gorging Shadowbeast,Yellow,2,2,6,3,,,,"Shadow, Brute, Action, Attack",,Blood Debt,,,,,,"When this attacks, banish the top card of your deck.

**Blood Debt**",Shadow Brute Action - Attack,,,,,C,R,,Alif Zahrah,,,IAR030,https://legendstory-production-s3-public.s3.amazonaws.com/media/cards/large/IAR030-RF.webp,,,C,,,Alif Zahrah,,,IAR030,https://legendstory-production-s3-public.s3.amazonaws.com/media/cards/large/IAR030.webp,,,,,,Alif Zahrah,,,IAR030,https://legendstory-production-s3-public.s3.amazonaws.com/media/cards/large/IAR030.webp,,,,Alif Zahrah,,,IAR030,https://legendstory-production-s3-public.s3.amazonaws.com/media/cards/large/IAR030.webp,,,,Alif Zahrah,,,IAR030,https://legendstory-production-s3-public.s3.amazonaws.com/media/cards/large/IAR030.webp,,,,Alif Zahrah,,,IAR030,https://legendstory-production-s3-public.s3.amazonaws.com/media/cards/large/IAR030.webp
IAR031,IAR,Gorging Shadowbeast,Blue,3,2,5,3,,,,"Shadow, Brute, Action, Attack",,Blood Debt,,,,,,"When this attacks, banish the top card of your deck.

**Blood Debt**",Shadow Brute Action - Attack,,,,,C,R,,Alif Zahrah,,,IAR031,https://legendstory-production-s3-public.s3.amazonaws.com/media/cards/large/IAR031-RF.webp,,,C,,,Alif Zahrah,,,IAR031,https://legendstory-production-s3-public.s3.amazonaws.com/media/cards/large/IAR031.webp,,,,,,Alif Zahrah,,,IAR031,https://legendstory-production-s3-public.s3.amazonaws.com/media/cards/large/IAR031.webp,,,,Alif Zahrah,,,IAR031,https://legendstory-production-s3-public.s3.amazonaws.com/media/cards/large/IAR031.webp,,,,Alif Zahrah,,,IAR031,https://legendstory-production-s3-public.s3.amazonaws.com/media/cards/large/IAR031.webp,,,,Alif Zahrah,,,IAR031,https://legendstory-production-s3-public.s3.amazonaws.com/media/cards/large/IAR031.webp
IAR032,IAR,Satiate Bloodthirst,Red,1,3,7,2,,,,"Shadow, Brute, Action, Attack",,Blood Debt,,,,,,"**Instant** - Banish this from your hand: Gain 1{h}

**Blood Debt**",Shadow Brute Action - Attack,,,,,C,R,,Jefrey Yonathan,,,IAR032,https://legendstory-production-s3-public.s3.amazonaws.com/media/cards/large/IAR032-RF.webp,,,C,,,Jefrey Yonathan,,,IAR032,https://legendstory-production-s3-public.s3.amazonaws.com/media/cards/large/IAR032.webp,,,,,,Jefrey Yonathan,,,IAR032,https://legendstory-production-s3-public.s3.amazonaws.com/media/cards/large/IAR032.webp,,,,Jefrey Yonathan,,,IAR032,https://legendstory-production-s3-public.s3.amazonaws.com/media/cards/large/IAR032.webp,,,,Jefrey Yonathan,,,IAR032,https://legendstory-production-s3-public.s3.amazonaws.com/media/cards/large/IAR032.webp,,,,Jefrey Yonathan,,,IAR032,https://legendstory-production-s3-public.s3.amazonaws.com/media/cards/large/IAR032.webp
IAR033,IAR,Satiate Bloodthirst,Yellow,2,3,6,2,,,,"Shadow, Brute, Action, Attack",,Blood Debt,,,,,,"**Instant** - Banish this from your hand: Gain 1{h}

**Blood Debt**",Shadow Brute Action - Attack,,,,,C,R,,Jefrey Yonathan,,,IAR033,https://legendstory-production-s3-public.s3.amazonaws.com/media/cards/large/IAR033-RF.webp,,,C,,,Jefrey Yonathan,,,IAR033,https://legendstory-production-s3-public.s3.amazonaws.com/media/cards/large/IAR033.webp,,,,,,Jefrey Yonathan,,,IAR033,https://legendstory-production-s3-public.s3.amazonaws.com/media/cards/large/IAR033.webp,,,,Jefrey Yonathan,,,IAR033,https://legendstory-production-s3-public.s3.amazonaws.com/media/cards/large/IAR033.webp,,,,Jefrey Yonathan,,,IAR033,https://legendstory-production-s3-public.s3.amazonaws.com/media/cards/large/IAR033.webp,,,,Jefrey Yonathan,,,IAR033,https://legendstory-production-s3-public.s3.amazonaws.com/media/cards/large/IAR033.webp
IAR034,IAR,Satiate Bloodthirst,Blue,3,3,5,2,,,,"Shadow, Brute, Action, Attack",,Blood Debt,,,,,,"**Instant** - Banish this from your hand: Gain 1{h}

**Blood Debt**",Shadow Brute Action - Attack,,,,,C,R,,Jefrey Yonathan,,,IAR034,https://legendstory-production-s3-public.s3.amazonaws.com/media/cards/large/IAR034-RF.webp,,,C,,,Jefrey Yonathan,,,IAR034,https://legendstory-production-s3-public.s3.amazonaws.com/media/cards/large/IAR034.webp,,,,,,Jefrey Yonathan,,,IAR034,https://legendstory-production-s3-public.s3.amazonaws.com/media/cards/large/IAR034.webp,,,,Jefrey Yonathan,,,IAR034,https://legendstory-production-s3-public.s3.amazonaws.com/media/cards/large/IAR034.webp,,,,Jefrey Yonathan,,,IAR034,https://legendstory-production-s3-public.s3.amazonaws.com/media/cards/large/IAR034.webp,,,,Jefrey Yonathan,,,IAR034,https://legendstory-production-s3-public.s3.amazonaws.com/media/cards/large/IAR034.webp
IAR035,IAR,Blasmophet's Boon,Blue,3,1,*,3,,,,"Shadow, Brute, Action, Attack",,Blood Debt,,,,,,"If you control a Blasmophet, this card's {p} is 6. Otherwise, it's 0.

**Blood Debt**",Shadow Brute Action - Attack,,,,,C,R,,Raynor Maharsi,,,IAR035,https://legendstory-production-s3-public.s3.amazonaws.com/media/cards/large/IAR035-RF.webp,,,C,,,Raynor Maharsi,,,IAR035,https://legendstory-production-s3-public.s3.amazonaws.com/media/cards/large/IAR035.webp,,,,,,Raynor Maharsi,,,IAR035,https://legendstory-production-s3-public.s3.amazonaws.com/media/cards/large/IAR035.webp,,,,Raynor Maharsi,,,IAR035,https://legendstory-production-s3-public.s3.amazonaws.com/media/cards/large/IAR035.webp,,,,Raynor Maharsi,,,IAR035,https://legendstory-production-s3-public.s3.amazonaws.com/media/cards/large/IAR035.webp,,,,Raynor Maharsi,,,IAR035,https://legendstory-production-s3-public.s3.amazonaws.com/media/cards/large/IAR035.webp
IAR036,IAR,Consuming Command,Blue,3,1,,3,,,,"Shadow, Brute, Action",,"Blood Debt, Go again",,,,,,"Until end of turn, Blasmophet, the Insatiable Hunger tokens you control get ""**Action** - {t}: **Attack**. **Go again**""

**Go again**

**Blood Debt**",Shadow Brute Action,,,,,C,R,,Mariusz Gandzel,,,IAR036,https://legendstory-production-s3-public.s3.amazonaws.com/media/cards/large/IAR036-RF.webp,,,C,,,Mariusz Gandzel,,,IAR036,https://legendstory-production-s3-public.s3.amazonaws.com/media/cards/large/IAR036.webp,,,,,,Mariusz Gandzel,,,IAR036,https://legendstory-production-s3-public.s3.amazonaws.com/media/cards/large/IAR036.webp,,,,Mariusz Gandzel,,,IAR036,https://legendstory-production-s3-public.s3.amazonaws.com/media/cards/large/IAR036.webp,,,,Mariusz Gandzel,,,IAR036,https://legendstory-production-s3-public.s3.amazonaws.com/media/cards/large/IAR036.webp,,,,Mariusz Gandzel,,,IAR036,https://legendstory-production-s3-public.s3.amazonaws.com/media/cards/large/IAR036.webp
IAR037,IAR,Goremass Summoning,Blue,3,2,,3,,,,"Shadow, Brute, Action",,Go again,,,,,,"If you've banished a card with 6 or more {p} this turn, create a Blasmophet, the Insatiable Hunger token.

**Go again**",Shadow Brute Action,,,,,C,R,,Farhan Pratama,,,IAR037,https://legendstory-production-s3-public.s3.amazonaws.com/media/cards/large/IAR037-RF.webp,,,C,,,Farhan Pratama,,,IAR037,https://legendstory-production-s3-public.s3.amazonaws.com/media/cards/large/IAR037.webp,,,,,,Farhan Pratama,,,IAR037,https://legendstory-production-s3-public.s3.amazonaws.com/media/cards/large/IAR037.webp,,,,Farhan Pratama,,,IAR037,https://legendstory-production-s3-public.s3.amazonaws.com/media/cards/large/IAR037.webp,,,,Farhan Pratama,,,IAR037,https://legendstory-production-s3-public.s3.amazonaws.com/media/cards/large/IAR037.webp,,,,Farhan Pratama,,,IAR037,https://legendstory-production-s3-public.s3.amazonaws.com/media/cards/large/IAR037.webp
IAR038,IAR,Boneseer Skullcap,,,,,2,,,,"Brute, Equipment, Head",,Temper,,,,,,"When this defends, reveal the top card of your deck. If it has 6 or more base {p}, put it on top. Otherwise, put it on the bottom.

**Temper**",Brute Equipment - Head,,,No,,L,C,,Ramza Ardyputra,,,IAR038,https://legendstory-production-s3-public.s3.amazonaws.com/media/cards/large/IAR038-CF.webp,,,L,R,,Ramza Ardyputra,,,IAR038,https://legendstory-production-s3-public.s3.amazonaws.com/media/cards/large/IAR038-RF.webp,,,,,,Ramza Ardyputra,,,IAR038,https://legendstory-production-s3-public.s3.amazonaws.com/media/cards/large/IAR038.webp,,,,Ramza Ardyputra,,,IAR038,https://legendstory-production-s3-public.s3.amazonaws.com/media/cards/large/IAR038.webp,,,,Ramza Ardyputra,,,IAR038,https://legendstory-production-s3-public.s3.amazonaws.com/media/cards/large/IAR038.webp,,,,Ramza Ardyputra,,,IAR038,https://legendstory-production-s3-public.s3.amazonaws.com/media/cards/large/IAR038.webp
IAR039,IAR,Apex Buster,Yellow,2,3,6,3,,,,"Brute, Action, Attack",,,Instant,,,,,"**Instant** - {r}{r}, discard this: Destroy target card that is defending an attack you control with 6 or more base {p}.",Brute Action - Attack,,,No,,M,R,,Surya Feby,,,IAR039,https://legendstory-production-s3-public.s3.amazonaws.com/media/cards/large/IAR039-RF.webp,,,M,,,Surya Feby,,,IAR039,https://legendstory-production-s3-public.s3.amazonaws.com/media/cards/large/IAR039.webp,,,,,,Surya Feby,,,IAR039,https://legendstory-production-s3-public.s3.amazonaws.com/media/cards/large/IAR039.webp,,,,Surya Feby,,,IAR039,https://legendstory-production-s3-public.s3.amazonaws.com/media/cards/large/IAR039.webp,,,,Surya Feby,,,IAR039,https://legendstory-production-s3-public.s3.amazonaws.com/media/cards/large/IAR039.webp,,,,Surya Feby,,,IAR039,https://legendstory-production-s3-public.s3.amazonaws.com/media/cards/large/IAR039.webp
IAR040,IAR,Battle Clearing Bellow,Blue,3,3,,3,,,,"Brute, Action",,Go again,,,,,,"Your next attack with 6 or more base {p} this turn gets +6{p}.

**Go again**",Brute Action,,,No,,M,R,,Dzulfikar Aliy,,,IAR040,https://legendstory-production-s3-public.s3.amazonaws.com/media/cards/large/IAR040-RF.webp,,,M,,,Dzulfikar Aliy,,,IAR040,https://legendstory-production-s3-public.s3.amazonaws.com/media/cards/large/IAR040.webp,,,,,,Dzulfikar Aliy,,,IAR040,https://legendstory-production-s3-public.s3.amazonaws.com/media/cards/large/IAR040.webp,,,,Dzulfikar Aliy,,,IAR040,https://legendstory-production-s3-public.s3.amazonaws.com/media/cards/large/IAR040.webp,,,,Dzulfikar Aliy,,,IAR040,https://legendstory-production-s3-public.s3.amazonaws.com/media/cards/large/IAR040.webp,,,,Dzulfikar Aliy,,,IAR040,https://legendstory-production-s3-public.s3.amazonaws.com/media/cards/large/IAR040.webp
IAR041,IAR,Peak Power,Red,1,3,7,2,,,,"Brute, Action, Attack",,Overpower,,,,,,"When this attacks, reveal the top card of your deck. If the revealed card has 6 or more base {p}, this gets **overpower**.",Brute Action - Attack,,,,,R,R,,Nikolay Moskvin,,,IAR041,https://legendstory-production-s3-public.s3.amazonaws.com/media/cards/large/IAR041-RF.webp,,,R,,,Nikolay Moskvin,,,IAR041,https://legendstory-production-s3-public.s3.amazonaws.com/media/cards/large/IAR041.webp,,,,,,Nikolay Moskvin,,,IAR041,https://legendstory-production-s3-public.s3.amazonaws.com/media/cards/large/IAR041.webp,,,,Nikolay Moskvin,,,IAR041,https://legendstory-production-s3-public.s3.amazonaws.com/media/cards/large/IAR041.webp,,,,Nikolay Moskvin,,,IAR041,https://legendstory-production-s3-public.s3.amazonaws.com/media/cards/large/IAR041.webp,,,,Nikolay Moskvin,,,IAR041,https://legendstory-production-s3-public.s3.amazonaws.com/media/cards/large/IAR041.webp
IAR042,IAR,Peak Power,Yellow,2,3,6,2,,,,"Brute, Action, Attack",,Overpower,,,,,,"When this attacks, reveal the top card of your deck. If the revealed card has 6 or more base {p}, this gets **overpower**.",Brute Action - Attack,,,,,R,R,,Nikolay Moskvin,,,IAR042,https://legendstory-production-s3-public.s3.amazonaws.com/media/cards/large/IAR042-RF.webp,,,R,,,Nikolay Moskvin,,,IAR042,https://legendstory-production-s3-public.s3.amazonaws.com/media/cards/large/IAR042.webp,,,,,,Nikolay Moskvin,,,IAR042,https://legendstory-production-s3-public.s3.amazonaws.com/media/cards/large/IAR042.webp,,,,Nikolay Moskvin,,,IAR042,https://legendstory-production-s3-public.s3.amazonaws.com/media/cards/large/IAR042.webp,,,,Nikolay Moskvin,,,IAR042,https://legendstory-production-s3-public.s3.amazonaws.com/media/cards/large/IAR042.webp,,,,Nikolay Moskvin,,,IAR042,https://legendstory-production-s3-public.s3.amazonaws.com/media/cards/large/IAR042.webp
IAR043,IAR,Peak Power,Blue,3,3,5,2,,,,"Brute, Action, Attack",,Overpower,,,,,,"When this attacks, reveal the top card of your deck. If the revealed card has 6 or more base {p}, this gets **overpower**.",Brute Action - Attack,,,,,R,R,,Nikolay Moskvin,,,IAR043,https://legendstory-production-s3-public.s3.amazonaws.com/media/cards/large/IAR043-RF.webp,,,R,,,Nikolay Moskvin,,,IAR043,https://legendstory-production-s3-public.s3.amazonaws.com/media/cards/large/IAR043.webp,,,,,,Nikolay Moskvin,,,IAR043,https://legendstory-production-s3-public.s3.amazonaws.com/media/cards/large/IAR043.webp,,,,Nikolay Moskvin,,,IAR043,https://legendstory-production-s3-public.s3.amazonaws.com/media/cards/large/IAR043.webp,,,,Nikolay Moskvin,,,IAR043,https://legendstory-production-s3-public.s3.amazonaws.com/media/cards/large/IAR043.webp,,,,Nikolay Moskvin,,,IAR043,https://legendstory-production-s3-public.s3.amazonaws.com/media/cards/large/IAR043.webp
IAR044,IAR,Rocktop Bellow,Red,1,2,,2,,,,"Brute, Action",,"Overpower, Go again",,,,,,"Reveal the top card of your deck. If the revealed card has 6 or more base {p}, your next attack this turn gets **overpower**. Otherwise, put the revealed card on the bottom.

Your next attack this turn gets +4{p}. **Go again**",Brute Action,,,,,R,R,,Aluísio Cervelle,,,IAR044,https://legendstory-production-s3-public.s3.amazonaws.com/media/cards/large/IAR044-RF.webp,,,R,,,Aluísio Cervelle,,,IAR044,https://legendstory-production-s3-public.s3.amazonaws.com/media/cards/large/IAR044.webp,,,,,,Aluísio Cervelle,,,IAR044,https://legendstory-production-s3-public.s3.amazonaws.com/media/cards/large/IAR044.webp,,,,Aluísio Cervelle,,,IAR044,https://legendstory-production-s3-public.s3.amazonaws.com/media/cards/large/IAR044.webp,,,,Aluísio Cervelle,,,IAR044,https://legendstory-production-s3-public.s3.amazonaws.com/media/cards/large/IAR044.webp,,,,Aluísio Cervelle,,,IAR044,https://legendstory-production-s3-public.s3.amazonaws.com/media/cards/large/IAR044.webp
IAR045,IAR,Rocktop Bellow,Yellow,2,2,,2,,,,"Brute, Action",,"Overpower, Go again",,,,,,"Reveal the top card of your deck. If the revealed card has 6 or more base {p}, your next attack this turn gets **overpower**. Otherwise, put the revealed card on the bottom.

Your next attack this turn gets +3{p}. **Go again**",Brute Action,,,,,R,R,,Aluísio Cervelle,,,IAR045,https://legendstory-production-s3-public.s3.amazonaws.com/media/cards/large/IAR045-RF.webp,,,R,,,Aluísio Cervelle,,,IAR045,https://legendstory-production-s3-public.s3.amazonaws.com/media/cards/large/IAR045.webp,,,,,,Aluísio Cervelle,,,IAR045,https://legendstory-production-s3-public.s3.amazonaws.com/media/cards/large/IAR045.webp,,,,Aluísio Cervelle,,,IAR045,https://legendstory-production-s3-public.s3.amazonaws.com/media/cards/large/IAR045.webp,,,,Aluísio Cervelle,,,IAR045,https://legendstory-production-s3-public.s3.amazonaws.com/media/cards/large/IAR045.webp,,,,Aluísio Cervelle,,,IAR045,https://legendstory-production-s3-public.s3.amazonaws.com/media/cards/large/IAR045.webp
IAR046,IAR,Rocktop Bellow,Blue,3,2,,2,,,,"Brute, Action",,"Overpower, Go again",,,,,,"Reveal the top card of your deck. If the revealed card has 6 or more base {p}, your next attack this turn gets **overpower**. Otherwise, put the revealed card on the bottom.

Your next attack this turn gets +2{p}. **Go again**",Brute Action,,,,,R,R,,Aluísio Cervelle,,,IAR046,https://legendstory-production-s3-public.s3.amazonaws.com/media/cards/large/IAR046-RF.webp,,,R,,,Aluísio Cervelle,,,IAR046,https://legendstory-production-s3-public.s3.amazonaws.com/media/cards/large/IAR046.webp,,,,,,Aluísio Cervelle,,,IAR046,https://legendstory-production-s3-public.s3.amazonaws.com/media/cards/large/IAR046.webp,,,,Aluísio Cervelle,,,IAR046,https://legendstory-production-s3-public.s3.amazonaws.com/media/cards/large/IAR046.webp,,,,Aluísio Cervelle,,,IAR046,https://legendstory-production-s3-public.s3.amazonaws.com/media/cards/large/IAR046.webp,,,,Aluísio Cervelle,,,IAR046,https://legendstory-production-s3-public.s3.amazonaws.com/media/cards/large/IAR046.webp
IAR047,IAR,Headstrong Stampede,Red,1,2,6,2,,,,"Brute, Action, Attack",,Go again,,,,,,"When this attacks, reveal the top card of your deck. If the revealed card has 6 or more base {p}, this gets **go again**.",Brute Action - Attack,,,,,C,R,,Audy Ravindra,,,IAR047,https://legendstory-production-s3-public.s3.amazonaws.com/media/cards/large/IAR047-RF.webp,,,C,,,Audy Ravindra,,,IAR047,https://legendstory-production-s3-public.s3.amazonaws.com/media/cards/large/IAR047.webp,,,,,,Audy Ravindra,,,IAR047,https://legendstory-production-s3-public.s3.amazonaws.com/media/cards/large/IAR047.webp,,,,Audy Ravindra,,,IAR047,https://legendstory-production-s3-public.s3.amazonaws.com/media/cards/large/IAR047.webp,,,,Audy Ravindra,,,IAR047,https://legendstory-production-s3-public.s3.amazonaws.com/media/cards/large/IAR047.webp,,,,Audy Ravindra,,,IAR047,https://legendstory-production-s3-public.s3.amazonaws.com/media/cards/large/IAR047.webp
IAR048,IAR,Headstrong Stampede,Yellow,2,2,5,2,,,,"Brute, Action, Attack",,Go again,,,,,,"When this attacks, reveal the top card of your deck. If the revealed card has 6 or more base {p}, this gets **go again**.",Brute Action - Attack,,,,,C,R,,Audy Ravindra,,,IAR048,https://legendstory-production-s3-public.s3.amazonaws.com/media/cards/large/IAR048-RF.webp,,,C,,,Audy Ravindra,,,IAR048,https://legendstory-production-s3-public.s3.amazonaws.com/media/cards/large/IAR048.webp,,,,,,Audy Ravindra,,,IAR048,https://legendstory-production-s3-public.s3.amazonaws.com/media/cards/large/IAR048.webp,,,,Audy Ravindra,,,IAR048,https://legendstory-production-s3-public.s3.amazonaws.com/media/cards/large/IAR048.webp,,,,Audy Ravindra,,,IAR048,https://legendstory-production-s3-public.s3.amazonaws.com/media/cards/large/IAR048.webp,,,,Audy Ravindra,,,IAR048,https://legendstory-production-s3-public.s3.amazonaws.com/media/cards/large/IAR048.webp
IAR049,IAR,Headstrong Stampede,Blue,3,2,4,2,,,,"Brute, Action, Attack",,Go again,,,,,,"When this attacks, reveal the top card of your deck. If the revealed card has 6 or more base {p}, this gets **go again**.",Brute Action - Attack,,,,,C,R,,Audy Ravindra,,,IAR049,https://legendstory-production-s3-public.s3.amazonaws.com/media/cards/large/IAR049-RF.webp,,,C,,,Audy Ravindra,,,IAR049,https://legendstory-production-s3-public.s3.amazonaws.com/media/cards/large/IAR049.webp,,,,,,Audy Ravindra,,,IAR049,https://legendstory-production-s3-public.s3.amazonaws.com/media/cards/large/IAR049.webp,,,,Audy Ravindra,,,IAR049,https://legendstory-production-s3-public.s3.amazonaws.com/media/cards/large/IAR049.webp,,,,Audy Ravindra,,,IAR049,https://legendstory-production-s3-public.s3.amazonaws.com/media/cards/large/IAR049.webp,,,,Audy Ravindra,,,IAR049,https://legendstory-production-s3-public.s3.amazonaws.com/media/cards/large/IAR049.webp
IAR050,IAR,Rise to the Challenge,Red,1,,,3,,,,"Brute, Block",,,,,,,,"When this defends, reveal the top card of your deck. If the revealed card has 6 or more base {p}, this gets +2{d}. Otherwise, put the revealed card on the bottom.

**Instant** - Discard this: Your next attack this turn gets +2{p}.",Brute Block,,,,,C,R,,Nikolay Moskvin,,,IAR050,https://legendstory-production-s3-public.s3.amazonaws.com/media/cards/large/IAR050-RF.webp,,,C,,,Nikolay Moskvin,,,IAR050,https://legendstory-production-s3-public.s3.amazonaws.com/media/cards/large/IAR050.webp,,,,,,Nikolay Moskvin,,,IAR050,https://legendstory-production-s3-public.s3.amazonaws.com/media/cards/large/IAR050.webp,,,,Nikolay Moskvin,,,IAR050,https://legendstory-production-s3-public.s3.amazonaws.com/media/cards/large/IAR050.webp,,,,Nikolay Moskvin,,,IAR050,https://legendstory-production-s3-public.s3.amazonaws.com/media/cards/large/IAR050.webp,,,,Nikolay Moskvin,,,IAR050,https://legendstory-production-s3-public.s3.amazonaws.com/media/cards/large/IAR050.webp
IAR051,IAR,Rise to the Challenge,Yellow,2,,,2,,,,"Brute, Block",,,,,,,,"When this defends, reveal the top card of your deck. If the revealed card has 6 or more base {p}, this gets +2{d}. Otherwise, put the revealed card on the bottom.

**Instant** - Discard this: Your next attack this turn gets +2{p}.",Brute Block,,,,,C,R,,Nikolay Moskvin,,,IAR051,https://legendstory-production-s3-public.s3.amazonaws.com/media/cards/large/IAR051-RF.webp,,,C,,,Nikolay Moskvin,,,IAR051,https://legendstory-production-s3-public.s3.amazonaws.com/media/cards/large/IAR051.webp,,,,,,Nikolay Moskvin,,,IAR051,https://legendstory-production-s3-public.s3.amazonaws.com/media/cards/large/IAR051.webp,,,,Nikolay Moskvin,,,IAR051,https://legendstory-production-s3-public.s3.amazonaws.com/media/cards/large/IAR051.webp,,,,Nikolay Moskvin,,,IAR051,https://legendstory-production-s3-public.s3.amazonaws.com/media/cards/large/IAR051.webp,,,,Nikolay Moskvin,,,IAR051,https://legendstory-production-s3-public.s3.amazonaws.com/media/cards/large/IAR051.webp
IAR052,IAR,Rise to the Challenge,Blue,3,,,1,,,,"Brute, Block",,,,,,,,"When this defends, reveal the top card of your deck. If the revealed card has 6 or more base {p}, this gets +2{d}. Otherwise, put the revealed card on the bottom.

**Instant** - Discard this: Your next attack this turn gets +2{p}.",Brute Block,,,,,C,R,,Nikolay Moskvin,,,IAR052,https://legendstory-production-s3-public.s3.amazonaws.com/media/cards/large/IAR052-RF.webp,,,C,,,Nikolay Moskvin,,,IAR052,https://legendstory-production-s3-public.s3.amazonaws.com/media/cards/large/IAR052.webp,,,,,,Nikolay Moskvin,,,IAR052,https://legendstory-production-s3-public.s3.amazonaws.com/media/cards/large/IAR052.webp,,,,Nikolay Moskvin,,,IAR052,https://legendstory-production-s3-public.s3.amazonaws.com/media/cards/large/IAR052.webp,,,,Nikolay Moskvin,,,IAR052,https://legendstory-production-s3-public.s3.amazonaws.com/media/cards/large/IAR052.webp,,,,Nikolay Moskvin,,,IAR052,https://legendstory-production-s3-public.s3.amazonaws.com/media/cards/large/IAR052.webp
"IAR053,GEM184,AMA001","IAR,GEM,AMA","Malice, Domina of the Dead",,,,,,40,4,,"Shadow, Necromancer, Hero",,,Action,Go again,,,,"**Action** - {r}, {t}: Until end of turn, you may play target zombie from your graveyard. **Go again**

Whenever a zombie you control dies, banish it face-down and create a Corrupted Corpse in your banished Zone.",Shadow Necromancer Hero,,,No,,B,,,João G. Santos,,,IAR053,https://legendstory-production-s3-public.s3.amazonaws.com/media/cards/large/IAR053.webp,,,V,C,FA,João G. Santos,,,GEM184,https://legendstory-production-s3-public.s3.amazonaws.com/media/cards/large/GEM184-MV.webp,,,V,C,FA,João G. Santos,,,GEM184,https://legendstory-production-s3-public.s3.amazonaws.com/media/cards/large/GEM184-MV_BACK.webp,M,R,,João G. Santos,,,AMA001,https://legendstory-production-s3-public.s3.amazonaws.com/media/cards/large/AMA001-RF.webp,,,,João G. Santos,,,AMA001,https://legendstory-production-s3-public.s3.amazonaws.com/media/cards/large/AMA001.webp,,,,João G. Santos,,,AMA001,https://legendstory-production-s3-public.s3.amazonaws.com/media/cards/large/AMA001.webp
IAR054,IAR,Malice,,,,,,20,4,,"Shadow, Necromancer, Hero, Young",,,Action,Go again,,,,"**Action** - {r}, {t}: Until end of turn, you may play target zombie from your graveyard. **Go again**

Whenever a zombie you control dies, banish it face-down and create a Corrupted Corpse in your banished Zone.",Shadow Necromancer Hero - Young,,No,,No,B,,,João G. Santos,,,IAR054,https://legendstory-production-s3-public.s3.amazonaws.com/media/cards/large/IAR054.webp,,,V,C,FA,João G. Santos,,,IAR054,https://legendstory-production-s3-public.s3.amazonaws.com/media/cards/large/IAR054-MV.webp,,,V,C,FA,João G. Santos,,,IAR054,https://legendstory-production-s3-public.s3.amazonaws.com/media/cards/large/IAR054-MV_BACK.webp,,,,João G. Santos,,,IAR054,https://legendstory-production-s3-public.s3.amazonaws.com/media/cards/large/IAR054.webp,,,,João G. Santos,,,IAR054,https://legendstory-production-s3-public.s3.amazonaws.com/media/cards/large/IAR054.webp,,,,João G. Santos,,,IAR054,https://legendstory-production-s3-public.s3.amazonaws.com/media/cards/large/IAR054.webp
"IAR055,AMA002","IAR,AMA",Vox Necropolis,,,,,,,,,"Shadow, Necromancer, Weapon, Staff, 2H",,,,,Attack,,,"During your action phase, zombies you've played from a graveyard or banished zone enter the arena tapped and get ""When this enters the arena, **attack** with it.""

Zombies you control get ""**Action** - {r}, {t}: **Attack**""",Shadow Necromancer Weapon - Staff (2H),,,,,B,,,Jessketchin,,,IAR055,https://legendstory-production-s3-public.s3.amazonaws.com/media/cards/large/IAR055.webp,,,,,,Jessketchin,,,IAR055,https://legendstory-production-s3-public.s3.amazonaws.com/media/cards/large/IAR055.webp,,,C,R,,Jessketchin,,,AMA002,https://legendstory-production-s3-public.s3.amazonaws.com/media/cards/large/AMA002-RF.webp,,,,Jessketchin,,,AMA002,https://legendstory-production-s3-public.s3.amazonaws.com/media/cards/large/AMA002.webp,,,,Jessketchin,,,AMA002,https://legendstory-production-s3-public.s3.amazonaws.com/media/cards/large/AMA002.webp,,,,Jessketchin,,,AMA002,https://legendstory-production-s3-public.s3.amazonaws.com/media/cards/large/AMA002.webp
IAR056,IAR,Appalling Bearers,,,,,0,,,,"Shadow, Necromancer, Equipment, Arms",,,Instant,,,,,"**Instant** - Discard a zombie, destroy this: Prevent the next 2 damage that would be dealt to you this turn.",Shadow Necromancer Equipment - Arms,,,,,B,,,Nikolay Moskvin,,,IAR056,https://legendstory-production-s3-public.s3.amazonaws.com/media/cards/large/IAR056.webp,,,B,C,EA,Nikolay Moskvin,,,IAR056,https://legendstory-production-s3-public.s3.amazonaws.com/media/cards/large/IAR056-CF.webp,,,,,,Nikolay Moskvin,,,IAR056,https://legendstory-production-s3-public.s3.amazonaws.com/media/cards/large/IAR056.webp,,,,Nikolay Moskvin,,,IAR056,https://legendstory-production-s3-public.s3.amazonaws.com/media/cards/large/IAR056.webp,,,,Nikolay Moskvin,,,IAR056,https://legendstory-production-s3-public.s3.amazonaws.com/media/cards/large/IAR056.webp,,,,Nikolay Moskvin,,,IAR056,https://legendstory-production-s3-public.s3.amazonaws.com/media/cards/large/IAR056.webp
IAR057,IAR,Forsaken Strike,Yellow,2,0,3,3,,,,"Shadow, Necromancer, Action, Attack",,Go again,,,,,,"As an additional cost to play this, you may destroy up to 3 zombies you control and/or discard up to 3 zombies. Choose a mode for each zombie destroyed or discarded this way;
- Create a Gate to i'Arathael token.
- This gets +2{p}.
- This gets **go again**.",Shadow Necromancer Action - Attack,,,No,,M,R,,Tanapon Wachirakul,,,IAR057,https://legendstory-production-s3-public.s3.amazonaws.com/media/cards/large/IAR057-RF.webp,,,M,,,Tanapon Wachirakul,,,IAR057,https://legendstory-production-s3-public.s3.amazonaws.com/media/cards/large/IAR057.webp,,,,,,Tanapon Wachirakul,,,IAR057,https://legendstory-production-s3-public.s3.amazonaws.com/media/cards/large/IAR057.webp,,,,Tanapon Wachirakul,,,IAR057,https://legendstory-production-s3-public.s3.amazonaws.com/media/cards/large/IAR057.webp,,,,Tanapon Wachirakul,,,IAR057,https://legendstory-production-s3-public.s3.amazonaws.com/media/cards/large/IAR057.webp,,,,Tanapon Wachirakul,,,IAR057,https://legendstory-production-s3-public.s3.amazonaws.com/media/cards/large/IAR057.webp
IAR058,IAR,Bridge of Damnation,Blue,3,0,,3,,,,"Shadow, Necromancer, Action, Aura",,Go again,,,,,,"**Go again**

At the start of each turn, destroy this unless you put a zombie from your banished zone into your graveyard.",Shadow Necromancer Action - Aura,,,No,,M,,,Arkoii,,,IAR058,https://legendstory-production-s3-public.s3.amazonaws.com/media/cards/large/IAR058.webp,,,M,R,,Arkoii,,,IAR058,https://legendstory-production-s3-public.s3.amazonaws.com/media/cards/large/IAR058-RF.webp,,,,,,Arkoii,,,IAR058,https://legendstory-production-s3-public.s3.amazonaws.com/media/cards/large/IAR058.webp,,,,Arkoii,,,IAR058,https://legendstory-production-s3-public.s3.amazonaws.com/media/cards/large/IAR058.webp,,,,Arkoii,,,IAR058,https://legendstory-production-s3-public.s3.amazonaws.com/media/cards/large/IAR058.webp,,,,Arkoii,,,IAR058,https://legendstory-production-s3-public.s3.amazonaws.com/media/cards/large/IAR058.webp
IAR059,IAR,Restless Templar,Red,1,0,3,,3,,,"Shadow, Necromancer, Action, Zombie, Ally",,Decay,,,,,Decay,"Whenever a zombie you control with decay dies, create a Gate to i'Arathael token.

**Decay**",Shadow Necromancer Action - Zombie Ally,,,No,,V,C,FA,Billy Christian,,,IAR059,https://legendstory-production-s3-public.s3.amazonaws.com/media/cards/large/IAR059-MV.webp,,,M,,,Billy Christian,,,IAR059,https://legendstory-production-s3-public.s3.amazonaws.com/media/cards/large/IAR059.webp,,,,,,Billy Christian,,,IAR059,https://legendstory-production-s3-public.s3.amazonaws.com/media/cards/large/IAR059.webp,,,,Billy Christian,,,IAR059,https://legendstory-production-s3-public.s3.amazonaws.com/media/cards/large/IAR059.webp,,,,Billy Christian,,,IAR059,https://legendstory-production-s3-public.s3.amazonaws.com/media/cards/large/IAR059.webp,,,,Billy Christian,,,IAR059,https://legendstory-production-s3-public.s3.amazonaws.com/media/cards/large/IAR059.webp
IAR060,IAR,Commit to Corruption,Red,1,0,,,3,,,"Shadow, Necromancer, Action",,Go again,,,,,,"Your next attack this turn gets +3{p} and ""When this hits, create a Corrupted Corpse in your banished zone.""

**Go again**",Shadow Necromancer Action,,,,,R,R,,Isuardi Therianto,,,IAR060,https://legendstory-production-s3-public.s3.amazonaws.com/media/cards/large/IAR060-RF.webp,,,R,,,Isuardi Therianto,,,IAR060,https://legendstory-production-s3-public.s3.amazonaws.com/media/cards/large/IAR060.webp,,,,,,Isuardi Therianto,,,IAR060,https://legendstory-production-s3-public.s3.amazonaws.com/media/cards/large/IAR060.webp,,,,Isuardi Therianto,,,IAR060,https://legendstory-production-s3-public.s3.amazonaws.com/media/cards/large/IAR060.webp,,,,Isuardi Therianto,,,IAR060,https://legendstory-production-s3-public.s3.amazonaws.com/media/cards/large/IAR060.webp,,,,Isuardi Therianto,,,IAR060,https://legendstory-production-s3-public.s3.amazonaws.com/media/cards/large/IAR060.webp
IAR061,IAR,Commit to Corruption,Yellow,2,0,,,3,,,"Shadow, Necromancer, Action",,Go again,,,,,,"Your next attack this turn gets +2{p} and ""When this hits, create a Corrupted Corpse in your banished zone.""

**Go again**",Shadow Necromancer Action,,,,,R,R,,Isuardi Therianto,,,IAR061,https://legendstory-production-s3-public.s3.amazonaws.com/media/cards/large/IAR061-RF.webp,,,R,,,Isuardi Therianto,,,IAR061,https://legendstory-production-s3-public.s3.amazonaws.com/media/cards/large/IAR061.webp,,,,,,Isuardi Therianto,,,IAR061,https://legendstory-production-s3-public.s3.amazonaws.com/media/cards/large/IAR061.webp,,,,Isuardi Therianto,,,IAR061,https://legendstory-production-s3-public.s3.amazonaws.com/media/cards/large/IAR061.webp,,,,Isuardi Therianto,,,IAR061,https://legendstory-production-s3-public.s3.amazonaws.com/media/cards/large/IAR061.webp,,,,Isuardi Therianto,,,IAR061,https://legendstory-production-s3-public.s3.amazonaws.com/media/cards/large/IAR061.webp
IAR062,IAR,Commit to Corruption,Blue,3,0,,,3,,,"Shadow, Necromancer, Action",,Go again,,,,,,"Your next attack this turn gets +1{p} and ""When this hits, create a Corrupted Corpse in your banished zone.""

**Go again**",Shadow Necromancer Action,,,,,R,R,,Isuardi Therianto,,,IAR062,https://legendstory-production-s3-public.s3.amazonaws.com/media/cards/large/IAR062-RF.webp,,,R,,,Isuardi Therianto,,,IAR062,https://legendstory-production-s3-public.s3.amazonaws.com/media/cards/large/IAR062.webp,,,,,,Isuardi Therianto,,,IAR062,https://legendstory-production-s3-public.s3.amazonaws.com/media/cards/large/IAR062.webp,,,,Isuardi Therianto,,,IAR062,https://legendstory-production-s3-public.s3.amazonaws.com/media/cards/large/IAR062.webp,,,,Isuardi Therianto,,,IAR062,https://legendstory-production-s3-public.s3.amazonaws.com/media/cards/large/IAR062.webp,,,,Isuardi Therianto,,,IAR062,https://legendstory-production-s3-public.s3.amazonaws.com/media/cards/large/IAR062.webp
IAR063,IAR,Restless Looter,Red,1,0,3,,3,,,"Shadow, Necromancer, Action, Zombie, Ally",,Decay,,,,,,"**Instant** - {t}: Discard a card. If you do, draw a card.

**Decay**",Shadow Necromancer Action - Zombie Ally,,,,,V,C,FA,Saad Irfan,,,IAR063,https://legendstory-production-s3-public.s3.amazonaws.com/media/cards/large/IAR063-MV.webp,,,R,,,Saad Irfan,,,IAR063,https://legendstory-production-s3-public.s3.amazonaws.com/media/cards/large/IAR063.webp,,,,,,Saad Irfan,,,IAR063,https://legendstory-production-s3-public.s3.amazonaws.com/media/cards/large/IAR063.webp,,,,Saad Irfan,,,IAR063,https://legendstory-production-s3-public.s3.amazonaws.com/media/cards/large/IAR063.webp,,,,Saad Irfan,,,IAR063,https://legendstory-production-s3-public.s3.amazonaws.com/media/cards/large/IAR063.webp,,,,Saad Irfan,,,IAR063,https://legendstory-production-s3-public.s3.amazonaws.com/media/cards/large/IAR063.webp
IAR064,IAR,Restless Magister,Red,1,0,3,,3,,,"Shadow, Necromancer, Action, Zombie, Ally",,Decay,,,,,,"When this hits a hero, they banish a card from their hand.

**Decay**",Shadow Necromancer Action - Zombie Ally,,,,,R,,,Isuardi Therianto,,,IAR064,https://legendstory-production-s3-public.s3.amazonaws.com/media/cards/large/IAR064.webp,,,V,C,FA,Isuardi Therianto,,,IAR064,https://legendstory-production-s3-public.s3.amazonaws.com/media/cards/large/IAR064-MV.webp,,,,,,,,,IAR064,https://legendstory-production-s3-public.s3.amazonaws.com/media/cards/large/IAR064-MV_BACK.webp,,,,,,,IAR064,https://legendstory-production-s3-public.s3.amazonaws.com/media/cards/large/IAR064.webp,,,,,,,IAR064,https://legendstory-production-s3-public.s3.amazonaws.com/media/cards/large/IAR064.webp,,,,,,,IAR064,https://legendstory-production-s3-public.s3.amazonaws.com/media/cards/large/IAR064.webp
IAR065,IAR,Restless Quartermaster,Red,1,0,3,,3,,,"Shadow, Necromancer, Action, Zombie, Ally",,Decay,,,,,,"When this hits a hero, they banish a card in their arsenal.

**Decay**",Shadow Necromancer Action - Zombie Ally,,,,,R,,,Sebastian Giacobino,,,IAR065,https://legendstory-production-s3-public.s3.amazonaws.com/media/cards/large/IAR065.webp,,,C,C,FA,Sebastian Giacobino,,,IAR065,https://legendstory-production-s3-public.s3.amazonaws.com/media/cards/large/IAR065-MV.webp,,,,,,Sebastian Giacobino,,,IAR065,https://legendstory-production-s3-public.s3.amazonaws.com/media/cards/large/IAR065.webp,,,,Sebastian Giacobino,,,IAR065,https://legendstory-production-s3-public.s3.amazonaws.com/media/cards/large/IAR065.webp,,,,Sebastian Giacobino,,,IAR065,https://legendstory-production-s3-public.s3.amazonaws.com/media/cards/large/IAR065.webp,,,,Sebastian Giacobino,,,IAR065,https://legendstory-production-s3-public.s3.amazonaws.com/media/cards/large/IAR065.webp
IAR066,IAR,Mark of Neverest,Blue,3,0,,,,,,"Shadow, Necromancer, Instant, Aura",,Binds,,,,,,"**Binds** to an ally permanent you control.

The bound ally gets +1{p} and ""Whenever this hits a hero or dies, you may turn a card in your banished zone face-down. If you do, create a Corrupted Corpse in your banished zone.""",Shadow Necromancer Instant - Aura,,,,,R,R,,Christ Adiel Then,,,IAR066,https://legendstory-production-s3-public.s3.amazonaws.com/media/cards/large/IAR066-RF.webp,,,R,,,Christ Adiel Then,,,IAR066,https://legendstory-production-s3-public.s3.amazonaws.com/media/cards/large/IAR066.webp,,,,,,Christ Adiel Then,,,IAR066,https://legendstory-production-s3-public.s3.amazonaws.com/media/cards/large/IAR066.webp,,,,Christ Adiel Then,,,IAR066,https://legendstory-production-s3-public.s3.amazonaws.com/media/cards/large/IAR066.webp,,,,Christ Adiel Then,,,IAR066,https://legendstory-production-s3-public.s3.amazonaws.com/media/cards/large/IAR066.webp,,,,Christ Adiel Then,,,IAR066,https://legendstory-production-s3-public.s3.amazonaws.com/media/cards/large/IAR066.webp
IAR067,IAR,Mark of Pathstone,Blue,3,0,,,,,,"Shadow, Necromancer, Instant, Aura",,Binds,,,,,,"**Binds** to an ally permanent you control.

The bound ally gets +1{p} and ""Whenever this hits a hero or dies, gain 1{h}.""",Shadow Necromancer Instant - Aura,,,,,R,R,,Nadia Suryani,,,IAR067,https://legendstory-production-s3-public.s3.amazonaws.com/media/cards/large/IAR067-RF.webp,,,R,,,Nadia Suryani,,,IAR067,https://legendstory-production-s3-public.s3.amazonaws.com/media/cards/large/IAR067.webp,,,,,,Nadia Suryani,,,IAR067,https://legendstory-production-s3-public.s3.amazonaws.com/media/cards/large/IAR067.webp,,,,Nadia Suryani,,,IAR067,https://legendstory-production-s3-public.s3.amazonaws.com/media/cards/large/IAR067.webp,,,,Nadia Suryani,,,IAR067,https://legendstory-production-s3-public.s3.amazonaws.com/media/cards/large/IAR067.webp,,,,Nadia Suryani,,,IAR067,https://legendstory-production-s3-public.s3.amazonaws.com/media/cards/large/IAR067.webp
IAR068,IAR,Mark of Ushering,Blue,3,0,,,,,,"Shadow, Necromancer, Instant, Aura",,Binds,,,,,,"**Binds** to an ally permanent you control.

The bound ally gets +1{p} and ""Whenever this hits a hero or dies, create a Gate to i'Arathael token.""",Shadow Necromancer Instant - Aura,,,,,R,R,,Tomasz Jedruszek,,,IAR068,https://legendstory-production-s3-public.s3.amazonaws.com/media/cards/large/IAR068-RF.webp,,,R,,,Tomasz Jedruszek,,,IAR068,https://legendstory-production-s3-public.s3.amazonaws.com/media/cards/large/IAR068.webp,,,,,,Tomasz Jedruszek,,,IAR068,https://legendstory-production-s3-public.s3.amazonaws.com/media/cards/large/IAR068.webp,,,,Tomasz Jedruszek,,,IAR068,https://legendstory-production-s3-public.s3.amazonaws.com/media/cards/large/IAR068.webp,,,,Tomasz Jedruszek,,,IAR068,https://legendstory-production-s3-public.s3.amazonaws.com/media/cards/large/IAR068.webp,,,,Tomasz Jedruszek,,,IAR068,https://legendstory-production-s3-public.s3.amazonaws.com/media/cards/large/IAR068.webp
IAR069,IAR,Acrid Stench,Red,1,0,3,2,,,,"Shadow, Necromancer, Action, Attack",,Go again,,,,,,"When this attacks, you may discard a zombie. If you do, create a Corrupted Corpse in your banished zone.

**Go again**",Shadow Necromancer Action - Attack,,,,,C,R,,Wirawan Pranoto,,,IAR069,https://legendstory-production-s3-public.s3.amazonaws.com/media/cards/large/IAR069-RF.webp,,,C,,,Wirawan Pranoto,,,IAR069,https://legendstory-production-s3-public.s3.amazonaws.com/media/cards/large/IAR069.webp,,,,,,Wirawan Pranoto,,,IAR069,https://legendstory-production-s3-public.s3.amazonaws.com/media/cards/large/IAR069.webp,,,,Wirawan Pranoto,,,IAR069,https://legendstory-production-s3-public.s3.amazonaws.com/media/cards/large/IAR069.webp,,,,Wirawan Pranoto,,,IAR069,https://legendstory-production-s3-public.s3.amazonaws.com/media/cards/large/IAR069.webp,,,,Wirawan Pranoto,,,IAR069,https://legendstory-production-s3-public.s3.amazonaws.com/media/cards/large/IAR069.webp
IAR070,IAR,Acrid Stench,Yellow,2,0,2,2,,,,"Shadow, Necromancer, Action, Attack",,Go again,,,,,,"When this attacks, you may discard a zombie. If you do, create a Corrupted Corpse in your banished zone.

**Go again**",Shadow Necromancer Action - Attack,,,,,C,R,,Wirawan Pranoto,,,IAR070,https://legendstory-production-s3-public.s3.amazonaws.com/media/cards/large/IAR070-RF.webp,,,C,,,Wirawan Pranoto,,,IAR070,https://legendstory-production-s3-public.s3.amazonaws.com/media/cards/large/IAR070.webp,,,,,,Wirawan Pranoto,,,IAR070,https://legendstory-production-s3-public.s3.amazonaws.com/media/cards/large/IAR070.webp,,,,Wirawan Pranoto,,,IAR070,https://legendstory-production-s3-public.s3.amazonaws.com/media/cards/large/IAR070.webp,,,,Wirawan Pranoto,,,IAR070,https://legendstory-production-s3-public.s3.amazonaws.com/media/cards/large/IAR070.webp,,,,Wirawan Pranoto,,,IAR070,https://legendstory-production-s3-public.s3.amazonaws.com/media/cards/large/IAR070.webp
IAR071,IAR,Acrid Stench,Blue,3,0,1,2,,,,"Shadow, Necromancer, Action, Attack",,Go again,,,,,,"When this attacks, you may discard a zombie. If you do, create a Corrupted Corpse in your banished zone.

**Go again**",Shadow Necromancer Action - Attack,,,,,C,R,,Wirawan Pranoto,,,IAR071,https://legendstory-production-s3-public.s3.amazonaws.com/media/cards/large/IAR071-RF.webp,,,C,,,Wirawan Pranoto,,,IAR071,https://legendstory-production-s3-public.s3.amazonaws.com/media/cards/large/IAR071.webp,,,,,,Wirawan Pranoto,,,IAR071,https://legendstory-production-s3-public.s3.amazonaws.com/media/cards/large/IAR071.webp,,,,Wirawan Pranoto,,,IAR071,https://legendstory-production-s3-public.s3.amazonaws.com/media/cards/large/IAR071.webp,,,,Wirawan Pranoto,,,IAR071,https://legendstory-production-s3-public.s3.amazonaws.com/media/cards/large/IAR071.webp,,,,Wirawan Pranoto,,,IAR071,https://legendstory-production-s3-public.s3.amazonaws.com/media/cards/large/IAR071.webp
IAR072,IAR,Bone Mass,Red,1,0,3,2,,,,"Shadow, Necromancer, Action, Attack",,Go again,,,,,,"When this attacks, you may discard a zombie. If you do, your next attack this turn gets +1{p}.

**Go again**",Shadow Necromancer Action - Attack,,,,,C,R,,Amirul HHF,,,IAR072,https://legendstory-production-s3-public.s3.amazonaws.com/media/cards/large/IAR072-RF.webp,,,C,,,Amirul HHF,,,IAR072,https://legendstory-production-s3-public.s3.amazonaws.com/media/cards/large/IAR072.webp,,,,,,Amirul HHF,,,IAR072,https://legendstory-production-s3-public.s3.amazonaws.com/media/cards/large/IAR072.webp,,,,Amirul HHF,,,IAR072,https://legendstory-production-s3-public.s3.amazonaws.com/media/cards/large/IAR072.webp,,,,Amirul HHF,,,IAR072,https://legendstory-production-s3-public.s3.amazonaws.com/media/cards/large/IAR072.webp,,,,Amirul HHF,,,IAR072,https://legendstory-production-s3-public.s3.amazonaws.com/media/cards/large/IAR072.webp
IAR073,IAR,Bone Mass,Yellow,2,0,2,2,,,,"Shadow, Necromancer, Action, Attack",,Go again,,,,,,"When this attacks, you may discard a zombie. If you do, your next attack this turn gets +1{p}.

**Go again**",Shadow Necromancer Action - Attack,,,,,C,R,,Amirul HHF,,,IAR073,https://legendstory-production-s3-public.s3.amazonaws.com/media/cards/large/IAR073-RF.webp,,,C,,,Amirul HHF,,,IAR073,https://legendstory-production-s3-public.s3.amazonaws.com/media/cards/large/IAR073.webp,,,,,,Amirul HHF,,,IAR073,https://legendstory-production-s3-public.s3.amazonaws.com/media/cards/large/IAR073.webp,,,,Amirul HHF,,,IAR073,https://legendstory-production-s3-public.s3.amazonaws.com/media/cards/large/IAR073.webp,,,,Amirul HHF,,,IAR073,https://legendstory-production-s3-public.s3.amazonaws.com/media/cards/large/IAR073.webp,,,,Amirul HHF,,,IAR073,https://legendstory-production-s3-public.s3.amazonaws.com/media/cards/large/IAR073.webp
IAR074,IAR,Bone Mass,Blue,3,0,1,2,,,,"Shadow, Necromancer, Action, Attack",,Go again,,,,,,"When this attacks, you may discard a zombie. If you do, your next attack this turn gets +1{p}.

**Go again**",Shadow Necromancer Action - Attack,,,,,C,R,,Amirul HHF,,,IAR074,https://legendstory-production-s3-public.s3.amazonaws.com/media/cards/large/IAR074-RF.webp,,,C,,,Amirul HHF,,,IAR074,https://legendstory-production-s3-public.s3.amazonaws.com/media/cards/large/IAR074.webp,,,,,,Amirul HHF,,,IAR074,https://legendstory-production-s3-public.s3.amazonaws.com/media/cards/large/IAR074.webp,,,,Amirul HHF,,,IAR074,https://legendstory-production-s3-public.s3.amazonaws.com/media/cards/large/IAR074.webp,,,,Amirul HHF,,,IAR074,https://legendstory-production-s3-public.s3.amazonaws.com/media/cards/large/IAR074.webp,,,,Amirul HHF,,,IAR074,https://legendstory-production-s3-public.s3.amazonaws.com/media/cards/large/IAR074.webp
IAR075,IAR,Malignant Migration,Red,1,0,3,2,,,,"Shadow, Necromancer, Action, Attack",,Go again,,,,,,"When this attacks, you may discard a zombie. If you do, put a card from your banished zone into your graveyard.

**Go again**",Shadow Necromancer Action - Attack,,,,,C,R,,Stefano Moroni,,,IAR075,https://legendstory-production-s3-public.s3.amazonaws.com/media/cards/large/IAR075-RF.webp,,,C,,,Stefano Moroni,,,IAR075,https://legendstory-production-s3-public.s3.amazonaws.com/media/cards/large/IAR075.webp,,,,,,Stefano Moroni,,,IAR075,https://legendstory-production-s3-public.s3.amazonaws.com/media/cards/large/IAR075.webp,,,,Stefano Moroni,,,IAR075,https://legendstory-production-s3-public.s3.amazonaws.com/media/cards/large/IAR075.webp,,,,Stefano Moroni,,,IAR075,https://legendstory-production-s3-public.s3.amazonaws.com/media/cards/large/IAR075.webp,,,,Stefano Moroni,,,IAR075,https://legendstory-production-s3-public.s3.amazonaws.com/media/cards/large/IAR075.webp
IAR076,IAR,Malignant Migration,Yellow,2,0,2,2,,,,"Shadow, Necromancer, Action, Attack",,Go again,,,,,,"When this attacks, you may discard a zombie. If you do, put a card from your banished zone into your graveyard.

**Go again**",Shadow Necromancer Action - Attack,,,,,C,R,,Stefano Moroni,,,IAR076,https://legendstory-production-s3-public.s3.amazonaws.com/media/cards/large/IAR076-RF.webp,,,C,,,Stefano Moroni,,,IAR076,https://legendstory-production-s3-public.s3.amazonaws.com/media/cards/large/IAR076.webp,,,,,,Stefano Moroni,,,IAR076,https://legendstory-production-s3-public.s3.amazonaws.com/media/cards/large/IAR076.webp,,,,Stefano Moroni,,,IAR076,https://legendstory-production-s3-public.s3.amazonaws.com/media/cards/large/IAR076.webp,,,,Stefano Moroni,,,IAR076,https://legendstory-production-s3-public.s3.amazonaws.com/media/cards/large/IAR076.webp,,,,Stefano Moroni,,,IAR076,https://legendstory-production-s3-public.s3.amazonaws.com/media/cards/large/IAR076.webp
IAR077,IAR,Malignant Migration,Blue,3,0,1,2,,,,"Shadow, Necromancer, Action, Attack",,Go again,,,,,,"When this attacks, you may discard a zombie. If you do, put a card from your banished zone into your graveyard.

**Go again**",Shadow Necromancer Action - Attack,,,,,C,R,,Stefano Moroni,,,IAR077,https://legendstory-production-s3-public.s3.amazonaws.com/media/cards/large/IAR077-RF.webp,,,C,,,Stefano Moroni,,,IAR077,https://legendstory-production-s3-public.s3.amazonaws.com/media/cards/large/IAR077.webp,,,,,,Stefano Moroni,,,IAR077,https://legendstory-production-s3-public.s3.amazonaws.com/media/cards/large/IAR077.webp,,,,Stefano Moroni,,,IAR077,https://legendstory-production-s3-public.s3.amazonaws.com/media/cards/large/IAR077.webp,,,,Stefano Moroni,,,IAR077,https://legendstory-production-s3-public.s3.amazonaws.com/media/cards/large/IAR077.webp,,,,Stefano Moroni,,,IAR077,https://legendstory-production-s3-public.s3.amazonaws.com/media/cards/large/IAR077.webp
IAR078,IAR,Ominous Toll,Red,1,0,3,2,,,,"Shadow, Necromancer, Action, Attack",,Go again,,,,,,"When this attacks, you may discard a zombie. If you do, create a Gate to i'Arathael token.

**Go again**",Shadow Necromancer Action - Attack,,,,,C,R,,Jefrey Yonathan,,,IAR078,https://legendstory-production-s3-public.s3.amazonaws.com/media/cards/large/IAR078-RF.webp,,,C,,,Jefrey Yonathan,,,IAR078,https://legendstory-production-s3-public.s3.amazonaws.com/media/cards/large/IAR078.webp,,,,,,Jefrey Yonathan,,,IAR078,https://legendstory-production-s3-public.s3.amazonaws.com/media/cards/large/IAR078.webp,,,,Jefrey Yonathan,,,IAR078,https://legendstory-production-s3-public.s3.amazonaws.com/media/cards/large/IAR078.webp,,,,Jefrey Yonathan,,,IAR078,https://legendstory-production-s3-public.s3.amazonaws.com/media/cards/large/IAR078.webp,,,,Jefrey Yonathan,,,IAR078,https://legendstory-production-s3-public.s3.amazonaws.com/media/cards/large/IAR078.webp
IAR079,IAR,Ominous Toll,Yellow,2,0,2,2,,,,"Shadow, Necromancer, Action, Attack",,Go again,,,,,,"When this attacks, you may discard a zombie. If you do, create a Gate to i'Arathael token.

**Go again**",Shadow Necromancer Action - Attack,,,,,C,R,,Jefrey Yonathan,,,IAR079,https://legendstory-production-s3-public.s3.amazonaws.com/media/cards/large/IAR079-RF.webp,,,C,,,Jefrey Yonathan,,,IAR079,https://legendstory-production-s3-public.s3.amazonaws.com/media/cards/large/IAR079.webp,,,,,,Jefrey Yonathan,,,IAR079,https://legendstory-production-s3-public.s3.amazonaws.com/media/cards/large/IAR079.webp,,,,Jefrey Yonathan,,,IAR079,https://legendstory-production-s3-public.s3.amazonaws.com/media/cards/large/IAR079.webp,,,,Jefrey Yonathan,,,IAR079,https://legendstory-production-s3-public.s3.amazonaws.com/media/cards/large/IAR079.webp,,,,Jefrey Yonathan,,,IAR079,https://legendstory-production-s3-public.s3.amazonaws.com/media/cards/large/IAR079.webp
IAR080,IAR,Ominous Toll,Blue,3,0,1,2,,,,"Shadow, Necromancer, Action, Attack",,Go again,,,,,,"When this attacks, you may discard a zombie. If you do, create a Gate to i'Arathael token.

**Go again**",Shadow Necromancer Action - Attack,,,,,C,R,,Jefrey Yonathan,,,IAR080,https://legendstory-production-s3-public.s3.amazonaws.com/media/cards/large/IAR080-RF.webp,,,C,,,Jefrey Yonathan,,,IAR080,https://legendstory-production-s3-public.s3.amazonaws.com/media/cards/large/IAR080.webp,,,,,,Jefrey Yonathan,,,IAR080,https://legendstory-production-s3-public.s3.amazonaws.com/media/cards/large/IAR080.webp,,,,Jefrey Yonathan,,,IAR080,https://legendstory-production-s3-public.s3.amazonaws.com/media/cards/large/IAR080.webp,,,,Jefrey Yonathan,,,IAR080,https://legendstory-production-s3-public.s3.amazonaws.com/media/cards/large/IAR080.webp,,,,Jefrey Yonathan,,,IAR080,https://legendstory-production-s3-public.s3.amazonaws.com/media/cards/large/IAR080.webp
IAR081,IAR,Shadowrealm Solace,Blue,3,0,,3,,,,"Shadow, Necromancer, Action",,Go again,,,,,,"You may put a card from your banished zone into your graveyard. If it's a zombie, gain 1{h}.

**Go again**",Shadow Necromancer Action,,,,,C,R,,Hansen Oni,,,IAR081,https://legendstory-production-s3-public.s3.amazonaws.com/media/cards/large/IAR081-RF.webp,,,C,,,Hansen Oni,,,IAR081,https://legendstory-production-s3-public.s3.amazonaws.com/media/cards/large/IAR081.webp,,,,,,Hansen Oni,,,IAR081,https://legendstory-production-s3-public.s3.amazonaws.com/media/cards/large/IAR081.webp,,,,Hansen Oni,,,IAR081,https://legendstory-production-s3-public.s3.amazonaws.com/media/cards/large/IAR081.webp,,,,Hansen Oni,,,IAR081,https://legendstory-production-s3-public.s3.amazonaws.com/media/cards/large/IAR081.webp,,,,Hansen Oni,,,IAR081,https://legendstory-production-s3-public.s3.amazonaws.com/media/cards/large/IAR081.webp
IAR082,IAR,Shadowrealm Strength,Red,1,0,,3,,,,"Shadow, Necromancer, Action",,Go again,,,,,,"You may put a card from your banished zone into your graveyard. If it's a zombie, your next attack this turn gets +3{p}.

**Go again**",Shadow Necromancer Action,,,,,C,R,,Surya Prasetya,,,IAR082,https://legendstory-production-s3-public.s3.amazonaws.com/media/cards/large/IAR082-RF.webp,,,C,,,Surya Prasetya,,,IAR082,https://legendstory-production-s3-public.s3.amazonaws.com/media/cards/large/IAR082.webp,,,,,,Surya Prasetya,,,IAR082,https://legendstory-production-s3-public.s3.amazonaws.com/media/cards/large/IAR082.webp,,,,Surya Prasetya,,,IAR082,https://legendstory-production-s3-public.s3.amazonaws.com/media/cards/large/IAR082.webp,,,,Surya Prasetya,,,IAR082,https://legendstory-production-s3-public.s3.amazonaws.com/media/cards/large/IAR082.webp,,,,Surya Prasetya,,,IAR082,https://legendstory-production-s3-public.s3.amazonaws.com/media/cards/large/IAR082.webp
IAR083,IAR,Shadowrealm Swiftness,Yellow,2,0,,3,,,,"Shadow, Necromancer, Action",,Go again,,,,,,"You may put a card from your banished zone into your graveyard. If it's a zombie, your next attack this turn gets **go again**.

**Go again**",Shadow Necromancer Action,,,,,C,R,,Arif Resu,,,IAR083,https://legendstory-production-s3-public.s3.amazonaws.com/media/cards/large/IAR083-RF.webp,,,C,,,Arif Resu,,,IAR083,https://legendstory-production-s3-public.s3.amazonaws.com/media/cards/large/IAR083.webp,,,,,,Arif Resu,,,IAR083,https://legendstory-production-s3-public.s3.amazonaws.com/media/cards/large/IAR083.webp,,,,Arif Resu,,,IAR083,https://legendstory-production-s3-public.s3.amazonaws.com/media/cards/large/IAR083.webp,,,,Arif Resu,,,IAR083,https://legendstory-production-s3-public.s3.amazonaws.com/media/cards/large/IAR083.webp,,,,Arif Resu,,,IAR083,https://legendstory-production-s3-public.s3.amazonaws.com/media/cards/large/IAR083.webp
IAR084,IAR,Restless Cleric,Red,1,0,3,,3,,,"Shadow, Necromancer, Action, Zombie, Ally",,Decay,Action,Go again,,,,"**Action** - {t}: Gain 1{h}. **Go again**

**Decay**",Shadow Necromancer Action - Zombie Ally,,,,,V,C,FA,Yiian Kho,,,IAR084,https://legendstory-production-s3-public.s3.amazonaws.com/media/cards/large/IAR084-MV.webp,,,C,,,Yiian Kho,,,IAR084,https://legendstory-production-s3-public.s3.amazonaws.com/media/cards/large/IAR084.webp,,,,,,Yiian Kho,,,IAR084,https://legendstory-production-s3-public.s3.amazonaws.com/media/cards/large/IAR084.webp,,,,Yiian Kho,,,IAR084,https://legendstory-production-s3-public.s3.amazonaws.com/media/cards/large/IAR084.webp,,,,Yiian Kho,,,IAR084,https://legendstory-production-s3-public.s3.amazonaws.com/media/cards/large/IAR084.webp,,,,Yiian Kho,,,IAR084,https://legendstory-production-s3-public.s3.amazonaws.com/media/cards/large/IAR084.webp
IAR085,IAR,Restless Corporal,Red,1,0,3,,3,,,"Shadow, Necromancer, Action, Zombie, Ally",,Decay,Action,Go again,,,,"**Action** - {t}: Put a card from your banished zone into your graveyard. **Go again**

**Decay**",Shadow Necromancer Action - Zombie Ally,,,,,V,C,FA,Faizal Fikri,,,IAR085,https://legendstory-production-s3-public.s3.amazonaws.com/media/cards/large/IAR085-MV.webp,,,C,,,Faizal Fikri,,,IAR085,https://legendstory-production-s3-public.s3.amazonaws.com/media/cards/large/IAR085.webp,,,,,,Faizal Fikri,,,IAR085,https://legendstory-production-s3-public.s3.amazonaws.com/media/cards/large/IAR085.webp,,,,Faizal Fikri,,,IAR085,https://legendstory-production-s3-public.s3.amazonaws.com/media/cards/large/IAR085.webp,,,,Faizal Fikri,,,IAR085,https://legendstory-production-s3-public.s3.amazonaws.com/media/cards/large/IAR085.webp,,,,Faizal Fikri,,,IAR085,https://legendstory-production-s3-public.s3.amazonaws.com/media/cards/large/IAR085.webp
IAR086,IAR,Restless Outlaw,Red,1,0,3,,3,,,"Shadow, Necromancer, Action, Zombie, Ally",,Decay,,,,,,"When this dies, create a Corrupted Corpse in your banished zone.

**Decay**",Shadow Necromancer Action - Zombie Ally,,,,,V,C,FA,Kevin Sidharta,,,IAR086,https://legendstory-production-s3-public.s3.amazonaws.com/media/cards/large/IAR086-MV.webp,,,C,,,Kevin Sidharta,,,IAR086,https://legendstory-production-s3-public.s3.amazonaws.com/media/cards/large/IAR086.webp,,,,,,Kevin Sidharta,,,IAR086,https://legendstory-production-s3-public.s3.amazonaws.com/media/cards/large/IAR086.webp,,,,Kevin Sidharta,,,IAR086,https://legendstory-production-s3-public.s3.amazonaws.com/media/cards/large/IAR086.webp,,,,Kevin Sidharta,,,IAR086,https://legendstory-production-s3-public.s3.amazonaws.com/media/cards/large/IAR086.webp,,,,Kevin Sidharta,,,IAR086,https://legendstory-production-s3-public.s3.amazonaws.com/media/cards/large/IAR086.webp
IAR087,IAR,Restless Plowman,Red,1,0,3,,3,,,"Shadow, Necromancer, Action, Zombie, Ally",,Decay,,,,,,"**Action** - {t}: Gain {r}. **Go again**

**Decay**",Shadow Necromancer Action - Zombie Ally,,,,,V,C,FA,Pavel Rtishchev (Klaher),,,IAR087,https://legendstory-production-s3-public.s3.amazonaws.com/media/cards/large/IAR087-MV.webp,,,C,,,Pavel Rtishchev (Klaher),,,IAR087,https://legendstory-production-s3-public.s3.amazonaws.com/media/cards/large/IAR087.webp,,,,,,Pavel Rtishchev (Klaher),,,IAR087,https://legendstory-production-s3-public.s3.amazonaws.com/media/cards/large/IAR087.webp,,,,Pavel Rtishchev (Klaher),,,IAR087,https://legendstory-production-s3-public.s3.amazonaws.com/media/cards/large/IAR087.webp,,,,Pavel Rtishchev (Klaher),,,IAR087,https://legendstory-production-s3-public.s3.amazonaws.com/media/cards/large/IAR087.webp,,,,Pavel Rtishchev (Klaher),,,IAR087,https://legendstory-production-s3-public.s3.amazonaws.com/media/cards/large/IAR087.webp
IAR088,IAR,Restless Shieldmaiden,Red,1,0,3,,3,,,"Shadow, Necromancer, Action, Zombie, Ally",,"Decay, Shadow Resist 1",,,,,,"**Shadow Resist 1**

**Decay**",Shadow Necromancer Action - Zombie Ally,,,,,V,C,FA,Joseph Qiu,,,IAR088,https://legendstory-production-s3-public.s3.amazonaws.com/media/cards/large/IAR088-MV.webp,,,C,,,Joseph Qiu,,,IAR088,https://legendstory-production-s3-public.s3.amazonaws.com/media/cards/large/IAR088.webp,,,,,,Joseph Qiu,,,IAR088,https://legendstory-production-s3-public.s3.amazonaws.com/media/cards/large/IAR088.webp,,,,Joseph Qiu,,,IAR088,https://legendstory-production-s3-public.s3.amazonaws.com/media/cards/large/IAR088.webp,,,,Joseph Qiu,,,IAR088,https://legendstory-production-s3-public.s3.amazonaws.com/media/cards/large/IAR088.webp,,,,Joseph Qiu,,,IAR088,https://legendstory-production-s3-public.s3.amazonaws.com/media/cards/large/IAR088.webp
IAR089,IAR,Restless Steed,Red,1,0,3,,3,,,"Shadow, Necromancer, Action, Zombie, Ally",,Decay,,,,,,"When this hits, the attack gets **go again**.

**Decay**",Shadow Necromancer Action - Zombie Ally,,,,,V,C,FA,Stormy Elia Fanggidae,,,IAR089,https://legendstory-production-s3-public.s3.amazonaws.com/media/cards/large/IAR089-MV.webp,,,C,,,Stormy Elia Fanggidae,,,IAR089,https://legendstory-production-s3-public.s3.amazonaws.com/media/cards/large/IAR089.webp,,,,,,Stormy Elia Fanggidae,,,IAR089,https://legendstory-production-s3-public.s3.amazonaws.com/media/cards/large/IAR089.webp,,,,Stormy Elia Fanggidae,,,IAR089,https://legendstory-production-s3-public.s3.amazonaws.com/media/cards/large/IAR089.webp,,,,Stormy Elia Fanggidae,,,IAR089,https://legendstory-production-s3-public.s3.amazonaws.com/media/cards/large/IAR089.webp,,,,Stormy Elia Fanggidae,,,IAR089,https://legendstory-production-s3-public.s3.amazonaws.com/media/cards/large/IAR089.webp
IAR090,IAR,Corrupted Corpse,,,2,3,,3,,,"Shadow, Necromancer, Action, Zombie, Ally",,"Incarnate, Go again, Blood Debt",,,,,,"**Incarnate**

This card's attacks get **go again**.

**Blood Debt**",Shadow Necromancer Action - Zombie Ally,,,,,B,,,Carlos Cruchaga,,,IAR090,https://legendstory-production-s3-public.s3.amazonaws.com/media/cards/large/IAR090.webp,,,B,R,EA,Carlos Cruchaga,,,IAR090,https://legendstory-production-s3-public.s3.amazonaws.com/media/cards/large/IAR090-RF.webp,,,,,,Carlos Cruchaga,,,IAR090,https://legendstory-production-s3-public.s3.amazonaws.com/media/cards/large/IAR090.webp,,,,Carlos Cruchaga,,,IAR090,https://legendstory-production-s3-public.s3.amazonaws.com/media/cards/large/IAR090.webp,,,,Carlos Cruchaga,,,IAR090,https://legendstory-production-s3-public.s3.amazonaws.com/media/cards/large/IAR090.webp,,,,Carlos Cruchaga,,,IAR090,https://legendstory-production-s3-public.s3.amazonaws.com/media/cards/large/IAR090.webp
IAR091,IAR,Danse Macabre,,,,,1,,,,"Necromancer, Equipment, Legs",,Blade Break,,,Go again,,,"Whenever an ally you control enters the arena, you may pay {r}{r} and {t} this. If you do, that ally's first attack this turn gets **go again** and destroy that ally at the beginning of the end phase.

**Blade Break**",Necromancer Equipment - Legs,,,No,,L,C,,Amtepra,,,IAR091,https://legendstory-production-s3-public.s3.amazonaws.com/media/cards/large/IAR091-CF.webp,,,L,R,,Amtepra,,,IAR091,https://legendstory-production-s3-public.s3.amazonaws.com/media/cards/large/IAR091-RF.webp,,,,,,Amtepra,,,IAR091,https://legendstory-production-s3-public.s3.amazonaws.com/media/cards/large/IAR091.webp,,,,Amtepra,,,IAR091,https://legendstory-production-s3-public.s3.amazonaws.com/media/cards/large/IAR091.webp,,,,Amtepra,,,IAR091,https://legendstory-production-s3-public.s3.amazonaws.com/media/cards/large/IAR091.webp,,,,Amtepra,,,IAR091,https://legendstory-production-s3-public.s3.amazonaws.com/media/cards/large/IAR091.webp
IAR092,IAR,Tome of Necrosis,Red,1,0,,3,,,,"Necromancer, Action",,Go again,,,,,,"As an additional cost to play this, destroy an ally you control or discard an ally.

Draw a card and {u} your hero.

**Go again**",Necromancer Action,,,No,,M,R,,Mark Poole,,,IAR092,https://legendstory-production-s3-public.s3.amazonaws.com/media/cards/large/IAR092-RF.webp,,,M,,,Mark Poole,,,IAR092,https://legendstory-production-s3-public.s3.amazonaws.com/media/cards/large/IAR092.webp,,,,,,Mark Poole,,,IAR092,https://legendstory-production-s3-public.s3.amazonaws.com/media/cards/large/IAR092.webp,,,,Mark Poole,,,IAR092,https://legendstory-production-s3-public.s3.amazonaws.com/media/cards/large/IAR092.webp,,,,Mark Poole,,,IAR092,https://legendstory-production-s3-public.s3.amazonaws.com/media/cards/large/IAR092.webp,,,,Mark Poole,,,IAR092,https://legendstory-production-s3-public.s3.amazonaws.com/media/cards/large/IAR092.webp
IAR093,IAR,Bone Barrier,Blue,3,0,,2,,,,"Necromancer, Defense Reaction",,,,,,,,"When this defends, you may destroy an ally you control or discard an ally. If you do, this gets +2{d}.",Necromancer Defence Reaction,,,No,,M,R,,Khairul Sukmanudin,,,IAR093,https://legendstory-production-s3-public.s3.amazonaws.com/media/cards/large/IAR093-RF.webp,,,M,,,Khairul Sukmanudin,,,IAR093,https://legendstory-production-s3-public.s3.amazonaws.com/media/cards/large/IAR093.webp,,,,,,Khairul Sukmanudin,,,IAR093,https://legendstory-production-s3-public.s3.amazonaws.com/media/cards/large/IAR093.webp,,,,Khairul Sukmanudin,,,IAR093,https://legendstory-production-s3-public.s3.amazonaws.com/media/cards/large/IAR093.webp,,,,Khairul Sukmanudin,,,IAR093,https://legendstory-production-s3-public.s3.amazonaws.com/media/cards/large/IAR093.webp,,,,Khairul Sukmanudin,,,IAR093,https://legendstory-production-s3-public.s3.amazonaws.com/media/cards/large/IAR093.webp
IAR094,IAR,Skeletal Puppetry,Red,1,2,,2,,,,"Necromancer, Action",,Go again,,,,,,"You may discard an ally rather than pay this card's {r} cost.

Your next ally attack this turn gets +3{p} and **go again**.

**Go again**",Necromancer Action,,,,,R,R,,Mark Poole,,,IAR094,https://legendstory-production-s3-public.s3.amazonaws.com/media/cards/large/IAR094-RF.webp,,,R,,,Mark Poole,,,IAR094,https://legendstory-production-s3-public.s3.amazonaws.com/media/cards/large/IAR094.webp,,,,,,Mark Poole,,,IAR094,https://legendstory-production-s3-public.s3.amazonaws.com/media/cards/large/IAR094.webp,,,,Mark Poole,,,IAR094,https://legendstory-production-s3-public.s3.amazonaws.com/media/cards/large/IAR094.webp,,,,Mark Poole,,,IAR094,https://legendstory-production-s3-public.s3.amazonaws.com/media/cards/large/IAR094.webp,,,,Mark Poole,,,IAR094,https://legendstory-production-s3-public.s3.amazonaws.com/media/cards/large/IAR094.webp
IAR095,IAR,Skeletal Puppetry,Yellow,2,2,,2,,,,"Necromancer, Action",,Go again,,,,,,"You may discard an ally rather than pay this card's {r} cost.

Your next ally attack this turn gets +2{p} and **go again**.

**Go again**",Necromancer Action,,,,,R,R,,Mark Poole,,,IAR095,https://legendstory-production-s3-public.s3.amazonaws.com/media/cards/large/IAR095-RF.webp,,,R,,,Mark Poole,,,IAR095,https://legendstory-production-s3-public.s3.amazonaws.com/media/cards/large/IAR095.webp,,,,,,Mark Poole,,,IAR095,https://legendstory-production-s3-public.s3.amazonaws.com/media/cards/large/IAR095.webp,,,,Mark Poole,,,IAR095,https://legendstory-production-s3-public.s3.amazonaws.com/media/cards/large/IAR095.webp,,,,Mark Poole,,,IAR095,https://legendstory-production-s3-public.s3.amazonaws.com/media/cards/large/IAR095.webp,,,,Mark Poole,,,IAR095,https://legendstory-production-s3-public.s3.amazonaws.com/media/cards/large/IAR095.webp
IAR096,IAR,Skeletal Puppetry,Blue,3,2,,2,,,,"Necromancer, Action",,Go again,,,,,,"You may discard an ally rather than pay this card's {r} cost.

Your next ally attack this turn gets +1{p} and **go again**.

**Go again**",Necromancer Action,,,,,R,R,,Mark Poole,,,IAR096,https://legendstory-production-s3-public.s3.amazonaws.com/media/cards/large/IAR096-RF.webp,,,R,,,Mark Poole,,,IAR096,https://legendstory-production-s3-public.s3.amazonaws.com/media/cards/large/IAR096.webp,,,,,,Mark Poole,,,IAR096,https://legendstory-production-s3-public.s3.amazonaws.com/media/cards/large/IAR096.webp,,,,Mark Poole,,,IAR096,https://legendstory-production-s3-public.s3.amazonaws.com/media/cards/large/IAR096.webp,,,,Mark Poole,,,IAR096,https://legendstory-production-s3-public.s3.amazonaws.com/media/cards/large/IAR096.webp,,,,Mark Poole,,,IAR096,https://legendstory-production-s3-public.s3.amazonaws.com/media/cards/large/IAR096.webp
IAR097,IAR,Corpse Cover,Red,1,,,3,,,,"Necromancer, Block",,,,,,,,**Once per Turn Instant** - Destroy an ally you control or discard an ally: Prevent the next 2 damage that would be dealt to you this turn. Activate this only while this card is defending.,Necromancer Block,,,,,R,R,,Julio Sidharta,,,IAR097,https://legendstory-production-s3-public.s3.amazonaws.com/media/cards/large/IAR097-RF.webp,,,R,,,Julio Sidharta,,,IAR097,https://legendstory-production-s3-public.s3.amazonaws.com/media/cards/large/IAR097.webp,,,,,,Julio Sidharta,,,IAR097,https://legendstory-production-s3-public.s3.amazonaws.com/media/cards/large/IAR097.webp,,,,Julio Sidharta,,,IAR097,https://legendstory-production-s3-public.s3.amazonaws.com/media/cards/large/IAR097.webp,,,,Julio Sidharta,,,IAR097,https://legendstory-production-s3-public.s3.amazonaws.com/media/cards/large/IAR097.webp,,,,Julio Sidharta,,,IAR097,https://legendstory-production-s3-public.s3.amazonaws.com/media/cards/large/IAR097.webp
IAR098,IAR,Corpse Cover,Yellow,2,,,2,,,,"Necromancer, Block",,,,,,,,**Once per Turn Instant** - Destroy an ally you control or discard an ally: Prevent the next 2 damage that would be dealt to you this turn. Activate this only while this card is defending.,Necromancer Block,,,,,R,R,,Julio Sidharta,,,IAR098,https://legendstory-production-s3-public.s3.amazonaws.com/media/cards/large/IAR098-RF.webp,,,R,,,Julio Sidharta,,,IAR098,https://legendstory-production-s3-public.s3.amazonaws.com/media/cards/large/IAR098.webp,,,,,,Julio Sidharta,,,IAR098,https://legendstory-production-s3-public.s3.amazonaws.com/media/cards/large/IAR098.webp,,,,Julio Sidharta,,,IAR098,https://legendstory-production-s3-public.s3.amazonaws.com/media/cards/large/IAR098.webp,,,,Julio Sidharta,,,IAR098,https://legendstory-production-s3-public.s3.amazonaws.com/media/cards/large/IAR098.webp,,,,Julio Sidharta,,,IAR098,https://legendstory-production-s3-public.s3.amazonaws.com/media/cards/large/IAR098.webp
IAR099,IAR,Corpse Cover,Blue,3,,,1,,,,"Necromancer, Block",,,,,,,,**Once per Turn Instant** - Destroy an ally you control or discard an ally: Prevent the next 2 damage that would be dealt to you this turn. Activate this only while this card is defending.,Necromancer Block,,,,,R,R,,Julio Sidharta,,,IAR099,https://legendstory-production-s3-public.s3.amazonaws.com/media/cards/large/IAR099-RF.webp,,,R,,,Julio Sidharta,,,IAR099,https://legendstory-production-s3-public.s3.amazonaws.com/media/cards/large/IAR099.webp,,,,,,Julio Sidharta,,,IAR099,https://legendstory-production-s3-public.s3.amazonaws.com/media/cards/large/IAR099.webp,,,,Julio Sidharta,,,IAR099,https://legendstory-production-s3-public.s3.amazonaws.com/media/cards/large/IAR099.webp,,,,Julio Sidharta,,,IAR099,https://legendstory-production-s3-public.s3.amazonaws.com/media/cards/large/IAR099.webp,,,,Julio Sidharta,,,IAR099,https://legendstory-production-s3-public.s3.amazonaws.com/media/cards/large/IAR099.webp
IAR100,IAR,Bonded Burial,Red,1,1,5,2,,,,"Necromancer, Action, Attack",,,,,,,,"When this hits a hero, you may destroy an ally you control or discard an ally. If you do, they discard a card.",Necromancer Action - Attack,,,,,C,R,,Tatiana Krstic,,,IAR100,https://legendstory-production-s3-public.s3.amazonaws.com/media/cards/large/IAR100-RF.webp,,,C,,,Tatiana Krstic,,,IAR100,https://legendstory-production-s3-public.s3.amazonaws.com/media/cards/large/IAR100.webp,,,,,,Tatiana Krstic,,,IAR100,https://legendstory-production-s3-public.s3.amazonaws.com/media/cards/large/IAR100.webp,,,,Tatiana Krstic,,,IAR100,https://legendstory-production-s3-public.s3.amazonaws.com/media/cards/large/IAR100.webp,,,,Tatiana Krstic,,,IAR100,https://legendstory-production-s3-public.s3.amazonaws.com/media/cards/large/IAR100.webp,,,,Tatiana Krstic,,,IAR100,https://legendstory-production-s3-public.s3.amazonaws.com/media/cards/large/IAR100.webp
IAR101,IAR,Bonded Burial,Yellow,2,1,4,2,,,,"Necromancer, Action, Attack",,,,,,,,"When this hits a hero, you may destroy an ally you control or discard an ally. If you do, they discard a card.",Necromancer Action - Attack,,,,,C,R,,Tatiana Krstic,,,IAR101,https://legendstory-production-s3-public.s3.amazonaws.com/media/cards/large/IAR101-RF.webp,,,C,,,Tatiana Krstic,,,IAR101,https://legendstory-production-s3-public.s3.amazonaws.com/media/cards/large/IAR101.webp,,,,,,Tatiana Krstic,,,IAR101,https://legendstory-production-s3-public.s3.amazonaws.com/media/cards/large/IAR101.webp,,,,Tatiana Krstic,,,IAR101,https://legendstory-production-s3-public.s3.amazonaws.com/media/cards/large/IAR101.webp,,,,Tatiana Krstic,,,IAR101,https://legendstory-production-s3-public.s3.amazonaws.com/media/cards/large/IAR101.webp,,,,Tatiana Krstic,,,IAR101,https://legendstory-production-s3-public.s3.amazonaws.com/media/cards/large/IAR101.webp
IAR102,IAR,Bonded Burial,Blue,3,1,3,2,,,,"Necromancer, Action, Attack",,,,,,,,"When this hits a hero, you may destroy an ally you control or discard an ally. If you do, they discard a card.",Necromancer Action - Attack,,,,,C,R,,Tatiana Krstic,,,IAR102,https://legendstory-production-s3-public.s3.amazonaws.com/media/cards/large/IAR102-RF.webp,,,C,,,Tatiana Krstic,,,IAR102,https://legendstory-production-s3-public.s3.amazonaws.com/media/cards/large/IAR102.webp,,,,,,Tatiana Krstic,,,IAR102,https://legendstory-production-s3-public.s3.amazonaws.com/media/cards/large/IAR102.webp,,,,Tatiana Krstic,,,IAR102,https://legendstory-production-s3-public.s3.amazonaws.com/media/cards/large/IAR102.webp,,,,Tatiana Krstic,,,IAR102,https://legendstory-production-s3-public.s3.amazonaws.com/media/cards/large/IAR102.webp,,,,Tatiana Krstic,,,IAR102,https://legendstory-production-s3-public.s3.amazonaws.com/media/cards/large/IAR102.webp
IAR103,IAR,Mutual Sacrifice,Red,1,1,5,2,,,,"Necromancer, Action, Attack",,,,,,,,"When this hits a hero, you may destroy an ally you control or discard an ally. If you do, they lose 2{h}.",Necromancer Action - Attack,,,,,C,R,,Asur Misoa,,,IAR103,https://legendstory-production-s3-public.s3.amazonaws.com/media/cards/large/IAR103-RF.webp,,,C,,,Asur Misoa,,,IAR103,https://legendstory-production-s3-public.s3.amazonaws.com/media/cards/large/IAR103.webp,,,,,,Asur Misoa,,,IAR103,https://legendstory-production-s3-public.s3.amazonaws.com/media/cards/large/IAR103.webp,,,,Asur Misoa,,,IAR103,https://legendstory-production-s3-public.s3.amazonaws.com/media/cards/large/IAR103.webp,,,,Asur Misoa,,,IAR103,https://legendstory-production-s3-public.s3.amazonaws.com/media/cards/large/IAR103.webp,,,,Asur Misoa,,,IAR103,https://legendstory-production-s3-public.s3.amazonaws.com/media/cards/large/IAR103.webp
IAR104,IAR,Mutual Sacrifice,Yellow,2,1,4,2,,,,"Necromancer, Action, Attack",,,,,,,,"When this hits a hero, you may destroy an ally you control or discard an ally. If you do, they lose 2{h}.",Necromancer Action - Attack,,,,,C,R,,Asur Misoa,,,IAR104,https://legendstory-production-s3-public.s3.amazonaws.com/media/cards/large/IAR104-RF.webp,,,C,,,Asur Misoa,,,IAR104,https://legendstory-production-s3-public.s3.amazonaws.com/media/cards/large/IAR104.webp,,,,,,Asur Misoa,,,IAR104,https://legendstory-production-s3-public.s3.amazonaws.com/media/cards/large/IAR104.webp,,,,Asur Misoa,,,IAR104,https://legendstory-production-s3-public.s3.amazonaws.com/media/cards/large/IAR104.webp,,,,Asur Misoa,,,IAR104,https://legendstory-production-s3-public.s3.amazonaws.com/media/cards/large/IAR104.webp,,,,Asur Misoa,,,IAR104,https://legendstory-production-s3-public.s3.amazonaws.com/media/cards/large/IAR104.webp
IAR105,IAR,Mutual Sacrifice,Blue,3,1,3,2,,,,"Necromancer, Action, Attack",,,,,,,,"When this hits a hero, you may destroy an ally you control or discard an ally. If you do, they lose 2{h}.",Necromancer Action - Attack,,,,,C,R,,Asur Misoa,,,IAR105,https://legendstory-production-s3-public.s3.amazonaws.com/media/cards/large/IAR105-RF.webp,,,C,,,Asur Misoa,,,IAR105,https://legendstory-production-s3-public.s3.amazonaws.com/media/cards/large/IAR105.webp,,,,,,Asur Misoa,,,IAR105,https://legendstory-production-s3-public.s3.amazonaws.com/media/cards/large/IAR105.webp,,,,Asur Misoa,,,IAR105,https://legendstory-production-s3-public.s3.amazonaws.com/media/cards/large/IAR105.webp,,,,Asur Misoa,,,IAR105,https://legendstory-production-s3-public.s3.amazonaws.com/media/cards/large/IAR105.webp,,,,Asur Misoa,,,IAR105,https://legendstory-production-s3-public.s3.amazonaws.com/media/cards/large/IAR105.webp
"IAR106, IAR107",IAR,"Viserai, Usurper",,,,,,*,4,,"Shadow, Runeblade, Hero, Demon",,Traverse,,,Go again,,,"The first attack action card with blood debt you play each turn gets **go again**.

At the beginning of each end phase, if you've created or activated a Gate to i'Arathael this turn, you may **traverse**.",Shadow Runeblade Hero - Demon,,,,,B,,,Nathaniel Himawan,,,IAR106,https://legendstory-production-s3-public.s3.amazonaws.com/media/cards/large/IAR106_BACK.webp,,,B,,,Nathaniel Himawan,,,IAR107,https://legendstory-production-s3-public.s3.amazonaws.com/media/cards/large/IAR107_BACK.webp,,,V,C,FA,Nathaniel Himawan,,,IAR106,https://legendstory-production-s3-public.s3.amazonaws.com/media/cards/large/IAR106-MV_BACK.webp,V,C,FA,Nathaniel Himawan,,,IAR107,https://legendstory-production-s3-public.s3.amazonaws.com/media/cards/large/IAR107-MV_BACK.webp,,,,Nathaniel Himawan,,,IAR107,https://legendstory-production-s3-public.s3.amazonaws.com/media/cards/large/IAR107.webp,,,,Nathaniel Himawan,,,IAR107,https://legendstory-production-s3-public.s3.amazonaws.com/media/cards/large/IAR107.webp
IAR106,IAR,"Viserai, the Forsaken",,,,,,40,4,,"Shadow, Runeblade, Hero",,Traverse,,,,,,"Whenever you create 1 or more Runechants, banish the top card of your deck. Then if you've created 3 or more Runechants this turn, **traverse**.",Shadow Runeblade Hero,,,No,,B,,,Nathaniel Himawan,,,IAR106,https://legendstory-production-s3-public.s3.amazonaws.com/media/cards/large/IAR106.webp,,,V,C,FA,Nathaniel Himawan,,,IAR106,https://legendstory-production-s3-public.s3.amazonaws.com/media/cards/large/IAR106-MV.webp,,,,,,Nathaniel Himawan,,,IAR106,https://legendstory-production-s3-public.s3.amazonaws.com/media/cards/large/IAR106.webp,,,,Nathaniel Himawan,,,IAR106,https://legendstory-production-s3-public.s3.amazonaws.com/media/cards/large/IAR106.webp,,,,Nathaniel Himawan,,,IAR106,https://legendstory-production-s3-public.s3.amazonaws.com/media/cards/large/IAR106.webp,,,,Nathaniel Himawan,,,IAR106,https://legendstory-production-s3-public.s3.amazonaws.com/media/cards/large/IAR106.webp
IAR107,IAR,"Viserai, Between Worlds",,,,,,20,4,,"Shadow, Runeblade, Hero, Young",,Traverse,,,,,,"Whenever you create 1 or more Runechants, banish the top card of your deck. Then if you've created 3 or more Runechants this turn, **traverse**.",Shadow Runeblade Hero - Young,,No,,No,B,,,Nathaniel Himawan,,,IAR107,https://legendstory-production-s3-public.s3.amazonaws.com/media/cards/large/IAR107.webp,,,V,C,FA,Nathaniel Himawan,,,IAR107,https://legendstory-production-s3-public.s3.amazonaws.com/media/cards/large/IAR107-MV.webp,,,,,,Nathaniel Himawan,,,IAR107,https://legendstory-production-s3-public.s3.amazonaws.com/media/cards/large/IAR107.webp,,,,Nathaniel Himawan,,,IAR107,https://legendstory-production-s3-public.s3.amazonaws.com/media/cards/large/IAR107.webp,,,,Nathaniel Himawan,,,IAR107,https://legendstory-production-s3-public.s3.amazonaws.com/media/cards/large/IAR107.webp,,,,Nathaniel Himawan,,,IAR107,https://legendstory-production-s3-public.s3.amazonaws.com/media/cards/large/IAR107.webp
"IAR108,GEM185","IAR,GEM",Seven Sin Nebula,,,,3,,,,,"Shadow, Runeblade, Weapon, Sword, 2H",,,Action,Attack,,,,"**Action** - {r}, {t}: **Attack**. Activate this only if you've played a card from a banished zone this turn.

When this hits a hero, create a Runechant token.",Shadow Runeblade Weapon - Sword (2H),,,,,B,,,Ismatulloh,,,IAR108,https://legendstory-production-s3-public.s3.amazonaws.com/media/cards/large/IAR108.webp,,,P,C,,Ismatulloh,,,GEM185,https://legendstory-production-s3-public.s3.amazonaws.com/media/cards/large/GEM185-CF.webp,,,,,,Ismatulloh,,,GEM185,https://legendstory-production-s3-public.s3.amazonaws.com/media/cards/large/GEM185.webp,,,,Ismatulloh,,,GEM185,https://legendstory-production-s3-public.s3.amazonaws.com/media/cards/large/GEM185.webp,,,,Ismatulloh,,,GEM185,https://legendstory-production-s3-public.s3.amazonaws.com/media/cards/large/GEM185.webp,,,,Ismatulloh,,,GEM185,https://legendstory-production-s3-public.s3.amazonaws.com/media/cards/large/GEM185.webp
IAR109,IAR,Grasp of the Darknight,,,,,0,,,,"Shadow, Runeblade, Equipment, Arms",,,Action,"Opt 1, Go again",,,,"**Action** - {r}, destroy this: **Opt 1**, then create a Runechant token. **Go again**",Shadow Runeblade Equipment - Arms,,,,,B,,,Tatiana Krstic,,,IAR109,https://legendstory-production-s3-public.s3.amazonaws.com/media/cards/large/IAR109.webp,,,B,C,EA,Tatiana Krstic,,,IAR109,https://legendstory-production-s3-public.s3.amazonaws.com/media/cards/large/IAR109-CF.webp,,,,,,Tatiana Krstic,,,IAR109,https://legendstory-production-s3-public.s3.amazonaws.com/media/cards/large/IAR109.webp,,,,Tatiana Krstic,,,IAR109,https://legendstory-production-s3-public.s3.amazonaws.com/media/cards/large/IAR109.webp,,,,Tatiana Krstic,,,IAR109,https://legendstory-production-s3-public.s3.amazonaws.com/media/cards/large/IAR109.webp,,,,Tatiana Krstic,,,IAR109,https://legendstory-production-s3-public.s3.amazonaws.com/media/cards/large/IAR109.webp
IAR110,IAR,Usurp the Shadow Throne,Blue,3,13,13,3,,,,"Shadow, Runeblade, Action, Attack",,"Viserai Specialization, Blood Debt",,,,,Usurp,"**Viserai Specialization**

If you've usurped this turn, this costs 6{r} less to play and you may play it from your banished zone.

When this hits a hero, turn all cards in their banished zone face-down. They lose X{h} and you gain X{h}, where X is the number of cards turned face-down this way.

**Blood Debt**",Shadow Runeblade Action - Attack,,,No,,V,C,FA,Esty Swandana,,,IAR110,https://legendstory-production-s3-public.s3.amazonaws.com/media/cards/large/IAR110-MV.webp,,,L,,,Esty Swandana,,,IAR110,https://legendstory-production-s3-public.s3.amazonaws.com/media/cards/large/IAR110.webp,,,,,,Esty Swandana,,,IAR110,https://legendstory-production-s3-public.s3.amazonaws.com/media/cards/large/IAR110.webp,,,,Esty Swandana,,,IAR110,https://legendstory-production-s3-public.s3.amazonaws.com/media/cards/large/IAR110.webp,,,,Esty Swandana,,,IAR110,https://legendstory-production-s3-public.s3.amazonaws.com/media/cards/large/IAR110.webp,,,,Esty Swandana,,,IAR110,https://legendstory-production-s3-public.s3.amazonaws.com/media/cards/large/IAR110.webp
IAR111,IAR,Arknight Descendancy,Blue,3,5,6,3,,,,"Shadow, Runeblade, Action, Attack",,"Viserai Specialization, Blood Debt",,,,,,"**Viserai Specialization**

This costs {r} less to play for each Runechant you control.

When this is banished from anywhere, you may pay up to 3{h}. Create that many Runechant tokens.

**Blood Debt**",Shadow Runeblade Action - Attack,,,No,,M,R,,SanSan,,,IAR111,https://legendstory-production-s3-public.s3.amazonaws.com/media/cards/large/IAR111-RF.webp,,,M,,,SanSan,,,IAR111,https://legendstory-production-s3-public.s3.amazonaws.com/media/cards/large/IAR111.webp,,,,,,SanSan,,,IAR111,https://legendstory-production-s3-public.s3.amazonaws.com/media/cards/large/IAR111.webp,,,,SanSan,,,IAR111,https://legendstory-production-s3-public.s3.amazonaws.com/media/cards/large/IAR111.webp,,,,SanSan,,,IAR111,https://legendstory-production-s3-public.s3.amazonaws.com/media/cards/large/IAR111.webp,,,,SanSan,,,IAR111,https://legendstory-production-s3-public.s3.amazonaws.com/media/cards/large/IAR111.webp
IAR112,IAR,Sinspeaker Gloomblade,Red,1,0,2,3,,,,"Shadow, Runeblade, Action, Attack",,"Usurp, Blood Debt",,,,,,"You may play this from your banished zone.

**Usurp**

If this was played from your banished zone, it gets ""When this attacks, you may search your deck for an aura with Runechant in its name, put it into the arena, then shuffle.""

**Blood Debt**",Shadow Runeblade Action - Attack,,,No,,M,,,soyameii,,,IAR112,https://legendstory-production-s3-public.s3.amazonaws.com/media/cards/large/IAR112.webp,,,M,R,,soyameii,,,IAR112,https://legendstory-production-s3-public.s3.amazonaws.com/media/cards/large/IAR112-RF.webp,,,,,,soyameii,,,IAR112,https://legendstory-production-s3-public.s3.amazonaws.com/media/cards/large/IAR112.webp,,,,soyameii,,,IAR112,https://legendstory-production-s3-public.s3.amazonaws.com/media/cards/large/IAR112.webp,,,,soyameii,,,IAR112,https://legendstory-production-s3-public.s3.amazonaws.com/media/cards/large/IAR112.webp,,,,soyameii,,,IAR112,https://legendstory-production-s3-public.s3.amazonaws.com/media/cards/large/IAR112.webp
IAR113,IAR,Become the Shadow Lord,Blue,3,0,,3,,,,"Shadow, Runeblade, Action",,Go again,,,,,,"Banish a card from your hand. If it's Runeblade, create a Runechant token. If it's Shadow, create a Gate to i'Arathael token.

**Go again**",Shadow Runeblade Action,,,No,,M,,,Athiwut B.,,,IAR113,https://legendstory-production-s3-public.s3.amazonaws.com/media/cards/large/IAR113.webp,,,V,C,FA,Athiwut B.,,,IAR113,https://legendstory-production-s3-public.s3.amazonaws.com/media/cards/large/IAR113-MV.webp,,,,,,Athiwut B.,,,IAR113,https://legendstory-production-s3-public.s3.amazonaws.com/media/cards/large/IAR113.webp,,,,Athiwut B.,,,IAR113,https://legendstory-production-s3-public.s3.amazonaws.com/media/cards/large/IAR113.webp,,,,Athiwut B.,,,IAR113,https://legendstory-production-s3-public.s3.amazonaws.com/media/cards/large/IAR113.webp,,,,Athiwut B.,,,IAR113,https://legendstory-production-s3-public.s3.amazonaws.com/media/cards/large/IAR113.webp
IAR114,IAR,Bloodsong Gloomblade,Red,1,0,2,3,,,,"Shadow, Runeblade, Action, Attack",,"Usurp, Blood Debt",,,,,,"You may play this from your banished zone.

**Usurp**

When this hits a hero, you may banish target aura permanent they control.

**Blood Debt**",Shadow Runeblade Action - Attack,,,,,R,R,,Maerel Hibadita,,,IAR114,https://legendstory-production-s3-public.s3.amazonaws.com/media/cards/large/IAR114-RF.webp,,,R,,,Maerel Hibadita,,,IAR114,https://legendstory-production-s3-public.s3.amazonaws.com/media/cards/large/IAR114.webp,,,,,,Maerel Hibadita,,,IAR114,https://legendstory-production-s3-public.s3.amazonaws.com/media/cards/large/IAR114.webp,,,,Maerel Hibadita,,,IAR114,https://legendstory-production-s3-public.s3.amazonaws.com/media/cards/large/IAR114.webp,,,,Maerel Hibadita,,,IAR114,https://legendstory-production-s3-public.s3.amazonaws.com/media/cards/large/IAR114.webp,,,,Maerel Hibadita,,,IAR114,https://legendstory-production-s3-public.s3.amazonaws.com/media/cards/large/IAR114.webp
IAR115,IAR,Cullingsong Gloomblade,Red,1,0,2,3,,,,"Shadow, Runeblade, Action, Attack",,"Usurp, Blood Debt",,,,,,"You may play this from your banished zone.

**Usurp**

When this hits a hero, they banish a card from their hand.

**Blood Debt**",Shadow Runeblade Action - Attack,,,,,R,R,,YDZ,,,IAR115,https://legendstory-production-s3-public.s3.amazonaws.com/media/cards/large/IAR115-RF.webp,,,R,,,YDZ,,,IAR115,https://legendstory-production-s3-public.s3.amazonaws.com/media/cards/large/IAR115.webp,,,,,,YDZ,,,IAR115,https://legendstory-production-s3-public.s3.amazonaws.com/media/cards/large/IAR115.webp,,,,YDZ,,,IAR115,https://legendstory-production-s3-public.s3.amazonaws.com/media/cards/large/IAR115.webp,,,,YDZ,,,IAR115,https://legendstory-production-s3-public.s3.amazonaws.com/media/cards/large/IAR115.webp,,,,YDZ,,,IAR115,https://legendstory-production-s3-public.s3.amazonaws.com/media/cards/large/IAR115.webp
IAR116,IAR,Plundersong Gloomblade,Red,1,0,2,3,,,,"Shadow, Runeblade, Action, Attack",,"Usurp, Blood Debt",,,,,,"You may play this from your banished zone.

**Usurp**

When this hits a hero, they banish a card in their arsenal.

**Blood Debt**",Shadow Runeblade Action - Attack,,,,,R,R,,Bastien Jez,,,IAR116,https://legendstory-production-s3-public.s3.amazonaws.com/media/cards/large/IAR116-RF.webp,,,R,,,Bastien Jez,,,IAR116,https://legendstory-production-s3-public.s3.amazonaws.com/media/cards/large/IAR116.webp,,,,,,Bastien Jez,,,IAR116,https://legendstory-production-s3-public.s3.amazonaws.com/media/cards/large/IAR116.webp,,,,Bastien Jez,,,IAR116,https://legendstory-production-s3-public.s3.amazonaws.com/media/cards/large/IAR116.webp,,,,Bastien Jez,,,IAR116,https://legendstory-production-s3-public.s3.amazonaws.com/media/cards/large/IAR116.webp,,,,Bastien Jez,,,IAR116,https://legendstory-production-s3-public.s3.amazonaws.com/media/cards/large/IAR116.webp
IAR117,IAR,Vexing Gloomblade,Red,1,3,5,3,,,,"Shadow, Runeblade, Action, Attack",,"Usurp, Blood Debt",,,,,,"You may play this from your banished zone.

**Usurp**

When this hits a hero, deal 2 arcane damage to any target.

**Blood Debt**",Shadow Runeblade Action - Attack,,,,,R,R,,Yunior Susanto,,,IAR117,https://legendstory-production-s3-public.s3.amazonaws.com/media/cards/large/IAR117-RF.webp,,,R,,,Yunior Susanto,,,IAR117,https://legendstory-production-s3-public.s3.amazonaws.com/media/cards/large/IAR117.webp,,,,,,Yunior Susanto,,,IAR117,https://legendstory-production-s3-public.s3.amazonaws.com/media/cards/large/IAR117.webp,,,,Yunior Susanto,,,IAR117,https://legendstory-production-s3-public.s3.amazonaws.com/media/cards/large/IAR117.webp,,,,Yunior Susanto,,,IAR117,https://legendstory-production-s3-public.s3.amazonaws.com/media/cards/large/IAR117.webp,,,,Yunior Susanto,,,IAR117,https://legendstory-production-s3-public.s3.amazonaws.com/media/cards/large/IAR117.webp
IAR118,IAR,Vexing Gloomblade,Yellow,2,3,4,3,,,,"Shadow, Runeblade, Action, Attack",,"Usurp, Blood Debt",,,,,,"You may play this from your banished zone.

**Usurp**

When this hits a hero, deal 2 arcane damage to any target.

**Blood Debt**",Shadow Runeblade Action - Attack,,,,,R,R,,Yunior Susanto,,,IAR118,https://legendstory-production-s3-public.s3.amazonaws.com/media/cards/large/IAR118-RF.webp,,,R,,,Yunior Susanto,,,IAR118,https://legendstory-production-s3-public.s3.amazonaws.com/media/cards/large/IAR118.webp,,,,,,Yunior Susanto,,,IAR118,https://legendstory-production-s3-public.s3.amazonaws.com/media/cards/large/IAR118.webp,,,,Yunior Susanto,,,IAR118,https://legendstory-production-s3-public.s3.amazonaws.com/media/cards/large/IAR118.webp,,,,Yunior Susanto,,,IAR118,https://legendstory-production-s3-public.s3.amazonaws.com/media/cards/large/IAR118.webp,,,,Yunior Susanto,,,IAR118,https://legendstory-production-s3-public.s3.amazonaws.com/media/cards/large/IAR118.webp
IAR119,IAR,Vexing Gloomblade,Blue,3,3,3,3,,,,"Shadow, Runeblade, Action, Attack",,"Usurp, Blood Debt",,,,,,"You may play this from your banished zone.

**Usurp**

When this hits a hero, deal 2 arcane damage to any target.

**Blood Debt**",Shadow Runeblade Action - Attack,,,,,R,R,,Yunior Susanto,,,IAR119,https://legendstory-production-s3-public.s3.amazonaws.com/media/cards/large/IAR119-RF.webp,,,R,,,Yunior Susanto,,,IAR119,https://legendstory-production-s3-public.s3.amazonaws.com/media/cards/large/IAR119.webp,,,,,,Yunior Susanto,,,IAR119,https://legendstory-production-s3-public.s3.amazonaws.com/media/cards/large/IAR119.webp,,,,Yunior Susanto,,,IAR119,https://legendstory-production-s3-public.s3.amazonaws.com/media/cards/large/IAR119.webp,,,,Yunior Susanto,,,IAR119,https://legendstory-production-s3-public.s3.amazonaws.com/media/cards/large/IAR119.webp,,,,Yunior Susanto,,,IAR119,https://legendstory-production-s3-public.s3.amazonaws.com/media/cards/large/IAR119.webp
IAR120,IAR,Embrace Sin,Yellow,2,1,,2,,,,"Shadow, Runeblade, Action",,Go again,,,,,,"Your next attack this turn gets +2{p}.

You may play an aura with Runechant in its name from your banished zone this turn.

**Go again**",Shadow Runeblade Action,,,,,R,R,,Alifka Hammam,,,IAR120,https://legendstory-production-s3-public.s3.amazonaws.com/media/cards/large/IAR120-RF.webp,,,R,,,Alifka Hammam,,,IAR120,https://legendstory-production-s3-public.s3.amazonaws.com/media/cards/large/IAR120.webp,,,,,,Alifka Hammam,,,IAR120,https://legendstory-production-s3-public.s3.amazonaws.com/media/cards/large/IAR120.webp,,,,Alifka Hammam,,,IAR120,https://legendstory-production-s3-public.s3.amazonaws.com/media/cards/large/IAR120.webp,,,,Alifka Hammam,,,IAR120,https://legendstory-production-s3-public.s3.amazonaws.com/media/cards/large/IAR120.webp,,,,Alifka Hammam,,,IAR120,https://legendstory-production-s3-public.s3.amazonaws.com/media/cards/large/IAR120.webp
IAR121,IAR,Forbidden Harvest,Yellow,2,1,,2,,,,"Shadow, Runeblade, Action",,Go again,,,,,,"Turn up to 3 cards in your banished zone face-down, then create a Runechant token for each Shadow card turned face-down this way.

**Go again**",Shadow Runeblade Action,,,,,R,R,,Muhammad Fajri,,,IAR121,https://legendstory-production-s3-public.s3.amazonaws.com/media/cards/large/IAR121-RF.webp,,,R,,,Muhammad Fajri,,,IAR121,https://legendstory-production-s3-public.s3.amazonaws.com/media/cards/large/IAR121.webp,,,,,,Muhammad Fajri,,,IAR121,https://legendstory-production-s3-public.s3.amazonaws.com/media/cards/large/IAR121.webp,,,,Muhammad Fajri,,,IAR121,https://legendstory-production-s3-public.s3.amazonaws.com/media/cards/large/IAR121.webp,,,,Muhammad Fajri,,,IAR121,https://legendstory-production-s3-public.s3.amazonaws.com/media/cards/large/IAR121.webp,,,,Muhammad Fajri,,,IAR121,https://legendstory-production-s3-public.s3.amazonaws.com/media/cards/large/IAR121.webp
IAR122,IAR,Promise of Power,Yellow,2,1,,2,,,,"Shadow, Runeblade, Action",,Go again,,,,,,"The next time you play an attack action card from your banished zone this turn, create 2 Runechant tokens.

**Go again**",Shadow Runeblade Action,,,,,R,R,,Isuardi Therianto,,,IAR122,https://legendstory-production-s3-public.s3.amazonaws.com/media/cards/large/IAR122-RF.webp,,,R,,,Isuardi Therianto,,,IAR122,https://legendstory-production-s3-public.s3.amazonaws.com/media/cards/large/IAR122.webp,,,,,,Isuardi Therianto,,,IAR122,https://legendstory-production-s3-public.s3.amazonaws.com/media/cards/large/IAR122.webp,,,,Isuardi Therianto,,,IAR122,https://legendstory-production-s3-public.s3.amazonaws.com/media/cards/large/IAR122.webp,,,,Isuardi Therianto,,,IAR122,https://legendstory-production-s3-public.s3.amazonaws.com/media/cards/large/IAR122.webp,,,,Isuardi Therianto,,,IAR122,https://legendstory-production-s3-public.s3.amazonaws.com/media/cards/large/IAR122.webp
IAR123,IAR,Bloodfrenzy Gloomblade,Red,1,1,3,3,,,,"Shadow, Runeblade, Action, Attack",,"Usurp, Blood Debt, Go again",,,,,,"You may play this from your banished zone.

**Usurp**

If you've dealt damage to the defending hero this turn, this gets **go again**.

**Blood Debt**",Shadow Runeblade Action - Attack,,,,,C,R,,Mariusz Gandzel,,,IAR123,https://legendstory-production-s3-public.s3.amazonaws.com/media/cards/large/IAR123-RF.webp,,,C,,,Mariusz Gandzel,,,IAR123,https://legendstory-production-s3-public.s3.amazonaws.com/media/cards/large/IAR123.webp,,,,,,Mariusz Gandzel,,,IAR123,https://legendstory-production-s3-public.s3.amazonaws.com/media/cards/large/IAR123.webp,,,,Mariusz Gandzel,,,IAR123,https://legendstory-production-s3-public.s3.amazonaws.com/media/cards/large/IAR123.webp,,,,Mariusz Gandzel,,,IAR123,https://legendstory-production-s3-public.s3.amazonaws.com/media/cards/large/IAR123.webp,,,,Mariusz Gandzel,,,IAR123,https://legendstory-production-s3-public.s3.amazonaws.com/media/cards/large/IAR123.webp
IAR124,IAR,Bloodfrenzy Gloomblade,Yellow,2,1,2,3,,,,"Shadow, Runeblade, Action, Attack",,"Usurp, Blood Debt, Go again",,,,,,"You may play this from your banished zone.

**Usurp**

If you've dealt damage to the defending hero this turn, this gets **go again**.

**Blood Debt**",Shadow Runeblade Action - Attack,,,,,C,R,,Mariusz Gandzel,,,IAR124,https://legendstory-production-s3-public.s3.amazonaws.com/media/cards/large/IAR124-RF.webp,,,C,,,Mariusz Gandzel,,,IAR124,https://legendstory-production-s3-public.s3.amazonaws.com/media/cards/large/IAR124.webp,,,,,,Mariusz Gandzel,,,IAR124,https://legendstory-production-s3-public.s3.amazonaws.com/media/cards/large/IAR124.webp,,,,Mariusz Gandzel,,,IAR124,https://legendstory-production-s3-public.s3.amazonaws.com/media/cards/large/IAR124.webp,,,,Mariusz Gandzel,,,IAR124,https://legendstory-production-s3-public.s3.amazonaws.com/media/cards/large/IAR124.webp,,,,Mariusz Gandzel,,,IAR124,https://legendstory-production-s3-public.s3.amazonaws.com/media/cards/large/IAR124.webp
IAR125,IAR,Bloodfrenzy Gloomblade,Blue,3,1,1,3,,,,"Shadow, Runeblade, Action, Attack",,"Usurp, Blood Debt, Go again",,,,,,"You may play this from your banished zone.

**Usurp**

If you've dealt damage to the defending hero this turn, this gets **go again**.

**Blood Debt**",Shadow Runeblade Action - Attack,,,,,C,R,,Mariusz Gandzel,,,IAR125,https://legendstory-production-s3-public.s3.amazonaws.com/media/cards/large/IAR125-RF.webp,,,C,,,Mariusz Gandzel,,,IAR125,https://legendstory-production-s3-public.s3.amazonaws.com/media/cards/large/IAR125.webp,,,,,,Mariusz Gandzel,,,IAR125,https://legendstory-production-s3-public.s3.amazonaws.com/media/cards/large/IAR125.webp,,,,Mariusz Gandzel,,,IAR125,https://legendstory-production-s3-public.s3.amazonaws.com/media/cards/large/IAR125.webp,,,,Mariusz Gandzel,,,IAR125,https://legendstory-production-s3-public.s3.amazonaws.com/media/cards/large/IAR125.webp,,,,Mariusz Gandzel,,,IAR125,https://legendstory-production-s3-public.s3.amazonaws.com/media/cards/large/IAR125.webp
IAR126,IAR,Demonbound Gloomblade,Red,1,0,3,3,,,,"Shadow, Runeblade, Action, Attack",,"Usurp, Blood Debt",,,,,,"You may play this from your banished zone.

**Usurp**

**Blood Debt**",Shadow Runeblade Action - Attack,,,,,C,,,Rio Sabda,,,IAR126,https://legendstory-production-s3-public.s3.amazonaws.com/media/cards/large/IAR126.webp,,,C,R,,Rio Sabda,,,IAR126,https://legendstory-production-s3-public.s3.amazonaws.com/media/cards/large/IAR126-RF.webp,,,,,,Rio Sabda,,,IAR126,https://legendstory-production-s3-public.s3.amazonaws.com/media/cards/large/IAR126.webp,,,,Rio Sabda,,,IAR126,https://legendstory-production-s3-public.s3.amazonaws.com/media/cards/large/IAR126.webp,,,,Rio Sabda,,,IAR126,https://legendstory-production-s3-public.s3.amazonaws.com/media/cards/large/IAR126.webp,,,,Rio Sabda,,,IAR126,https://legendstory-production-s3-public.s3.amazonaws.com/media/cards/large/IAR126.webp
IAR127,IAR,Demonbound Gloomblade,Yellow,2,0,2,3,,,,"Shadow, Runeblade, Action, Attack",,"Usurp, Blood Debt",,,,,,"You may play this from your banished zone.

**Usurp**

**Blood Debt**",Shadow Runeblade Action - Attack,,,,,C,R,,Rio Sabda,,,IAR127,https://legendstory-production-s3-public.s3.amazonaws.com/media/cards/large/IAR127-RF.webp,,,C,,,Rio Sabda,,,IAR127,https://legendstory-production-s3-public.s3.amazonaws.com/media/cards/large/IAR127.webp,,,,,,Rio Sabda,,,IAR127,https://legendstory-production-s3-public.s3.amazonaws.com/media/cards/large/IAR127.webp,,,,Rio Sabda,,,IAR127,https://legendstory-production-s3-public.s3.amazonaws.com/media/cards/large/IAR127.webp,,,,Rio Sabda,,,IAR127,https://legendstory-production-s3-public.s3.amazonaws.com/media/cards/large/IAR127.webp,,,,Rio Sabda,,,IAR127,https://legendstory-production-s3-public.s3.amazonaws.com/media/cards/large/IAR127.webp
IAR128,IAR,Demonbound Gloomblade,Blue,3,0,1,3,,,,"Shadow, Runeblade, Action, Attack",,"Usurp, Blood Debt",,,,,,"You may play this from your banished zone.

**Usurp**

**Blood Debt**",Shadow Runeblade Action - Attack,,,,,C,R,,Rio Sabda,,,IAR128,https://legendstory-production-s3-public.s3.amazonaws.com/media/cards/large/IAR128-RF.webp,,,C,,,Rio Sabda,,,IAR128,https://legendstory-production-s3-public.s3.amazonaws.com/media/cards/large/IAR128.webp,,,,,,Rio Sabda,,,IAR128,https://legendstory-production-s3-public.s3.amazonaws.com/media/cards/large/IAR128.webp,,,,Rio Sabda,,,IAR128,https://legendstory-production-s3-public.s3.amazonaws.com/media/cards/large/IAR128.webp,,,,Rio Sabda,,,IAR128,https://legendstory-production-s3-public.s3.amazonaws.com/media/cards/large/IAR128.webp,,,,Rio Sabda,,,IAR128,https://legendstory-production-s3-public.s3.amazonaws.com/media/cards/large/IAR128.webp
IAR129,IAR,Embrace Ursur,Red,1,1,3,3,,,,"Shadow, Runeblade, Action, Attack",,Go again,,,,,,"When this attacks, you may banish a card from your hand. If it's Runeblade, create a Runechant token. If it's Shadow, this gets **go again**.",Shadow Runeblade Action - Attack,,,,,C,R,,Alif Zahrah,,,IAR129,https://legendstory-production-s3-public.s3.amazonaws.com/media/cards/large/IAR129-RF.webp,,,C,,,Alif Zahrah,,,IAR129,https://legendstory-production-s3-public.s3.amazonaws.com/media/cards/large/IAR129.webp,,,,,,Alif Zahrah,,,IAR129,https://legendstory-production-s3-public.s3.amazonaws.com/media/cards/large/IAR129.webp,,,,Alif Zahrah,,,IAR129,https://legendstory-production-s3-public.s3.amazonaws.com/media/cards/large/IAR129.webp,,,,Alif Zahrah,,,IAR129,https://legendstory-production-s3-public.s3.amazonaws.com/media/cards/large/IAR129.webp,,,,Alif Zahrah,,,IAR129,https://legendstory-production-s3-public.s3.amazonaws.com/media/cards/large/IAR129.webp
IAR130,IAR,Embrace Ursur,Yellow,2,1,2,3,,,,"Shadow, Runeblade, Action, Attack",,Go again,,,,,,"When this attacks, you may banish a card from your hand. If it's Runeblade, create a Runechant token. If it's Shadow, this gets **go again**.",Shadow Runeblade Action - Attack,,,,,C,R,,Alif Zahrah,,,IAR130,https://legendstory-production-s3-public.s3.amazonaws.com/media/cards/large/IAR130-RF.webp,,,C,,,Alif Zahrah,,,IAR130,https://legendstory-production-s3-public.s3.amazonaws.com/media/cards/large/IAR130.webp,,,,,,Alif Zahrah,,,IAR130,https://legendstory-production-s3-public.s3.amazonaws.com/media/cards/large/IAR130.webp,,,,Alif Zahrah,,,IAR130,https://legendstory-production-s3-public.s3.amazonaws.com/media/cards/large/IAR130.webp,,,,Alif Zahrah,,,IAR130,https://legendstory-production-s3-public.s3.amazonaws.com/media/cards/large/IAR130.webp,,,,Alif Zahrah,,,IAR130,https://legendstory-production-s3-public.s3.amazonaws.com/media/cards/large/IAR130.webp
IAR131,IAR,Embrace Ursur,Blue,3,1,1,3,,,,"Shadow, Runeblade, Action, Attack",,Go again,,,,,,"When this attacks, you may banish a card from your hand. If it's Runeblade, create a Runechant token. If it's Shadow, this gets **go again**.",Shadow Runeblade Action - Attack,,,,,C,R,,Alif Zahrah,,,IAR131,https://legendstory-production-s3-public.s3.amazonaws.com/media/cards/large/IAR131-RF.webp,,,C,,,Alif Zahrah,,,IAR131,https://legendstory-production-s3-public.s3.amazonaws.com/media/cards/large/IAR131.webp,,,,,,Alif Zahrah,,,IAR131,https://legendstory-production-s3-public.s3.amazonaws.com/media/cards/large/IAR131.webp,,,,Alif Zahrah,,,IAR131,https://legendstory-production-s3-public.s3.amazonaws.com/media/cards/large/IAR131.webp,,,,Alif Zahrah,,,IAR131,https://legendstory-production-s3-public.s3.amazonaws.com/media/cards/large/IAR131.webp,,,,Alif Zahrah,,,IAR131,https://legendstory-production-s3-public.s3.amazonaws.com/media/cards/large/IAR131.webp
IAR132,IAR,Murmuring Gloomblade,Red,1,2,4,3,,,,"Shadow, Runeblade, Action, Attack",,"Usurp, Blood Debt",,,,,,"You may play this from your banished zone.

**Usurp**

When this attacks or hits, create a Runechant token.

**Blood Debt**",Shadow Runeblade Action - Attack,,,,,C,R,,Surya Prasetya,,,IAR132,https://legendstory-production-s3-public.s3.amazonaws.com/media/cards/large/IAR132-RF.webp,,,C,,,Surya Prasetya,,,IAR132,https://legendstory-production-s3-public.s3.amazonaws.com/media/cards/large/IAR132.webp,,,,,,Surya Prasetya,,,IAR132,https://legendstory-production-s3-public.s3.amazonaws.com/media/cards/large/IAR132.webp,,,,Surya Prasetya,,,IAR132,https://legendstory-production-s3-public.s3.amazonaws.com/media/cards/large/IAR132.webp,,,,Surya Prasetya,,,IAR132,https://legendstory-production-s3-public.s3.amazonaws.com/media/cards/large/IAR132.webp,,,,Surya Prasetya,,,IAR132,https://legendstory-production-s3-public.s3.amazonaws.com/media/cards/large/IAR132.webp
IAR133,IAR,Murmuring Gloomblade,Yellow,2,2,3,3,,,,"Shadow, Runeblade, Action, Attack",,"Usurp, Blood Debt",,,,,,"You may play this from your banished zone.

**Usurp**

When this attacks or hits, create a Runechant token.

**Blood Debt**",Shadow Runeblade Action - Attack,,,,,C,R,,Surya Prasetya,,,IAR133,https://legendstory-production-s3-public.s3.amazonaws.com/media/cards/large/IAR133-RF.webp,,,C,,,Surya Prasetya,,,IAR133,https://legendstory-production-s3-public.s3.amazonaws.com/media/cards/large/IAR133.webp,,,,,,Surya Prasetya,,,IAR133,https://legendstory-production-s3-public.s3.amazonaws.com/media/cards/large/IAR133.webp,,,,Surya Prasetya,,,IAR133,https://legendstory-production-s3-public.s3.amazonaws.com/media/cards/large/IAR133.webp,,,,Surya Prasetya,,,IAR133,https://legendstory-production-s3-public.s3.amazonaws.com/media/cards/large/IAR133.webp,,,,Surya Prasetya,,,IAR133,https://legendstory-production-s3-public.s3.amazonaws.com/media/cards/large/IAR133.webp
IAR134,IAR,Murmuring Gloomblade,Blue,3,2,2,3,,,,"Shadow, Runeblade, Action, Attack",,"Usurp, Blood Debt",,,,,,"You may play this from your banished zone.

**Usurp**

When this attacks or hits, create a Runechant token.

**Blood Debt**",Shadow Runeblade Action - Attack,,,,,C,R,,Surya Prasetya,,,IAR134,https://legendstory-production-s3-public.s3.amazonaws.com/media/cards/large/IAR134-RF.webp,,,C,,,Surya Prasetya,,,IAR134,https://legendstory-production-s3-public.s3.amazonaws.com/media/cards/large/IAR134.webp,,,,,,Surya Prasetya,,,IAR134,https://legendstory-production-s3-public.s3.amazonaws.com/media/cards/large/IAR134.webp,,,,Surya Prasetya,,,IAR134,https://legendstory-production-s3-public.s3.amazonaws.com/media/cards/large/IAR134.webp,,,,Surya Prasetya,,,IAR134,https://legendstory-production-s3-public.s3.amazonaws.com/media/cards/large/IAR134.webp,,,,Surya Prasetya,,,IAR134,https://legendstory-production-s3-public.s3.amazonaws.com/media/cards/large/IAR134.webp
IAR135,IAR,Shadowake Gloomblade,Red,1,2,4,3,,,,"Shadow, Runeblade, Action, Attack",,"Usurp, Blood Debt",,,,,,"You may play this from your banished zone.

**Usurp**

When this hits, create a Gate to i'Arathael token.

**Blood Debt**",Shadow Runeblade Action - Attack,,,,,C,R,,Arif Wijaya,,,IAR135,https://legendstory-production-s3-public.s3.amazonaws.com/media/cards/large/IAR135-RF.webp,,,C,,,Arif Wijaya,,,IAR135,https://legendstory-production-s3-public.s3.amazonaws.com/media/cards/large/IAR135.webp,,,,,,Arif Wijaya,,,IAR135,https://legendstory-production-s3-public.s3.amazonaws.com/media/cards/large/IAR135.webp,,,,Arif Wijaya,,,IAR135,https://legendstory-production-s3-public.s3.amazonaws.com/media/cards/large/IAR135.webp,,,,Arif Wijaya,,,IAR135,https://legendstory-production-s3-public.s3.amazonaws.com/media/cards/large/IAR135.webp,,,,Arif Wijaya,,,IAR135,https://legendstory-production-s3-public.s3.amazonaws.com/media/cards/large/IAR135.webp
IAR136,IAR,Shadowake Gloomblade,Yellow,2,2,3,3,,,,"Shadow, Runeblade, Action, Attack",,"Usurp, Blood Debt",,,,,,"You may play this from your banished zone.

**Usurp**

When this hits, create a Gate to i'Arathael token.

**Blood Debt**",Shadow Runeblade Action - Attack,,,,,C,R,,Arif Wijaya,,,IAR136,https://legendstory-production-s3-public.s3.amazonaws.com/media/cards/large/IAR136-RF.webp,,,C,,,Arif Wijaya,,,IAR136,https://legendstory-production-s3-public.s3.amazonaws.com/media/cards/large/IAR136.webp,,,,,,Arif Wijaya,,,IAR136,https://legendstory-production-s3-public.s3.amazonaws.com/media/cards/large/IAR136.webp,,,,Arif Wijaya,,,IAR136,https://legendstory-production-s3-public.s3.amazonaws.com/media/cards/large/IAR136.webp,,,,Arif Wijaya,,,IAR136,https://legendstory-production-s3-public.s3.amazonaws.com/media/cards/large/IAR136.webp,,,,Arif Wijaya,,,IAR136,https://legendstory-production-s3-public.s3.amazonaws.com/media/cards/large/IAR136.webp
IAR137,IAR,Shadowake Gloomblade,Blue,3,2,2,3,,,,"Shadow, Runeblade, Action, Attack",,"Usurp, Blood Debt",,,,,,"You may play this from your banished zone.

**Usurp**

When this hits, create a Gate to i'Arathael token.

**Blood Debt**",Shadow Runeblade Action - Attack,,,,,C,R,,Arif Wijaya,,,IAR137,https://legendstory-production-s3-public.s3.amazonaws.com/media/cards/large/IAR137-RF.webp,,,C,,,Arif Wijaya,,,IAR137,https://legendstory-production-s3-public.s3.amazonaws.com/media/cards/large/IAR137.webp,,,,,,Arif Wijaya,,,IAR137,https://legendstory-production-s3-public.s3.amazonaws.com/media/cards/large/IAR137.webp,,,,Arif Wijaya,,,IAR137,https://legendstory-production-s3-public.s3.amazonaws.com/media/cards/large/IAR137.webp,,,,Arif Wijaya,,,IAR137,https://legendstory-production-s3-public.s3.amazonaws.com/media/cards/large/IAR137.webp,,,,Arif Wijaya,,,IAR137,https://legendstory-production-s3-public.s3.amazonaws.com/media/cards/large/IAR137.webp
IAR138,IAR,Enshrine Sin,Red,1,0,,2,,,,"Shadow, Runeblade, Action",,"Op 1, Go again, Blood Debt",,,,,,"You may play this from your banished zone. If you do, it costs an additional {r} to play.

**Opt 1**, then create a Runechant token. **Go again**

**Blood Debt**",Shadow Runeblade Action,,,,,C,R,,Simon Dominic,,,IAR138,https://legendstory-production-s3-public.s3.amazonaws.com/media/cards/large/IAR138-RF.webp,,,C,,,Simon Dominic,,,IAR138,https://legendstory-production-s3-public.s3.amazonaws.com/media/cards/large/IAR138.webp,,,,,,Simon Dominic,,,IAR138,https://legendstory-production-s3-public.s3.amazonaws.com/media/cards/large/IAR138.webp,,,,Simon Dominic,,,IAR138,https://legendstory-production-s3-public.s3.amazonaws.com/media/cards/large/IAR138.webp,,,,Simon Dominic,,,IAR138,https://legendstory-production-s3-public.s3.amazonaws.com/media/cards/large/IAR138.webp,,,,Simon Dominic,,,IAR138,https://legendstory-production-s3-public.s3.amazonaws.com/media/cards/large/IAR138.webp
IAR139,IAR,Enshrine Sin,Yellow,2,0,,2,,,,"Shadow, Runeblade, Action",,"Op 1, Go again, Blood Debt",,,,,,"You may play this from your banished zone. If you do, it costs an additional {r} to play.

**Opt 1**, then create a Runechant token. **Go again**

**Blood Debt**",Shadow Runeblade Action,,,,,C,R,,Simon Dominic,,,IAR139,https://legendstory-production-s3-public.s3.amazonaws.com/media/cards/large/IAR139-RF.webp,,,C,,,Simon Dominic,,,IAR139,https://legendstory-production-s3-public.s3.amazonaws.com/media/cards/large/IAR139.webp,,,,,,Simon Dominic,,,IAR139,https://legendstory-production-s3-public.s3.amazonaws.com/media/cards/large/IAR139.webp,,,,Simon Dominic,,,IAR139,https://legendstory-production-s3-public.s3.amazonaws.com/media/cards/large/IAR139.webp,,,,Simon Dominic,,,IAR139,https://legendstory-production-s3-public.s3.amazonaws.com/media/cards/large/IAR139.webp,,,,Simon Dominic,,,IAR139,https://legendstory-production-s3-public.s3.amazonaws.com/media/cards/large/IAR139.webp
IAR140,IAR,Enshrine Sin,Blue,3,0,,2,,,,"Shadow, Runeblade, Action",,"Op 1, Go again, Blood Debt",,,,,,"You may play this from your banished zone. If you do, it costs an additional {r} to play.

**Opt 1**, then create a Runechant token. **Go again**

**Blood Debt**",Shadow Runeblade Action,,,,,C,R,,Simon Dominic,,,IAR140,https://legendstory-production-s3-public.s3.amazonaws.com/media/cards/large/IAR140-RF.webp,,,C,,,Simon Dominic,,,IAR140,https://legendstory-production-s3-public.s3.amazonaws.com/media/cards/large/IAR140.webp,,,,,,Simon Dominic,,,IAR140,https://legendstory-production-s3-public.s3.amazonaws.com/media/cards/large/IAR140.webp,,,,Simon Dominic,,,IAR140,https://legendstory-production-s3-public.s3.amazonaws.com/media/cards/large/IAR140.webp,,,,Simon Dominic,,,IAR140,https://legendstory-production-s3-public.s3.amazonaws.com/media/cards/large/IAR140.webp,,,,Simon Dominic,,,IAR140,https://legendstory-production-s3-public.s3.amazonaws.com/media/cards/large/IAR140.webp
IAR141,IAR,Otherworldly Sins,Red,1,1,,2,,,,"Shadow, Runeblade, Action",,Go again,,,,,,"Your next Runeblade or Shadow attack this turn gets +3{p}.

Create a Runechant token.

**Go again**",Shadow Runeblade Action,,,,,C,R,,Tommy Suhartono,,,IAR141,https://legendstory-production-s3-public.s3.amazonaws.com/media/cards/large/IAR141-RF.webp,,,C,,,Tommy Suhartono,,,IAR141,https://legendstory-production-s3-public.s3.amazonaws.com/media/cards/large/IAR141.webp,,,,,,Tommy Suhartono,,,IAR141,https://legendstory-production-s3-public.s3.amazonaws.com/media/cards/large/IAR141.webp,,,,Tommy Suhartono,,,IAR141,https://legendstory-production-s3-public.s3.amazonaws.com/media/cards/large/IAR141.webp,,,,Tommy Suhartono,,,IAR141,https://legendstory-production-s3-public.s3.amazonaws.com/media/cards/large/IAR141.webp,,,,Tommy Suhartono,,,IAR141,https://legendstory-production-s3-public.s3.amazonaws.com/media/cards/large/IAR141.webp
IAR142,IAR,Otherworldly Sins,Yellow,2,1,,2,,,,"Shadow, Runeblade, Action",,Go again,,,,,,"Your next Runeblade or Shadow attack this turn gets +2{p}.

Create a Runechant token.

**Go again**",Shadow Runeblade Action,,,,,C,R,,Tommy Suhartono,,,IAR142,https://legendstory-production-s3-public.s3.amazonaws.com/media/cards/large/IAR142-RF.webp,,,C,,,Tommy Suhartono,,,IAR142,https://legendstory-production-s3-public.s3.amazonaws.com/media/cards/large/IAR142.webp,,,,,,Tommy Suhartono,,,IAR142,https://legendstory-production-s3-public.s3.amazonaws.com/media/cards/large/IAR142.webp,,,,Tommy Suhartono,,,IAR142,https://legendstory-production-s3-public.s3.amazonaws.com/media/cards/large/IAR142.webp,,,,Tommy Suhartono,,,IAR142,https://legendstory-production-s3-public.s3.amazonaws.com/media/cards/large/IAR142.webp,,,,Tommy Suhartono,,,IAR142,https://legendstory-production-s3-public.s3.amazonaws.com/media/cards/large/IAR142.webp
IAR143,IAR,Otherworldly Sins,Blue,3,1,,2,,,,"Shadow, Runeblade, Action",,Go again,,,,,,"Your next Runeblade or Shadow attack this turn gets +1{p}.

Create a Runechant token.

**Go again**",Shadow Runeblade Action,,,,,C,R,,Tommy Suhartono,,,IAR143,https://legendstory-production-s3-public.s3.amazonaws.com/media/cards/large/IAR143-RF.webp,,,C,,,Tommy Suhartono,,,IAR143,https://legendstory-production-s3-public.s3.amazonaws.com/media/cards/large/IAR143.webp,,,,,,Tommy Suhartono,,,IAR143,https://legendstory-production-s3-public.s3.amazonaws.com/media/cards/large/IAR143.webp,,,,Tommy Suhartono,,,IAR143,https://legendstory-production-s3-public.s3.amazonaws.com/media/cards/large/IAR143.webp,,,,Tommy Suhartono,,,IAR143,https://legendstory-production-s3-public.s3.amazonaws.com/media/cards/large/IAR143.webp,,,,Tommy Suhartono,,,IAR143,https://legendstory-production-s3-public.s3.amazonaws.com/media/cards/large/IAR143.webp
IAR144,IAR,Sonata Dystopia,Blue,3,X,,3,,,,"Runeblade, Action",,"Overpower, Go again",,,,,,"As an additional cost to play this, destroy X Runechants you control.

The next attack action card you play this turn costs {x} less to play and gets +X{p}, **overpower**, and ""When this hits, create X Runechant tokens."" **Go again**",Runeblade Action,,,No,,M,R,,Arkoii,,,IAR144,https://legendstory-production-s3-public.s3.amazonaws.com/media/cards/large/IAR144-RF.webp,,,M,,,Arkoii,,,IAR144,https://legendstory-production-s3-public.s3.amazonaws.com/media/cards/large/IAR144.webp,,,,,,Arkoii,,,IAR144,https://legendstory-production-s3-public.s3.amazonaws.com/media/cards/large/IAR144.webp,,,,Arkoii,,,IAR144,https://legendstory-production-s3-public.s3.amazonaws.com/media/cards/large/IAR144.webp,,,,Arkoii,,,IAR144,https://legendstory-production-s3-public.s3.amazonaws.com/media/cards/large/IAR144.webp,,,,Arkoii,,,IAR144,https://legendstory-production-s3-public.s3.amazonaws.com/media/cards/large/IAR144.webp
IAR145,IAR,Runechant of Greed,Yellow,2,0,,,,,,"Runeblade, Instant, Aura",,,,,,,Usurp,"This counts as a Runechant. When an attack usurps this, draw a card.

When this is destroyed, create a Runechant token.

At the beginning of your action phase or when you play an attack action card, destroy this.",Runeblade Instant - Aura,,,,,V,C,FA,MJ Fetesio,,,IAR145,https://legendstory-production-s3-public.s3.amazonaws.com/media/cards/large/IAR145-MV.webp,,,M,,,MJ Fetesio,,,IAR145,https://legendstory-production-s3-public.s3.amazonaws.com/media/cards/large/IAR145.webp,,,,,,MJ Fetesio,,,IAR145,https://legendstory-production-s3-public.s3.amazonaws.com/media/cards/large/IAR145.webp,,,,MJ Fetesio,,,IAR145,https://legendstory-production-s3-public.s3.amazonaws.com/media/cards/large/IAR145.webp,,,,MJ Fetesio,,,IAR145,https://legendstory-production-s3-public.s3.amazonaws.com/media/cards/large/IAR145.webp,,,,MJ Fetesio,,,IAR145,https://legendstory-production-s3-public.s3.amazonaws.com/media/cards/large/IAR145.webp
IAR146,IAR,Runic Disposition,Red,1,2,6,2,,,,"Runeblade, Action, Attack",,Usurp,Instant,,,,,"**Usurp**

**Instant** - Discard this: Create a Runechant token.",Runeblade Action - Attack,,,,,R,R,,Bo Setiaji,,,IAR146,https://legendstory-production-s3-public.s3.amazonaws.com/media/cards/large/IAR146-RF.webp,,,R,,,Bo Setiaji,,,IAR146,https://legendstory-production-s3-public.s3.amazonaws.com/media/cards/large/IAR146.webp,,,,,,Bo Setiaji,,,IAR146,https://legendstory-production-s3-public.s3.amazonaws.com/media/cards/large/IAR146.webp,,,,Bo Setiaji,,,IAR146,https://legendstory-production-s3-public.s3.amazonaws.com/media/cards/large/IAR146.webp,,,,Bo Setiaji,,,IAR146,https://legendstory-production-s3-public.s3.amazonaws.com/media/cards/large/IAR146.webp,,,,Bo Setiaji,,,IAR146,https://legendstory-production-s3-public.s3.amazonaws.com/media/cards/large/IAR146.webp
IAR147,IAR,Runic Disposition,Yellow,2,2,5,2,,,,"Runeblade, Action, Attack",,Usurp,Instant,,,,,"**Usurp**

**Instant** - Discard this: Create a Runechant token.",Runeblade Action - Attack,,,,,R,R,,Bo Setiaji,,,IAR147,https://legendstory-production-s3-public.s3.amazonaws.com/media/cards/large/IAR147-RF.webp,,,R,,,Bo Setiaji,,,IAR147,https://legendstory-production-s3-public.s3.amazonaws.com/media/cards/large/IAR147.webp,,,,,,Bo Setiaji,,,IAR147,https://legendstory-production-s3-public.s3.amazonaws.com/media/cards/large/IAR147.webp,,,,Bo Setiaji,,,IAR147,https://legendstory-production-s3-public.s3.amazonaws.com/media/cards/large/IAR147.webp,,,,Bo Setiaji,,,IAR147,https://legendstory-production-s3-public.s3.amazonaws.com/media/cards/large/IAR147.webp,,,,Bo Setiaji,,,IAR147,https://legendstory-production-s3-public.s3.amazonaws.com/media/cards/large/IAR147.webp
IAR148,IAR,Runic Disposition,Blue,3,2,4,2,,,,"Runeblade, Action, Attack",,Usurp,Instant,,,,,"**Usurp**

**Instant** - Discard this: Create a Runechant token.",Runeblade Action - Attack,,,,,R,R,,Bo Setiaji,,,IAR148,https://legendstory-production-s3-public.s3.amazonaws.com/media/cards/large/IAR148-RF.webp,,,R,,,Bo Setiaji,,,IAR148,https://legendstory-production-s3-public.s3.amazonaws.com/media/cards/large/IAR148.webp,,,,,,Bo Setiaji,,,IAR148,https://legendstory-production-s3-public.s3.amazonaws.com/media/cards/large/IAR148.webp,,,,Bo Setiaji,,,IAR148,https://legendstory-production-s3-public.s3.amazonaws.com/media/cards/large/IAR148.webp,,,,Bo Setiaji,,,IAR148,https://legendstory-production-s3-public.s3.amazonaws.com/media/cards/large/IAR148.webp,,,,Bo Setiaji,,,IAR148,https://legendstory-production-s3-public.s3.amazonaws.com/media/cards/large/IAR148.webp
IAR149,IAR,Runic Reaving,Red,1,0,4,2,,,,"Runeblade, Action, Attack",,Usurp,Instant,,,,,"**Usurp**

**Instant** - Discard this: Create a Runechant token.",Runeblade Action - Attack,,,,,R,R,,Nino Setiawan,,,IAR149,https://legendstory-production-s3-public.s3.amazonaws.com/media/cards/large/IAR149-RF.webp,,,R,,,Nino Setiawan,,,IAR149,https://legendstory-production-s3-public.s3.amazonaws.com/media/cards/large/IAR149.webp,,,,,,Nino Setiawan,,,IAR149,https://legendstory-production-s3-public.s3.amazonaws.com/media/cards/large/IAR149.webp,,,,Nino Setiawan,,,IAR149,https://legendstory-production-s3-public.s3.amazonaws.com/media/cards/large/IAR149.webp,,,,Nino Setiawan,,,IAR149,https://legendstory-production-s3-public.s3.amazonaws.com/media/cards/large/IAR149.webp,,,,Nino Setiawan,,,IAR149,https://legendstory-production-s3-public.s3.amazonaws.com/media/cards/large/IAR149.webp
IAR150,IAR,Runic Reaving,Yellow,2,0,3,2,,,,"Runeblade, Action, Attack",,Usurp,Instant,,,,,"**Usurp**

**Instant** - Discard this: Create a Runechant token.",Runeblade Action - Attack,,,,,R,R,,Nino Setiawan,,,IAR150,https://legendstory-production-s3-public.s3.amazonaws.com/media/cards/large/IAR150-RF.webp,,,R,,,Nino Setiawan,,,IAR150,https://legendstory-production-s3-public.s3.amazonaws.com/media/cards/large/IAR150.webp,,,,,,Nino Setiawan,,,IAR150,https://legendstory-production-s3-public.s3.amazonaws.com/media/cards/large/IAR150.webp,,,,Nino Setiawan,,,IAR150,https://legendstory-production-s3-public.s3.amazonaws.com/media/cards/large/IAR150.webp,,,,Nino Setiawan,,,IAR150,https://legendstory-production-s3-public.s3.amazonaws.com/media/cards/large/IAR150.webp,,,,Nino Setiawan,,,IAR150,https://legendstory-production-s3-public.s3.amazonaws.com/media/cards/large/IAR150.webp
IAR151,IAR,Runic Reaving,Blue,3,0,2,2,,,,"Runeblade, Action, Attack",,Usurp,Instant,,,,,"**Usurp**

**Instant** - Discard this: Create a Runechant token.",Runeblade Action - Attack,,,,,R,R,,Nino Setiawan,,,IAR151,https://legendstory-production-s3-public.s3.amazonaws.com/media/cards/large/IAR151-RF.webp,,,R,,,Nino Setiawan,,,IAR151,https://legendstory-production-s3-public.s3.amazonaws.com/media/cards/large/IAR151.webp,,,,,,Nino Setiawan,,,IAR151,https://legendstory-production-s3-public.s3.amazonaws.com/media/cards/large/IAR151.webp,,,,Nino Setiawan,,,IAR151,https://legendstory-production-s3-public.s3.amazonaws.com/media/cards/large/IAR151.webp,,,,Nino Setiawan,,,IAR151,https://legendstory-production-s3-public.s3.amazonaws.com/media/cards/large/IAR151.webp,,,,Nino Setiawan,,,IAR151,https://legendstory-production-s3-public.s3.amazonaws.com/media/cards/large/IAR151.webp
IAR152,IAR,Runechant of Envy,Yellow,2,0,,,,,,"Runeblade, Instant, Aura",,,,,,,Usurp,"This counts as a Runechant. When an attack usurps this, gain 1{h}.

When this is destroyed, create a Runechant token.

At the beginning of your action phase or when you play an attack action card, destroy this.",Runeblade Instant - Aura,,,,,V,C,FA,MJ Fetesio,,,IAR152,https://legendstory-production-s3-public.s3.amazonaws.com/media/cards/large/IAR152-MV.webp,,,C,,,MJ Fetesio,,,IAR152,https://legendstory-production-s3-public.s3.amazonaws.com/media/cards/large/IAR152.webp,,,,,,MJ Fetesio,,,IAR152,https://legendstory-production-s3-public.s3.amazonaws.com/media/cards/large/IAR152.webp,,,,MJ Fetesio,,,IAR152,https://legendstory-production-s3-public.s3.amazonaws.com/media/cards/large/IAR152.webp,,,,MJ Fetesio,,,IAR152,https://legendstory-production-s3-public.s3.amazonaws.com/media/cards/large/IAR152.webp,,,,MJ Fetesio,,,IAR152,https://legendstory-production-s3-public.s3.amazonaws.com/media/cards/large/IAR152.webp
IAR153,IAR,Runechant of Gluttony,Yellow,2,0,,,,,,"Runeblade, Instant, Aura",,,,,,,Usurp,"This counts as a Runechant. When an attack usurps this, gain {r}.

When this is destroyed, create a Runechant token.

At the beginning of your action phase or when you play an attack action card, destroy this.",Runeblade Instant - Aura,,,,,V,C,FA,MJ Fetesio,,,IAR153,https://legendstory-production-s3-public.s3.amazonaws.com/media/cards/large/IAR153-MV.webp,,,C,,,MJ Fetesio,,,IAR153,https://legendstory-production-s3-public.s3.amazonaws.com/media/cards/large/IAR153.webp,,,,,,MJ Fetesio,,,IAR153,https://legendstory-production-s3-public.s3.amazonaws.com/media/cards/large/IAR153.webp,,,,MJ Fetesio,,,IAR153,https://legendstory-production-s3-public.s3.amazonaws.com/media/cards/large/IAR153.webp,,,,MJ Fetesio,,,IAR153,https://legendstory-production-s3-public.s3.amazonaws.com/media/cards/large/IAR153.webp,,,,MJ Fetesio,,,IAR153,https://legendstory-production-s3-public.s3.amazonaws.com/media/cards/large/IAR153.webp
IAR154,IAR,Runechant of Lust,Yellow,2,0,,,,,,"Runeblade, Instant, Aura",,,,,,,Usurp,"This counts as a Runechant. When an attack usurps this, create a Runechant token.

When this is destroyed, create a Runechant token.

At the beginning of your action phase or when you play an attack action card, destroy this.",Runeblade Instant - Aura,,,,,V,C,FA,MJ Fetesio,,,IAR154,https://legendstory-production-s3-public.s3.amazonaws.com/media/cards/large/IAR154-MV.webp,,,C,,,MJ Fetesio,,,IAR154,https://legendstory-production-s3-public.s3.amazonaws.com/media/cards/large/IAR154.webp,,,,,,MJ Fetesio,,,IAR154,https://legendstory-production-s3-public.s3.amazonaws.com/media/cards/large/IAR154.webp,,,,MJ Fetesio,,,IAR154,https://legendstory-production-s3-public.s3.amazonaws.com/media/cards/large/IAR154.webp,,,,MJ Fetesio,,,IAR154,https://legendstory-production-s3-public.s3.amazonaws.com/media/cards/large/IAR154.webp,,,,MJ Fetesio,,,IAR154,https://legendstory-production-s3-public.s3.amazonaws.com/media/cards/large/IAR154.webp
IAR155,IAR,Runechant of Pride,Yellow,2,0,,,,,,"Runeblade, Instant, Aura",,,,,,,Usurp,"This counts as a Runechant. When an attack usurps this, it gets +1{p}.

When this is destroyed, create a Runechant token.

At the beginning of your action phase or when you play an attack action card, destroy this.",Runeblade Instant - Aura,,,,,V,C,FA,MJ Fetesio,,,IAR155,https://legendstory-production-s3-public.s3.amazonaws.com/media/cards/large/IAR155-MV.webp,,,C,,,MJ Fetesio,,,IAR155,https://legendstory-production-s3-public.s3.amazonaws.com/media/cards/large/IAR155.webp,,,,,,MJ Fetesio,,,IAR155,https://legendstory-production-s3-public.s3.amazonaws.com/media/cards/large/IAR155.webp,,,,MJ Fetesio,,,IAR155,https://legendstory-production-s3-public.s3.amazonaws.com/media/cards/large/IAR155.webp,,,,MJ Fetesio,,,IAR155,https://legendstory-production-s3-public.s3.amazonaws.com/media/cards/large/IAR155.webp,,,,MJ Fetesio,,,IAR155,https://legendstory-production-s3-public.s3.amazonaws.com/media/cards/large/IAR155.webp
IAR156,IAR,Runechant of Sloth,Yellow,2,0,,,,,,"Runeblade, Instant, Aura",,,,,Go again,,Usurp,"This counts as a Runechant. When an attack usurps this, it gets **go again**.

When this is destroyed, create a Runechant token.

At the beginning of your action phase or when you play an attack action card, destroy this.",Runeblade Instant - Aura,,,,,V,C,FA,MJ Fetesio,,,IAR156,https://legendstory-production-s3-public.s3.amazonaws.com/media/cards/large/IAR156-MV.webp,,,C,,,MJ Fetesio,,,IAR156,https://legendstory-production-s3-public.s3.amazonaws.com/media/cards/large/IAR156.webp,,,,,,MJ Fetesio,,,IAR156,https://legendstory-production-s3-public.s3.amazonaws.com/media/cards/large/IAR156.webp,,,,MJ Fetesio,,,IAR156,https://legendstory-production-s3-public.s3.amazonaws.com/media/cards/large/IAR156.webp,,,,MJ Fetesio,,,IAR156,https://legendstory-production-s3-public.s3.amazonaws.com/media/cards/large/IAR156.webp,,,,MJ Fetesio,,,IAR156,https://legendstory-production-s3-public.s3.amazonaws.com/media/cards/large/IAR156.webp
IAR157,IAR,Runechant of Wrath,Yellow,2,0,,,,,,"Runeblade, Instant, Aura",,,,,Overpower,,Usurp,"This counts as a Runechant. When an attack usurps this, it gets **overpower**.

When this is destroyed, create a Runechant token.

At the beginning of your action phase or when you play an attack action card, destroy this.",Runeblade Instant - Aura,,,,,V,C,FA,MJ Fetesio,,,IAR157,https://legendstory-production-s3-public.s3.amazonaws.com/media/cards/large/IAR157-MV.webp,,,C,,,MJ Fetesio,,,IAR157,https://legendstory-production-s3-public.s3.amazonaws.com/media/cards/large/IAR157.webp,,,,,,MJ Fetesio,,,IAR157,https://legendstory-production-s3-public.s3.amazonaws.com/media/cards/large/IAR157.webp,,,,MJ Fetesio,,,IAR157,https://legendstory-production-s3-public.s3.amazonaws.com/media/cards/large/IAR157.webp,,,,MJ Fetesio,,,IAR157,https://legendstory-production-s3-public.s3.amazonaws.com/media/cards/large/IAR157.webp,,,,MJ Fetesio,,,IAR157,https://legendstory-production-s3-public.s3.amazonaws.com/media/cards/large/IAR157.webp
IAR158,IAR,,,,,,,,,,,,,,,,,,,,,,,,,,,,,,IAR158,https://legendstory-production-s3-public.s3.amazonaws.com/media/cards/large/IAR158.webp,,,,,,,,,IAR158,https://legendstory-production-s3-public.s3.amazonaws.com/media/cards/large/IAR158.webp,,,,,,,,,IAR158,https://legendstory-production-s3-public.s3.amazonaws.com/media/cards/large/IAR158.webp,,,,,,,IAR158,https://legendstory-production-s3-public.s3.amazonaws.com/media/cards/large/IAR158.webp,,,,,,,IAR158,https://legendstory-production-s3-public.s3.amazonaws.com/media/cards/large/IAR158.webp,,,,,,,IAR158,https://legendstory-production-s3-public.s3.amazonaws.com/media/cards/large/IAR158.webp
IAR159,IAR,"Baalghor, Omen of the End",,,,,,33,3,,"Shadow, Hero, Young, Demon",,,,,,,,"Whenever you pitch a card, banish it.

Attack action cards played from your banished zone get +3{p}.",Shadow Hero - Young Demon,,No,,No,V,C,FA,Lius Lasahido,,,IAR159,https://legendstory-production-s3-public.s3.amazonaws.com/media/cards/large/IAR159-MV.webp,,,V,C,FA,Lius Lasahido,,,IAR159,https://legendstory-production-s3-public.s3.amazonaws.com/media/cards/large/IAR159-MV_BACK.webp,,,R,R,,Lius Lasahido,,,IAR159,https://legendstory-production-s3-public.s3.amazonaws.com/media/cards/large/IAR159-RF.webp,,,,Lius Lasahido,,,IAR159,https://legendstory-production-s3-public.s3.amazonaws.com/media/cards/large/IAR159.webp,,,,Lius Lasahido,,,IAR159,https://legendstory-production-s3-public.s3.amazonaws.com/media/cards/large/IAR159.webp,,,,Lius Lasahido,,,IAR159,https://legendstory-production-s3-public.s3.amazonaws.com/media/cards/large/IAR159.webp
IAR160,IAR,Reach of the Abyss,,,,,2,,,,"Shadow, Equipment, Arms",,,,,,,,"When the combat chain closes, if this defended, banish all defending cards.",Shadow Equipment - Arms,,,No,,L,C,,Saad Irfan,,,IAR160,https://legendstory-production-s3-public.s3.amazonaws.com/media/cards/large/IAR160-CF.webp,,,L,R,,Saad Irfan,,,IAR160,https://legendstory-production-s3-public.s3.amazonaws.com/media/cards/large/IAR160-RF.webp,,,,,,Saad Irfan,,,IAR160,https://legendstory-production-s3-public.s3.amazonaws.com/media/cards/large/IAR160.webp,,,,Saad Irfan,,,IAR160,https://legendstory-production-s3-public.s3.amazonaws.com/media/cards/large/IAR160.webp,,,,Saad Irfan,,,IAR160,https://legendstory-production-s3-public.s3.amazonaws.com/media/cards/large/IAR160.webp,,,,Saad Irfan,,,IAR160,https://legendstory-production-s3-public.s3.amazonaws.com/media/cards/large/IAR160.webp
IAR161,IAR,Grille of Repentance,,,,,0,,,,"Shadow, Equipment, Head",,,Instant,,,,Blood Debt,**Instant** - Destroy this: Turn a card with blood debt in your banished zone face-down.,Shadow Equipment - Head,,,,,C,,,Thomas Ressuge,,,IAR161,https://legendstory-production-s3-public.s3.amazonaws.com/media/cards/large/IAR161.webp,,,C,C,,Thomas Ressuge,,,IAR161,https://legendstory-production-s3-public.s3.amazonaws.com/media/cards/large/IAR161-CF.webp,,,,,,Thomas Ressuge,,,IAR161,https://legendstory-production-s3-public.s3.amazonaws.com/media/cards/large/IAR161.webp,,,,Thomas Ressuge,,,IAR161,https://legendstory-production-s3-public.s3.amazonaws.com/media/cards/large/IAR161.webp,,,,Thomas Ressuge,,,IAR161,https://legendstory-production-s3-public.s3.amazonaws.com/media/cards/large/IAR161.webp,,,,Thomas Ressuge,,,IAR161,https://legendstory-production-s3-public.s3.amazonaws.com/media/cards/large/IAR161.webp
IAR162,IAR,Robe of Repentance,,,,,0,,,,"Shadow, Equipment, Chest",,,Instant,,,,Blood Debt,**Instant** - Destroy this: Turn a card with blood debt in your banished zone face-down.,Shadow Equipment - Chest,,,,,C,,,Thomas Ressuge,,,IAR162,https://legendstory-production-s3-public.s3.amazonaws.com/media/cards/large/IAR162.webp,,,C,C,,Thomas Ressuge,,,IAR162,https://legendstory-production-s3-public.s3.amazonaws.com/media/cards/large/IAR162-CF.webp,,,,,,Thomas Ressuge,,,IAR162,https://legendstory-production-s3-public.s3.amazonaws.com/media/cards/large/IAR162.webp,,,,Thomas Ressuge,,,IAR162,https://legendstory-production-s3-public.s3.amazonaws.com/media/cards/large/IAR162.webp,,,,Thomas Ressuge,,,IAR162,https://legendstory-production-s3-public.s3.amazonaws.com/media/cards/large/IAR162.webp,,,,Thomas Ressuge,,,IAR162,https://legendstory-production-s3-public.s3.amazonaws.com/media/cards/large/IAR162.webp
IAR163,IAR,Path of Repentance,,,,,0,,,,"Shadow, Equipment, Legs",,,Instant,,,,Blood Debt,**Instant** - Destroy this: Turn a card with blood debt in your banished zone face-down.,Shadow Equipment - Legs,,,,,C,,,Thomas Ressuge,,,IAR163,https://legendstory-production-s3-public.s3.amazonaws.com/media/cards/large/IAR163.webp,,,C,C,,Thomas Ressuge,,,IAR163,https://legendstory-production-s3-public.s3.amazonaws.com/media/cards/large/IAR163-CF.webp,,,,,,Thomas Ressuge,,,IAR163,https://legendstory-production-s3-public.s3.amazonaws.com/media/cards/large/IAR163.webp,,,,Thomas Ressuge,,,IAR163,https://legendstory-production-s3-public.s3.amazonaws.com/media/cards/large/IAR163.webp,,,,Thomas Ressuge,,,IAR163,https://legendstory-production-s3-public.s3.amazonaws.com/media/cards/large/IAR163.webp,,,,Thomas Ressuge,,,IAR163,https://legendstory-production-s3-public.s3.amazonaws.com/media/cards/large/IAR163.webp
"IAR164,FAB516","IAR,FAB",Corrupt and Conquer,Red,1,2,6,3,,,,"Shadow, Action, Attack",,Blood Debt,,,,,,"If this was played from your banished zone, it gets ""Defense reaction cards can't be played this chain link.

When this hits a hero, banish all cards in their arsenal.

**Blood Debt**",Shadow Action - Attack,,No,,,M,,,Jessada Sutthi,,,IAR164,https://legendstory-production-s3-public.s3.amazonaws.com/media/cards/large/IAR164.webp,,,M,R,,Jessada Sutthi,,,IAR164,https://legendstory-production-s3-public.s3.amazonaws.com/media/cards/large/IAR164-RF.webp,,,P,C,FA,Jessada Sutthi,,,FAB516,https://legendstory-production-s3-public.s3.amazonaws.com/media/cards/large/FAB516-CF.webp,,,,Jessada Sutthi,,,FAB516,https://legendstory-production-s3-public.s3.amazonaws.com/media/cards/large/FAB516.webp,,,,Jessada Sutthi,,,FAB516,https://legendstory-production-s3-public.s3.amazonaws.com/media/cards/large/FAB516.webp,,,,Jessada Sutthi,,,FAB516,https://legendstory-production-s3-public.s3.amazonaws.com/media/cards/large/FAB516.webp
IAR165,IAR,Fallen Herald,Yellow,2,2,6,,,,,"Shadow, Action, Attack",,Blood Debt,,,,,,"**Instant** - Banish this from your hand: Prevent the next 4 damage that would be dealt to you this turn.

**Blood Debt**",Shadow Action - Attack,,,No,,M,R,,Livia Prima,,,IAR165,https://legendstory-production-s3-public.s3.amazonaws.com/media/cards/large/IAR165-RF.webp,,,M,,,Livia Prima,,,IAR165,https://legendstory-production-s3-public.s3.amazonaws.com/media/cards/large/IAR165.webp,,,,,,Livia Prima,,,IAR165,https://legendstory-production-s3-public.s3.amazonaws.com/media/cards/large/IAR165.webp,,,,Livia Prima,,,IAR165,https://legendstory-production-s3-public.s3.amazonaws.com/media/cards/large/IAR165.webp,,,,Livia Prima,,,IAR165,https://legendstory-production-s3-public.s3.amazonaws.com/media/cards/large/IAR165.webp,,,,Livia Prima,,,IAR165,https://legendstory-production-s3-public.s3.amazonaws.com/media/cards/large/IAR165.webp
"IAR166,FAB509","IAR,FAB",Open the Gate to i'Arathael,Red,1,0,4,3,,,,"Shadow, Action, Attack",,Blood Debt,,,,,,"When this hits or is banished from hand or deck, create a Gate to i'Arathael token.

**Blood Debt**",Shadow Action - Attack,,No,,,M,,,Jessada Sutthi,,,IAR166,https://legendstory-production-s3-public.s3.amazonaws.com/media/cards/large/IAR166.webp,,,M,R,,Jessada Sutthi,,,IAR166,https://legendstory-production-s3-public.s3.amazonaws.com/media/cards/large/IAR166-RF.webp,,,P,C,FA,Jessada Sutthi,,,FAB509,https://legendstory-production-s3-public.s3.amazonaws.com/media/cards/large/FAB509-CF.webp,,,,Jessada Sutthi,,,FAB509,https://legendstory-production-s3-public.s3.amazonaws.com/media/cards/large/FAB509.webp,,,,Jessada Sutthi,,,FAB509,https://legendstory-production-s3-public.s3.amazonaws.com/media/cards/large/FAB509.webp,,,,Jessada Sutthi,,,FAB509,https://legendstory-production-s3-public.s3.amazonaws.com/media/cards/large/FAB509.webp
IAR167,IAR,Countdown to Extinction,Red,1,3,6,3,,,,"Shadow, Action, Attack",,Blood Debt,,,,,,"When this attacks, create a Gate to i'Arathael token.

When this hits, you may search your deck for a Darkest Hour, banish it, then shuffle.

**Blood Debt**",Shadow Action - Attack,,,,,R,R,,Nailsen Ivanderlie,,,IAR167,https://legendstory-production-s3-public.s3.amazonaws.com/media/cards/large/IAR167-RF.webp,,,R,,,Nailsen Ivanderlie,,,IAR167,https://legendstory-production-s3-public.s3.amazonaws.com/media/cards/large/IAR167.webp,,,,,,Nailsen Ivanderlie,,,IAR167,https://legendstory-production-s3-public.s3.amazonaws.com/media/cards/large/IAR167.webp,,,,Nailsen Ivanderlie,,,IAR167,https://legendstory-production-s3-public.s3.amazonaws.com/media/cards/large/IAR167.webp,,,,Nailsen Ivanderlie,,,IAR167,https://legendstory-production-s3-public.s3.amazonaws.com/media/cards/large/IAR167.webp,,,,Nailsen Ivanderlie,,,IAR167,https://legendstory-production-s3-public.s3.amazonaws.com/media/cards/large/IAR167.webp
IAR168,IAR,Countdown to Extinction,Yellow,2,3,5,3,,,,"Shadow, Action, Attack",,Blood Debt,,,,,,"When this attacks, create a Gate to i'Arathael token.

When this hits, you may search your deck for a Darkest Hour, banish it, then shuffle.

**Blood Debt**",Shadow Action - Attack,,,,,R,R,,Nailsen Ivanderlie,,,IAR168,https://legendstory-production-s3-public.s3.amazonaws.com/media/cards/large/IAR168-RF.webp,,,R,,,Nailsen Ivanderlie,,,IAR168,https://legendstory-production-s3-public.s3.amazonaws.com/media/cards/large/IAR168.webp,,,,,,Nailsen Ivanderlie,,,IAR168,https://legendstory-production-s3-public.s3.amazonaws.com/media/cards/large/IAR168.webp,,,,Nailsen Ivanderlie,,,IAR168,https://legendstory-production-s3-public.s3.amazonaws.com/media/cards/large/IAR168.webp,,,,Nailsen Ivanderlie,,,IAR168,https://legendstory-production-s3-public.s3.amazonaws.com/media/cards/large/IAR168.webp,,,,Nailsen Ivanderlie,,,IAR168,https://legendstory-production-s3-public.s3.amazonaws.com/media/cards/large/IAR168.webp
IAR169,IAR,Countdown to Extinction,Blue,3,3,4,3,,,,"Shadow, Action, Attack",,Blood Debt,,,,,,"When this attacks, create a Gate to i'Arathael token.

When this hits, you may search your deck for a Darkest Hour, banish it, then shuffle.

**Blood Debt**",Shadow Action - Attack,,,,,R,R,,Nailsen Ivanderlie,,,IAR169,https://legendstory-production-s3-public.s3.amazonaws.com/media/cards/large/IAR169-RF.webp,,,R,,,Nailsen Ivanderlie,,,IAR169,https://legendstory-production-s3-public.s3.amazonaws.com/media/cards/large/IAR169.webp,,,,,,Nailsen Ivanderlie,,,IAR169,https://legendstory-production-s3-public.s3.amazonaws.com/media/cards/large/IAR169.webp,,,,Nailsen Ivanderlie,,,IAR169,https://legendstory-production-s3-public.s3.amazonaws.com/media/cards/large/IAR169.webp,,,,Nailsen Ivanderlie,,,IAR169,https://legendstory-production-s3-public.s3.amazonaws.com/media/cards/large/IAR169.webp,,,,Nailsen Ivanderlie,,,IAR169,https://legendstory-production-s3-public.s3.amazonaws.com/media/cards/large/IAR169.webp
IAR170,IAR,Harbinger of Destruction,Red,1,8,13,3,,,,"Shadow, Action, Attack",,Blood Debt,,,,,,"As an additional cost to play this, banish a card from your hand. If a Shadow card was banished this way, this gets ""When this hits, create 2 Gate to i'Arathael tokens.""

**Blood Debt**",Shadow Action - Attack,,,,,R,R,,Carlos Cruchaga,,,IAR170,https://legendstory-production-s3-public.s3.amazonaws.com/media/cards/large/IAR170-RF.webp,,,R,,,Carlos Cruchaga,,,IAR170,https://legendstory-production-s3-public.s3.amazonaws.com/media/cards/large/IAR170.webp,,,,,,Carlos Cruchaga,,,IAR170,https://legendstory-production-s3-public.s3.amazonaws.com/media/cards/large/IAR170.webp,,,,Carlos Cruchaga,,,IAR170,https://legendstory-production-s3-public.s3.amazonaws.com/media/cards/large/IAR170.webp,,,,Carlos Cruchaga,,,IAR170,https://legendstory-production-s3-public.s3.amazonaws.com/media/cards/large/IAR170.webp,,,,Carlos Cruchaga,,,IAR170,https://legendstory-production-s3-public.s3.amazonaws.com/media/cards/large/IAR170.webp
IAR171,IAR,Rally the Shadow Horde,Red,1,3,7,2,,,,"Shadow, Action, Attack",,Blood Debt,,,,,,"**Once per Turn Instant** - Banish a card from your hand: This gets +2{d}. Activate this only while this card is defending.

**Blood Debt**",Shadow Action - Attack,,,,,R,R,,Marco González,,,IAR171,https://legendstory-production-s3-public.s3.amazonaws.com/media/cards/large/IAR171-RF.webp,,,R,,,Marco González,,,IAR171,https://legendstory-production-s3-public.s3.amazonaws.com/media/cards/large/IAR171.webp,,,,,,Marco González,,,IAR171,https://legendstory-production-s3-public.s3.amazonaws.com/media/cards/large/IAR171.webp,,,,Marco González,,,IAR171,https://legendstory-production-s3-public.s3.amazonaws.com/media/cards/large/IAR171.webp,,,,Marco González,,,IAR171,https://legendstory-production-s3-public.s3.amazonaws.com/media/cards/large/IAR171.webp,,,,Marco González,,,IAR171,https://legendstory-production-s3-public.s3.amazonaws.com/media/cards/large/IAR171.webp
IAR172,IAR,Rally the Shadow Horde,Yellow,2,3,6,2,,,,"Shadow, Action, Attack",,Blood Debt,,,,,,"**Once per Turn Instant** - Banish a card from your hand: This gets +2{d}. Activate this only while this card is defending.

**Blood Debt**",Shadow Action - Attack,,,,,R,R,,Marco González,,,IAR172,https://legendstory-production-s3-public.s3.amazonaws.com/media/cards/large/IAR172-RF.webp,,,R,,,Marco González,,,IAR172,https://legendstory-production-s3-public.s3.amazonaws.com/media/cards/large/IAR172.webp,,,,,,Marco González,,,IAR172,https://legendstory-production-s3-public.s3.amazonaws.com/media/cards/large/IAR172.webp,,,,Marco González,,,IAR172,https://legendstory-production-s3-public.s3.amazonaws.com/media/cards/large/IAR172.webp,,,,Marco González,,,IAR172,https://legendstory-production-s3-public.s3.amazonaws.com/media/cards/large/IAR172.webp,,,,Marco González,,,IAR172,https://legendstory-production-s3-public.s3.amazonaws.com/media/cards/large/IAR172.webp
IAR173,IAR,Rally the Shadow Horde,Blue,3,3,5,2,,,,"Shadow, Action, Attack",,Blood Debt,,,,,,"**Once per Turn Instant** - Banish a card from your hand: This gets +2{d}. Activate this only while this card is defending.

**Blood Debt**",Shadow Action - Attack,,,,,R,R,,Marco González,,,IAR173,https://legendstory-production-s3-public.s3.amazonaws.com/media/cards/large/IAR173-RF.webp,,,R,,,Marco González,,,IAR173,https://legendstory-production-s3-public.s3.amazonaws.com/media/cards/large/IAR173.webp,,,,,,Marco González,,,IAR173,https://legendstory-production-s3-public.s3.amazonaws.com/media/cards/large/IAR173.webp,,,,Marco González,,,IAR173,https://legendstory-production-s3-public.s3.amazonaws.com/media/cards/large/IAR173.webp,,,,Marco González,,,IAR173,https://legendstory-production-s3-public.s3.amazonaws.com/media/cards/large/IAR173.webp,,,,Marco González,,,IAR173,https://legendstory-production-s3-public.s3.amazonaws.com/media/cards/large/IAR173.webp
"IAR174,FAB510","IAR,FAB",Shadowrealm Harrower,Blue,3,2,4,3,,,,"Shadow, Action, Attack",,Blood Debt,,,,,,"If this was played from your banished zone, it gets +1{p} and ""When this hits a hero, gain {h} equal to the damage dealt this way.""

**Blood Debt**",Shadow Action - Attack,,,,,R,,,Stefano Moroni,,,IAR174,https://legendstory-production-s3-public.s3.amazonaws.com/media/cards/large/IAR174.webp,,,R,R,,Stefano Moroni,,,IAR174,https://legendstory-production-s3-public.s3.amazonaws.com/media/cards/large/IAR174-RF.webp,,,P,R,EA,Stefano Moroni,,,FAB510,https://legendstory-production-s3-public.s3.amazonaws.com/media/cards/large/FAB510-RF.webp,,,,Stefano Moroni,,,FAB510,https://legendstory-production-s3-public.s3.amazonaws.com/media/cards/large/FAB510.webp,,,,Stefano Moroni,,,FAB510,https://legendstory-production-s3-public.s3.amazonaws.com/media/cards/large/FAB510.webp,,,,Stefano Moroni,,,FAB510,https://legendstory-production-s3-public.s3.amazonaws.com/media/cards/large/FAB510.webp
"IAR175,FAB511","IAR,FAB",Shadowrealm Harvester,Red,1,2,6,3,,,,"Shadow, Action, Attack",,"Blood Debt, Overpower",,,,,,"If this was played from your banished zone, it gets +1{p} and **overpower**.

**Blood Debt**",Shadow Action - Attack,,,,,R,,,Firaz M. Rasyid,,,IAR175,https://legendstory-production-s3-public.s3.amazonaws.com/media/cards/large/IAR175.webp,,,R,R,,Firaz M. Rasyid,,,IAR175,https://legendstory-production-s3-public.s3.amazonaws.com/media/cards/large/IAR175-RF.webp,,,P,R,EA,Firaz M. Rasyid,,,FAB511,https://legendstory-production-s3-public.s3.amazonaws.com/media/cards/large/FAB511-RF.webp,,,,Firaz M. Rasyid,,,FAB511,https://legendstory-production-s3-public.s3.amazonaws.com/media/cards/large/FAB511.webp,,,,Firaz M. Rasyid,,,FAB511,https://legendstory-production-s3-public.s3.amazonaws.com/media/cards/large/FAB511.webp,,,,Firaz M. Rasyid,,,FAB511,https://legendstory-production-s3-public.s3.amazonaws.com/media/cards/large/FAB511.webp
"IAR176,FAB512","IAR,FAB",Shadowrealm Reaper,Yellow,2,2,5,3,,,,"Shadow, Action, Attack",,"Blood Debt, Go again",,,,,,"If this was played from your banished zone, it gets +1{p} and **go again**.

**Blood Debt**",Shadow Action - Attack,,,,,R,,,Narendra B Adi,,,IAR176,https://legendstory-production-s3-public.s3.amazonaws.com/media/cards/large/IAR176.webp,,,R,R,,Narendra B Adi,,,IAR176,https://legendstory-production-s3-public.s3.amazonaws.com/media/cards/large/IAR176-RF.webp,,,P,R,EA,Narendra B Adi,,,FAB512,https://legendstory-production-s3-public.s3.amazonaws.com/media/cards/large/FAB512-RF.webp,,,,Narendra B Adi,,,FAB512,https://legendstory-production-s3-public.s3.amazonaws.com/media/cards/large/FAB512.webp,,,,Narendra B Adi,,,FAB512,https://legendstory-production-s3-public.s3.amazonaws.com/media/cards/large/FAB512.webp,,,,Narendra B Adi,,,FAB512,https://legendstory-production-s3-public.s3.amazonaws.com/media/cards/large/FAB512.webp
IAR177,IAR,Tribute to Greater Power,Red,1,2,6,2,,,,"Shadow, Action, Attack",,"Blood Debt, Overpower",Instant,,Overpower,,,"**Instant** - Banish this from your hand: Your next attack this turn gets **overpower**.

**Blood Debt**",Shadow Action - Attack,,,,,R,R,,Galih M,,,IAR177,https://legendstory-production-s3-public.s3.amazonaws.com/media/cards/large/IAR177-RF.webp,,,R,,,Galih M,,,IAR177,https://legendstory-production-s3-public.s3.amazonaws.com/media/cards/large/IAR177.webp,,,,,,Galih M,,,IAR177,https://legendstory-production-s3-public.s3.amazonaws.com/media/cards/large/IAR177.webp,,,,Galih M,,,IAR177,https://legendstory-production-s3-public.s3.amazonaws.com/media/cards/large/IAR177.webp,,,,Galih M,,,IAR177,https://legendstory-production-s3-public.s3.amazonaws.com/media/cards/large/IAR177.webp,,,,Galih M,,,IAR177,https://legendstory-production-s3-public.s3.amazonaws.com/media/cards/large/IAR177.webp
IAR178,IAR,Unbound by Shadow,Red,1,0,4,3,,,,"Shadow, Action, Attack",,Blood Debt,,,,,,"When this attacks, if it was played from your banished zone, create a Gate to i'Arathael token.

**Blood Debt**",Shadow Action - Attack,,,,,R,,,Amtepra,,,IAR178,https://legendstory-production-s3-public.s3.amazonaws.com/media/cards/large/IAR178.webp,,,R,R,,Amtepra,,,IAR178,https://legendstory-production-s3-public.s3.amazonaws.com/media/cards/large/IAR178-RF.webp,,,,,,Amtepra,,,IAR178,https://legendstory-production-s3-public.s3.amazonaws.com/media/cards/large/IAR178.webp,,,,Amtepra,,,IAR178,https://legendstory-production-s3-public.s3.amazonaws.com/media/cards/large/IAR178.webp,,,,Amtepra,,,IAR178,https://legendstory-production-s3-public.s3.amazonaws.com/media/cards/large/IAR178.webp,,,,Amtepra,,,IAR178,https://legendstory-production-s3-public.s3.amazonaws.com/media/cards/large/IAR178.webp
IAR179,IAR,Dimenxxional Ferryman,Blue,3,0,,3,,,,"Shadow, Action",,Go again,,,,,Blood Debt,"Put this and an action card with blood debt from your banished zone on the bottom of your deck.

**Go again**",Shadow Action,,,,,R,R,,Tomasz Jedruszek,,,IAR179,https://legendstory-production-s3-public.s3.amazonaws.com/media/cards/large/IAR179-RF.webp,,,R,,,Tomasz Jedruszek,,,IAR179,https://legendstory-production-s3-public.s3.amazonaws.com/media/cards/large/IAR179.webp,,,,,,Tomasz Jedruszek,,,IAR179,https://legendstory-production-s3-public.s3.amazonaws.com/media/cards/large/IAR179.webp,,,,Tomasz Jedruszek,,,IAR179,https://legendstory-production-s3-public.s3.amazonaws.com/media/cards/large/IAR179.webp,,,,Tomasz Jedruszek,,,IAR179,https://legendstory-production-s3-public.s3.amazonaws.com/media/cards/large/IAR179.webp,,,,Tomasz Jedruszek,,,IAR179,https://legendstory-production-s3-public.s3.amazonaws.com/media/cards/large/IAR179.webp
IAR180,IAR,Planar Chaos,Red,1,0,,3,,,,"Shadow, Action",,Go again,,,,,Blood Debt,"Create a Gate to i'Arathael token.

The next Gate to i'Arathael token you activate this turn can target an action card with blood debt in any banished zone.

**Go again**",Shadow Action,,,,,R,R,,Muhammad Fajri,,,IAR180,https://legendstory-production-s3-public.s3.amazonaws.com/media/cards/large/IAR180-RF.webp,,,R,,,Muhammad Fajri,,,IAR180,https://legendstory-production-s3-public.s3.amazonaws.com/media/cards/large/IAR180.webp,,,,,,Muhammad Fajri,,,IAR180,https://legendstory-production-s3-public.s3.amazonaws.com/media/cards/large/IAR180.webp,,,,Muhammad Fajri,,,IAR180,https://legendstory-production-s3-public.s3.amazonaws.com/media/cards/large/IAR180.webp,,,,Muhammad Fajri,,,IAR180,https://legendstory-production-s3-public.s3.amazonaws.com/media/cards/large/IAR180.webp,,,,Muhammad Fajri,,,IAR180,https://legendstory-production-s3-public.s3.amazonaws.com/media/cards/large/IAR180.webp
IAR181,IAR,Rites of Nightfall,Blue,3,1,,3,,,,"Shadow, Action",,Go again,,,,,,"Create a Gate to i'Arathael token.

**Go again**",Shadow Action,,,,,R,R,,Esty Swandana,,,IAR181,https://legendstory-production-s3-public.s3.amazonaws.com/media/cards/large/IAR181-RF.webp,,,R,,,Esty Swandana,,,IAR181,https://legendstory-production-s3-public.s3.amazonaws.com/media/cards/large/IAR181.webp,,,,,,Esty Swandana,,,IAR181,https://legendstory-production-s3-public.s3.amazonaws.com/media/cards/large/IAR181.webp,,,,Esty Swandana,,,IAR181,https://legendstory-production-s3-public.s3.amazonaws.com/media/cards/large/IAR181.webp,,,,Esty Swandana,,,IAR181,https://legendstory-production-s3-public.s3.amazonaws.com/media/cards/large/IAR181.webp,,,,Esty Swandana,,,IAR181,https://legendstory-production-s3-public.s3.amazonaws.com/media/cards/large/IAR181.webp
IAR182,IAR,Breach Flesh,Red,1,0,4,3,,,,"Shadow, Action, Attack",,Blood Debt,,,,,,"When this hits, create a Gate to i'Arathael token

**Blood Debt**""",Shadow Action - Attack,,,,,C,R,,Brian Madya Narendra,,,IAR182,https://legendstory-production-s3-public.s3.amazonaws.com/media/cards/large/IAR182-RF.webp,,,C,,,Brian Madya Narendra,,,IAR182,https://legendstory-production-s3-public.s3.amazonaws.com/media/cards/large/IAR182.webp,,,,,,Brian Madya Narendra,,,IAR182,https://legendstory-production-s3-public.s3.amazonaws.com/media/cards/large/IAR182.webp,,,,Brian Madya Narendra,,,IAR182,https://legendstory-production-s3-public.s3.amazonaws.com/media/cards/large/IAR182.webp,,,,Brian Madya Narendra,,,IAR182,https://legendstory-production-s3-public.s3.amazonaws.com/media/cards/large/IAR182.webp,,,,Brian Madya Narendra,,,IAR182,https://legendstory-production-s3-public.s3.amazonaws.com/media/cards/large/IAR182.webp
IAR183,IAR,Breach Flesh,Yellow,2,0,3,3,,,,"Shadow, Action, Attack",,Blood Debt,,,,,,"When this hits, create a Gate to i'Arathael token

**Blood Debt**""",Shadow Action - Attack,,,,,C,R,,Brian Madya Narendra,,,IAR183,https://legendstory-production-s3-public.s3.amazonaws.com/media/cards/large/IAR183-RF.webp,,,C,,,Brian Madya Narendra,,,IAR183,https://legendstory-production-s3-public.s3.amazonaws.com/media/cards/large/IAR183.webp,,,,,,Brian Madya Narendra,,,IAR183,https://legendstory-production-s3-public.s3.amazonaws.com/media/cards/large/IAR183.webp,,,,Brian Madya Narendra,,,IAR183,https://legendstory-production-s3-public.s3.amazonaws.com/media/cards/large/IAR183.webp,,,,Brian Madya Narendra,,,IAR183,https://legendstory-production-s3-public.s3.amazonaws.com/media/cards/large/IAR183.webp,,,,Brian Madya Narendra,,,IAR183,https://legendstory-production-s3-public.s3.amazonaws.com/media/cards/large/IAR183.webp
IAR184,IAR,Breach Flesh,Blue,3,0,2,3,,,,"Shadow, Action, Attack",,Blood Debt,,,,,,"When this hits, create a Gate to i'Arathael token

**Blood Debt**""",Shadow Action - Attack,,,,,C,R,,Brian Madya Narendra,,,IAR184,https://legendstory-production-s3-public.s3.amazonaws.com/media/cards/large/IAR184-RF.webp,,,C,,,Brian Madya Narendra,,,IAR184,https://legendstory-production-s3-public.s3.amazonaws.com/media/cards/large/IAR184.webp,,,,,,Brian Madya Narendra,,,IAR184,https://legendstory-production-s3-public.s3.amazonaws.com/media/cards/large/IAR184.webp,,,,Brian Madya Narendra,,,IAR184,https://legendstory-production-s3-public.s3.amazonaws.com/media/cards/large/IAR184.webp,,,,Brian Madya Narendra,,,IAR184,https://legendstory-production-s3-public.s3.amazonaws.com/media/cards/large/IAR184.webp,,,,Brian Madya Narendra,,,IAR184,https://legendstory-production-s3-public.s3.amazonaws.com/media/cards/large/IAR184.webp
IAR185,IAR,Corporeal Chasm,Red,1,3,7,3,,,,"Shadow, Action, Attack",,Blood Debt,,,,,,"When this hits, create a Gate to i'Arathael token

**Blood Debt**""",Shadow Action - Attack,,,,,C,R,,Yosi Saputra,,,IAR185,https://legendstory-production-s3-public.s3.amazonaws.com/media/cards/large/IAR185-RF.webp,,,C,,,Yosi Saputra,,,IAR185,https://legendstory-production-s3-public.s3.amazonaws.com/media/cards/large/IAR185.webp,,,,,,Yosi Saputra,,,IAR185,https://legendstory-production-s3-public.s3.amazonaws.com/media/cards/large/IAR185.webp,,,,Yosi Saputra,,,IAR185,https://legendstory-production-s3-public.s3.amazonaws.com/media/cards/large/IAR185.webp,,,,Yosi Saputra,,,IAR185,https://legendstory-production-s3-public.s3.amazonaws.com/media/cards/large/IAR185.webp,,,,Yosi Saputra,,,IAR185,https://legendstory-production-s3-public.s3.amazonaws.com/media/cards/large/IAR185.webp
IAR186,IAR,Corporeal Chasm,Yellow,2,3,6,3,,,,"Shadow, Action, Attack",,Blood Debt,,,,,,"When this hits, create a Gate to i'Arathael token

**Blood Debt**""",Shadow Action - Attack,,,,,C,R,,Yosi Saputra,,,IAR186,https://legendstory-production-s3-public.s3.amazonaws.com/media/cards/large/IAR186-RF.webp,,,C,,,Yosi Saputra,,,IAR186,https://legendstory-production-s3-public.s3.amazonaws.com/media/cards/large/IAR186.webp,,,,,,Yosi Saputra,,,IAR186,https://legendstory-production-s3-public.s3.amazonaws.com/media/cards/large/IAR186.webp,,,,Yosi Saputra,,,IAR186,https://legendstory-production-s3-public.s3.amazonaws.com/media/cards/large/IAR186.webp,,,,Yosi Saputra,,,IAR186,https://legendstory-production-s3-public.s3.amazonaws.com/media/cards/large/IAR186.webp,,,,Yosi Saputra,,,IAR186,https://legendstory-production-s3-public.s3.amazonaws.com/media/cards/large/IAR186.webp
IAR187,IAR,Corporeal Chasm,Blue,3,3,5,3,,,,"Shadow, Action, Attack",,Blood Debt,,,,,,"When this hits, create a Gate to i'Arathael token

**Blood Debt**""",Shadow Action - Attack,,,,,C,R,,Yosi Saputra,,,IAR187,https://legendstory-production-s3-public.s3.amazonaws.com/media/cards/large/IAR187-RF.webp,,,C,,,Yosi Saputra,,,IAR187,https://legendstory-production-s3-public.s3.amazonaws.com/media/cards/large/IAR187.webp,,,,,,Yosi Saputra,,,IAR187,https://legendstory-production-s3-public.s3.amazonaws.com/media/cards/large/IAR187.webp,,,,Yosi Saputra,,,IAR187,https://legendstory-production-s3-public.s3.amazonaws.com/media/cards/large/IAR187.webp,,,,Yosi Saputra,,,IAR187,https://legendstory-production-s3-public.s3.amazonaws.com/media/cards/large/IAR187.webp,,,,Yosi Saputra,,,IAR187,https://legendstory-production-s3-public.s3.amazonaws.com/media/cards/large/IAR187.webp
IAR188,IAR,Ghostly Visit,Red,1,1,4,3,,,,"Shadow, Action, Attack",,Blood Debt,,,,,,"You may play this from your banished zone.

**Blood Debt**",Shadow Action - Attack,,,,,C,,,Alexandra Malygina,,,IAR188,https://legendstory-production-s3-public.s3.amazonaws.com/media/cards/large/IAR188.webp,,,,,,Alexandra Malygina,,,IAR188,https://legendstory-production-s3-public.s3.amazonaws.com/media/cards/large/IAR188.webp,,,,,,Alexandra Malygina,,,IAR188,https://legendstory-production-s3-public.s3.amazonaws.com/media/cards/large/IAR188.webp,,,,Alexandra Malygina,,,IAR188,https://legendstory-production-s3-public.s3.amazonaws.com/media/cards/large/IAR188.webp,,,,Alexandra Malygina,,,IAR188,https://legendstory-production-s3-public.s3.amazonaws.com/media/cards/large/IAR188.webp,,,,Alexandra Malygina,,,IAR188,https://legendstory-production-s3-public.s3.amazonaws.com/media/cards/large/IAR188.webp
IAR189,IAR,Ghostly Visit,Yellow,2,1,3,3,,,,"Shadow, Action, Attack",,Blood Debt,,,,,,"You may play this from your banished zone.

**Blood Debt**",Shadow Action - Attack,,,,,C,,,Alexandra Malygina,,,IAR189,https://legendstory-production-s3-public.s3.amazonaws.com/media/cards/large/IAR189.webp,,,,,,Alexandra Malygina,,,IAR189,https://legendstory-production-s3-public.s3.amazonaws.com/media/cards/large/IAR189.webp,,,,,,Alexandra Malygina,,,IAR189,https://legendstory-production-s3-public.s3.amazonaws.com/media/cards/large/IAR189.webp,,,,Alexandra Malygina,,,IAR189,https://legendstory-production-s3-public.s3.amazonaws.com/media/cards/large/IAR189.webp,,,,Alexandra Malygina,,,IAR189,https://legendstory-production-s3-public.s3.amazonaws.com/media/cards/large/IAR189.webp,,,,Alexandra Malygina,,,IAR189,https://legendstory-production-s3-public.s3.amazonaws.com/media/cards/large/IAR189.webp
IAR190,IAR,Ghostly Visit,Blue,3,1,2,3,,,,"Shadow, Action, Attack",,Blood Debt,,,,,,"You may play this from your banished zone.

**Blood Debt**",Shadow Action - Attack,,,,,C,,,Alexandra Malygina,,,IAR190,https://legendstory-production-s3-public.s3.amazonaws.com/media/cards/large/IAR190.webp,,,,,,Alexandra Malygina,,,IAR190,https://legendstory-production-s3-public.s3.amazonaws.com/media/cards/large/IAR190.webp,,,,,,Alexandra Malygina,,,IAR190,https://legendstory-production-s3-public.s3.amazonaws.com/media/cards/large/IAR190.webp,,,,Alexandra Malygina,,,IAR190,https://legendstory-production-s3-public.s3.amazonaws.com/media/cards/large/IAR190.webp,,,,Alexandra Malygina,,,IAR190,https://legendstory-production-s3-public.s3.amazonaws.com/media/cards/large/IAR190.webp,,,,Alexandra Malygina,,,IAR190,https://legendstory-production-s3-public.s3.amazonaws.com/media/cards/large/IAR190.webp
IAR191,IAR,Permanent Interment,Red,1,0,4,3,,,,"Shadow, Action, Attack",,Blood Debt,,,,,,"When this attacks, you may pay up to {r}{r}{r}. Turn that many Shadow cards in your banished zone face-down. This gets +1{p} for each card turned face-down this way.

**Blood Debt**",Shadow Action - Attack,,,,,C,R,,Erick Sambora,,,IAR191,https://legendstory-production-s3-public.s3.amazonaws.com/media/cards/large/IAR191-RF.webp,,,C,,,Erick Sambora,,,IAR191,https://legendstory-production-s3-public.s3.amazonaws.com/media/cards/large/IAR191.webp,,,,,,Erick Sambora,,,IAR191,https://legendstory-production-s3-public.s3.amazonaws.com/media/cards/large/IAR191.webp,,,,Erick Sambora,,,IAR191,https://legendstory-production-s3-public.s3.amazonaws.com/media/cards/large/IAR191.webp,,,,Erick Sambora,,,IAR191,https://legendstory-production-s3-public.s3.amazonaws.com/media/cards/large/IAR191.webp,,,,Erick Sambora,,,IAR191,https://legendstory-production-s3-public.s3.amazonaws.com/media/cards/large/IAR191.webp
IAR192,IAR,Permanent Interment,Yellow,2,0,3,3,,,,"Shadow, Action, Attack",,Blood Debt,,,,,,"When this attacks, you may pay up to {r}{r}{r}. Turn that many Shadow cards in your banished zone face-down. This gets +1{p} for each card turned face-down this way.

**Blood Debt**",Shadow Action - Attack,,,,,C,R,,Erick Sambora,,,IAR192,https://legendstory-production-s3-public.s3.amazonaws.com/media/cards/large/IAR192-RF.webp,,,C,,,Erick Sambora,,,IAR192,https://legendstory-production-s3-public.s3.amazonaws.com/media/cards/large/IAR192.webp,,,,,,Erick Sambora,,,IAR192,https://legendstory-production-s3-public.s3.amazonaws.com/media/cards/large/IAR192.webp,,,,Erick Sambora,,,IAR192,https://legendstory-production-s3-public.s3.amazonaws.com/media/cards/large/IAR192.webp,,,,Erick Sambora,,,IAR192,https://legendstory-production-s3-public.s3.amazonaws.com/media/cards/large/IAR192.webp,,,,Erick Sambora,,,IAR192,https://legendstory-production-s3-public.s3.amazonaws.com/media/cards/large/IAR192.webp
IAR193,IAR,Permanent Interment,Blue,3,0,1,3,,,,"Shadow, Action, Attack",,Blood Debt,,,,,,"When this attacks, you may pay up to {r}{r}{r}. Turn that many Shadow cards in your banished zone face-down. This gets +1{p} for each card turned face-down this way.

**Blood Debt**",Shadow Action - Attack,,,,,C,R,,Erick Sambora,,,IAR193,https://legendstory-production-s3-public.s3.amazonaws.com/media/cards/large/IAR193-RF.webp,,,C,,,Erick Sambora,,,IAR193,https://legendstory-production-s3-public.s3.amazonaws.com/media/cards/large/IAR193.webp,,,,,,Erick Sambora,,,IAR193,https://legendstory-production-s3-public.s3.amazonaws.com/media/cards/large/IAR193.webp,,,,Erick Sambora,,,IAR193,https://legendstory-production-s3-public.s3.amazonaws.com/media/cards/large/IAR193.webp,,,,Erick Sambora,,,IAR193,https://legendstory-production-s3-public.s3.amazonaws.com/media/cards/large/IAR193.webp,,,,Erick Sambora,,,IAR193,https://legendstory-production-s3-public.s3.amazonaws.com/media/cards/large/IAR193.webp
IAR194,IAR,Shadowrealm Bloodhound,Red,1,2,6,3,,,,"Shadow, Action, Attack",,"Blood Debt, Go again",,,,,,"When this attacks, you may banish a card from your hand. If it's Shadow, this gets **go again**.

**Blood Debt**",Shadow Action - Attack,,,,,C,R,,Mariusz Gandzel,,,IAR194,https://legendstory-production-s3-public.s3.amazonaws.com/media/cards/large/IAR194-RF.webp,,,C,,,Mariusz Gandzel,,,IAR194,https://legendstory-production-s3-public.s3.amazonaws.com/media/cards/large/IAR194.webp,,,,,,Mariusz Gandzel,,,IAR194,https://legendstory-production-s3-public.s3.amazonaws.com/media/cards/large/IAR194.webp,,,,Mariusz Gandzel,,,IAR194,https://legendstory-production-s3-public.s3.amazonaws.com/media/cards/large/IAR194.webp,,,,Mariusz Gandzel,,,IAR194,https://legendstory-production-s3-public.s3.amazonaws.com/media/cards/large/IAR194.webp,,,,Mariusz Gandzel,,,IAR194,https://legendstory-production-s3-public.s3.amazonaws.com/media/cards/large/IAR194.webp
IAR195,IAR,Shadowrealm Bloodhound,Yellow,2,2,5,3,,,,"Shadow, Action, Attack",,"Blood Debt, Go again",,,,,,"When this attacks, you may banish a card from your hand. If it's Shadow, this gets **go again**.

**Blood Debt**",Shadow Action - Attack,,,,,C,R,,Mariusz Gandzel,,,IAR195,https://legendstory-production-s3-public.s3.amazonaws.com/media/cards/large/IAR195-RF.webp,,,C,,,Mariusz Gandzel,,,IAR195,https://legendstory-production-s3-public.s3.amazonaws.com/media/cards/large/IAR195.webp,,,,,,Mariusz Gandzel,,,IAR195,https://legendstory-production-s3-public.s3.amazonaws.com/media/cards/large/IAR195.webp,,,,Mariusz Gandzel,,,IAR195,https://legendstory-production-s3-public.s3.amazonaws.com/media/cards/large/IAR195.webp,,,,Mariusz Gandzel,,,IAR195,https://legendstory-production-s3-public.s3.amazonaws.com/media/cards/large/IAR195.webp,,,,Mariusz Gandzel,,,IAR195,https://legendstory-production-s3-public.s3.amazonaws.com/media/cards/large/IAR195.webp
IAR196,IAR,Shadowrealm Bloodhound,Blue,3,2,4,3,,,,"Shadow, Action, Attack",,"Blood Debt, Go again",,,,,,"When this attacks, you may banish a card from your hand. If it's Shadow, this gets **go again**.

**Blood Debt**",Shadow Action - Attack,,,,,C,R,,Mariusz Gandzel,,,IAR196,https://legendstory-production-s3-public.s3.amazonaws.com/media/cards/large/IAR196-RF.webp,,,C,,,Mariusz Gandzel,,,IAR196,https://legendstory-production-s3-public.s3.amazonaws.com/media/cards/large/IAR196.webp,,,,,,Mariusz Gandzel,,,IAR196,https://legendstory-production-s3-public.s3.amazonaws.com/media/cards/large/IAR196.webp,,,,Mariusz Gandzel,,,IAR196,https://legendstory-production-s3-public.s3.amazonaws.com/media/cards/large/IAR196.webp,,,,Mariusz Gandzel,,,IAR196,https://legendstory-production-s3-public.s3.amazonaws.com/media/cards/large/IAR196.webp,,,,Mariusz Gandzel,,,IAR196,https://legendstory-production-s3-public.s3.amazonaws.com/media/cards/large/IAR196.webp
IAR197,IAR,Shadowrealm Ripper,Red,1,1,5,3,,,,"Shadow, Action, Attack",,Blood Debt,,,,,,"When this attacks, you may banish a card from your hand. If it's Shadow, this gets +2{p}.

**Blood Debt**",Shadow Action - Attack,,,,,C,R,,Tomi Ong,,,IAR197,https://legendstory-production-s3-public.s3.amazonaws.com/media/cards/large/IAR197-RF.webp,,,C,,,Tomi Ong,,,IAR197,https://legendstory-production-s3-public.s3.amazonaws.com/media/cards/large/IAR197.webp,,,,,,Tomi Ong,,,IAR197,https://legendstory-production-s3-public.s3.amazonaws.com/media/cards/large/IAR197.webp,,,,Tomi Ong,,,IAR197,https://legendstory-production-s3-public.s3.amazonaws.com/media/cards/large/IAR197.webp,,,,Tomi Ong,,,IAR197,https://legendstory-production-s3-public.s3.amazonaws.com/media/cards/large/IAR197.webp,,,,Tomi Ong,,,IAR197,https://legendstory-production-s3-public.s3.amazonaws.com/media/cards/large/IAR197.webp
IAR198,IAR,Shadowrealm Ripper,Yellow,2,1,4,3,,,,"Shadow, Action, Attack",,Blood Debt,,,,,,"When this attacks, you may banish a card from your hand. If it's Shadow, this gets +2{p}.

**Blood Debt**",Shadow Action - Attack,,,,,C,R,,Tomi Ong,,,IAR198,https://legendstory-production-s3-public.s3.amazonaws.com/media/cards/large/IAR198-RF.webp,,,C,,,Tomi Ong,,,IAR198,https://legendstory-production-s3-public.s3.amazonaws.com/media/cards/large/IAR198.webp,,,,,,Tomi Ong,,,IAR198,https://legendstory-production-s3-public.s3.amazonaws.com/media/cards/large/IAR198.webp,,,,Tomi Ong,,,IAR198,https://legendstory-production-s3-public.s3.amazonaws.com/media/cards/large/IAR198.webp,,,,Tomi Ong,,,IAR198,https://legendstory-production-s3-public.s3.amazonaws.com/media/cards/large/IAR198.webp,,,,Tomi Ong,,,IAR198,https://legendstory-production-s3-public.s3.amazonaws.com/media/cards/large/IAR198.webp
IAR199,IAR,Shadowrealm Ripper,Blue,3,1,3,3,,,,"Shadow, Action, Attack",,Blood Debt,,,,,,"When this attacks, you may banish a card from your hand. If it's Shadow, this gets +2{p}.

**Blood Debt**",Shadow Action - Attack,,,,,C,R,,Tomi Ong,,,IAR199,https://legendstory-production-s3-public.s3.amazonaws.com/media/cards/large/IAR199-RF.webp,,,C,,,Tomi Ong,,,IAR199,https://legendstory-production-s3-public.s3.amazonaws.com/media/cards/large/IAR199.webp,,,,,,Tomi Ong,,,IAR199,https://legendstory-production-s3-public.s3.amazonaws.com/media/cards/large/IAR199.webp,,,,Tomi Ong,,,IAR199,https://legendstory-production-s3-public.s3.amazonaws.com/media/cards/large/IAR199.webp,,,,Tomi Ong,,,IAR199,https://legendstory-production-s3-public.s3.amazonaws.com/media/cards/large/IAR199.webp,,,,Tomi Ong,,,IAR199,https://legendstory-production-s3-public.s3.amazonaws.com/media/cards/large/IAR199.webp
IAR200,IAR,Shadowrealm Walker,Red,1,0,4,3,,,,"Shadow, Action, Attack",,Blood Debt,,,,,,"When this attacks, you may banish a card from your hand. If it's Shadow, create a Gate to i'Arathael token.

**Blood Debt**",Shadow Action - Attack,,,,,C,R,,Wirawan Pranoto,,,IAR200,https://legendstory-production-s3-public.s3.amazonaws.com/media/cards/large/IAR200-RF.webp,,,C,,,Wirawan Pranoto,,,IAR200,https://legendstory-production-s3-public.s3.amazonaws.com/media/cards/large/IAR200.webp,,,,,,Wirawan Pranoto,,,IAR200,https://legendstory-production-s3-public.s3.amazonaws.com/media/cards/large/IAR200.webp,,,,Wirawan Pranoto,,,IAR200,https://legendstory-production-s3-public.s3.amazonaws.com/media/cards/large/IAR200.webp,,,,Wirawan Pranoto,,,IAR200,https://legendstory-production-s3-public.s3.amazonaws.com/media/cards/large/IAR200.webp,,,,Wirawan Pranoto,,,IAR200,https://legendstory-production-s3-public.s3.amazonaws.com/media/cards/large/IAR200.webp
IAR201,IAR,Shadowrealm Walker,Yellow,2,0,3,3,,,,"Shadow, Action, Attack",,Blood Debt,,,,,,"When this attacks, you may banish a card from your hand. If it's Shadow, create a Gate to i'Arathael token.

**Blood Debt**",Shadow Action - Attack,,,,,C,R,,Wirawan Pranoto,,,IAR201,https://legendstory-production-s3-public.s3.amazonaws.com/media/cards/large/IAR201-RF.webp,,,C,,,Wirawan Pranoto,,,IAR201,https://legendstory-production-s3-public.s3.amazonaws.com/media/cards/large/IAR201.webp,,,,,,Wirawan Pranoto,,,IAR201,https://legendstory-production-s3-public.s3.amazonaws.com/media/cards/large/IAR201.webp,,,,Wirawan Pranoto,,,IAR201,https://legendstory-production-s3-public.s3.amazonaws.com/media/cards/large/IAR201.webp,,,,Wirawan Pranoto,,,IAR201,https://legendstory-production-s3-public.s3.amazonaws.com/media/cards/large/IAR201.webp,,,,Wirawan Pranoto,,,IAR201,https://legendstory-production-s3-public.s3.amazonaws.com/media/cards/large/IAR201.webp
IAR202,IAR,Shadowrealm Walker,Blue,3,0,2,3,,,,"Shadow, Action, Attack",,Blood Debt,,,,,,"When this attacks, you may banish a card from your hand. If it's Shadow, create a Gate to i'Arathael token.

**Blood Debt**",Shadow Action - Attack,,,,,C,R,,Wirawan Pranoto,,,IAR202,https://legendstory-production-s3-public.s3.amazonaws.com/media/cards/large/IAR202-RF.webp,,,C,,,Wirawan Pranoto,,,IAR202,https://legendstory-production-s3-public.s3.amazonaws.com/media/cards/large/IAR202.webp,,,,,,Wirawan Pranoto,,,IAR202,https://legendstory-production-s3-public.s3.amazonaws.com/media/cards/large/IAR202.webp,,,,Wirawan Pranoto,,,IAR202,https://legendstory-production-s3-public.s3.amazonaws.com/media/cards/large/IAR202.webp,,,,Wirawan Pranoto,,,IAR202,https://legendstory-production-s3-public.s3.amazonaws.com/media/cards/large/IAR202.webp,,,,Wirawan Pranoto,,,IAR202,https://legendstory-production-s3-public.s3.amazonaws.com/media/cards/large/IAR202.webp
IAR203,IAR,Void Wraith,Red,1,2,5,3,,,,"Shadow, Action, Attack",,Blood Debt,,,,,,"You may play this from your banished zone.

**Blood Debt**",Shadow Action - Attack,,,,,C,R,,Peyeyo,,,IAR203,https://legendstory-production-s3-public.s3.amazonaws.com/media/cards/large/IAR203-RF.webp,,,C,,,Peyeyo,,,IAR203,https://legendstory-production-s3-public.s3.amazonaws.com/media/cards/large/IAR203.webp,,,,,,Peyeyo,,,IAR203,https://legendstory-production-s3-public.s3.amazonaws.com/media/cards/large/IAR203.webp,,,,Peyeyo,,,IAR203,https://legendstory-production-s3-public.s3.amazonaws.com/media/cards/large/IAR203.webp,,,,Peyeyo,,,IAR203,https://legendstory-production-s3-public.s3.amazonaws.com/media/cards/large/IAR203.webp,,,,Peyeyo,,,IAR203,https://legendstory-production-s3-public.s3.amazonaws.com/media/cards/large/IAR203.webp
IAR204,IAR,Void Wraith,Yellow,2,2,4,3,,,,"Shadow, Action, Attack",,Blood Debt,,,,,,"You may play this from your banished zone.

**Blood Debt**",Shadow Action - Attack,,,,,C,R,,Peyeyo,,,IAR204,https://legendstory-production-s3-public.s3.amazonaws.com/media/cards/large/IAR204-RF.webp,,,C,,,Peyeyo,,,IAR204,https://legendstory-production-s3-public.s3.amazonaws.com/media/cards/large/IAR204.webp,,,,,,Peyeyo,,,IAR204,https://legendstory-production-s3-public.s3.amazonaws.com/media/cards/large/IAR204.webp,,,,Peyeyo,,,IAR204,https://legendstory-production-s3-public.s3.amazonaws.com/media/cards/large/IAR204.webp,,,,Peyeyo,,,IAR204,https://legendstory-production-s3-public.s3.amazonaws.com/media/cards/large/IAR204.webp,,,,Peyeyo,,,IAR204,https://legendstory-production-s3-public.s3.amazonaws.com/media/cards/large/IAR204.webp
IAR205,IAR,Void Wraith,Blue,3,2,3,3,,,,"Shadow, Action, Attack",,Blood Debt,,,,,,"You may play this from your banished zone.

**Blood Debt**",Shadow Action - Attack,,,,,C,R,,Peyeyo,,,IAR205,https://legendstory-production-s3-public.s3.amazonaws.com/media/cards/large/IAR205-RF.webp,,,C,,,Peyeyo,,,IAR205,https://legendstory-production-s3-public.s3.amazonaws.com/media/cards/large/IAR205.webp,,,,,,Peyeyo,,,IAR205,https://legendstory-production-s3-public.s3.amazonaws.com/media/cards/large/IAR205.webp,,,,Peyeyo,,,IAR205,https://legendstory-production-s3-public.s3.amazonaws.com/media/cards/large/IAR205.webp,,,,Peyeyo,,,IAR205,https://legendstory-production-s3-public.s3.amazonaws.com/media/cards/large/IAR205.webp,,,,Peyeyo,,,IAR205,https://legendstory-production-s3-public.s3.amazonaws.com/media/cards/large/IAR205.webp
IAR206,IAR,Abyssal Bite,Blue,3,1,,2,,,,"Shadow, Action",,"Go again, Blood Debt",,,,,,"You may play this from your banished zone.

Your next Shadow attack this turn gets +1{p}. **Go again**

**Blood Debt**",Shadow Action,,,,,C,R,,Widya Wang,,,IAR206,https://legendstory-production-s3-public.s3.amazonaws.com/media/cards/large/IAR206-RF.webp,,,C,,,Widya Wang,,,IAR206,https://legendstory-production-s3-public.s3.amazonaws.com/media/cards/large/IAR206.webp,,,,,,Widya Wang,,,IAR206,https://legendstory-production-s3-public.s3.amazonaws.com/media/cards/large/IAR206.webp,,,,Widya Wang,,,IAR206,https://legendstory-production-s3-public.s3.amazonaws.com/media/cards/large/IAR206.webp,,,,Widya Wang,,,IAR206,https://legendstory-production-s3-public.s3.amazonaws.com/media/cards/large/IAR206.webp,,,,Widya Wang,,,IAR206,https://legendstory-production-s3-public.s3.amazonaws.com/media/cards/large/IAR206.webp
IAR207,IAR,Abyssal Force,Blue,3,1,,2,,,,"Shadow, Action",,"Go again, Blood Debt",,,,,,"""You may play this from your banished zone.

Your next Shadow attack this turn gets **overpower**.

**Go again**

**Blood Debt**""",Shadow Action,,,,,C,R,,Reza Aswadananta,,,IAR207,https://legendstory-production-s3-public.s3.amazonaws.com/media/cards/large/IAR207-RF.webp,,,C,,,Reza Aswadananta,,,IAR207,https://legendstory-production-s3-public.s3.amazonaws.com/media/cards/large/IAR207.webp,,,,,,Reza Aswadananta,,,IAR207,https://legendstory-production-s3-public.s3.amazonaws.com/media/cards/large/IAR207.webp,,,,Reza Aswadananta,,,IAR207,https://legendstory-production-s3-public.s3.amazonaws.com/media/cards/large/IAR207.webp,,,,Reza Aswadananta,,,IAR207,https://legendstory-production-s3-public.s3.amazonaws.com/media/cards/large/IAR207.webp,,,,Reza Aswadananta,,,IAR207,https://legendstory-production-s3-public.s3.amazonaws.com/media/cards/large/IAR207.webp
IAR208,IAR,Abyssal Rush,Blue,3,1,,2,,,,"Shadow, Action",,"Go again, Blood Debt",,,,,,"""You may play this from your banished zone.

Your next Shadow attack this turn gets ""When this hits, it gets **go again**."" **Go again**

**Blood Debt**""",Shadow Action,,,,,C,R,,Bramasta Aji,,,IAR208,https://legendstory-production-s3-public.s3.amazonaws.com/media/cards/large/IAR208-RF.webp,,,C,,,Bramasta Aji,,,IAR208,https://legendstory-production-s3-public.s3.amazonaws.com/media/cards/large/IAR208.webp,,,,,,Bramasta Aji,,,IAR208,https://legendstory-production-s3-public.s3.amazonaws.com/media/cards/large/IAR208.webp,,,,Bramasta Aji,,,IAR208,https://legendstory-production-s3-public.s3.amazonaws.com/media/cards/large/IAR208.webp,,,,Bramasta Aji,,,IAR208,https://legendstory-production-s3-public.s3.amazonaws.com/media/cards/large/IAR208.webp,,,,Bramasta Aji,,,IAR208,https://legendstory-production-s3-public.s3.amazonaws.com/media/cards/large/IAR208.webp
IAR209,IAR,Darkest Hour,Red,1,2,,3,,,,"Shadow, Action",,"Go again, Blood Debt",,,,,,"You may put a card from your hand on top of your deck rather than pay this card's {r} cost.

Your next Shadow attack this turn gets +4{p}. **Go again**

**Blood Debt**",Shadow Action,,,,,C,R,,Nailsen Ivanderlie,,,IAR209,https://legendstory-production-s3-public.s3.amazonaws.com/media/cards/large/IAR209-RF.webp,,,C,,,Nailsen Ivanderlie,,,IAR209,https://legendstory-production-s3-public.s3.amazonaws.com/media/cards/large/IAR209.webp,,,,,,Nailsen Ivanderlie,,,IAR209,https://legendstory-production-s3-public.s3.amazonaws.com/media/cards/large/IAR209.webp,,,,Nailsen Ivanderlie,,,IAR209,https://legendstory-production-s3-public.s3.amazonaws.com/media/cards/large/IAR209.webp,,,,Nailsen Ivanderlie,,,IAR209,https://legendstory-production-s3-public.s3.amazonaws.com/media/cards/large/IAR209.webp,,,,Nailsen Ivanderlie,,,IAR209,https://legendstory-production-s3-public.s3.amazonaws.com/media/cards/large/IAR209.webp
IAR210,IAR,Darkest Hour,Yellow,2,2,,3,,,,"Shadow, Action",,"Go again, Blood Debt",,,,,,"You may put a card from your hand on top of your deck rather than pay this card's {r} cost.

Your next Shadow attack this turn gets +3{p}. **Go again**

**Blood Debt**",Shadow Action,,,,,C,R,,Nailsen Ivanderlie,,,IAR210,https://legendstory-production-s3-public.s3.amazonaws.com/media/cards/large/IAR210-RF.webp,,,C,,,Nailsen Ivanderlie,,,IAR210,https://legendstory-production-s3-public.s3.amazonaws.com/media/cards/large/IAR210.webp,,,,,,Nailsen Ivanderlie,,,IAR210,https://legendstory-production-s3-public.s3.amazonaws.com/media/cards/large/IAR210.webp,,,,Nailsen Ivanderlie,,,IAR210,https://legendstory-production-s3-public.s3.amazonaws.com/media/cards/large/IAR210.webp,,,,Nailsen Ivanderlie,,,IAR210,https://legendstory-production-s3-public.s3.amazonaws.com/media/cards/large/IAR210.webp,,,,Nailsen Ivanderlie,,,IAR210,https://legendstory-production-s3-public.s3.amazonaws.com/media/cards/large/IAR210.webp
IAR211,IAR,Darkest Hour,Blue,3,2,,3,,,,"Shadow, Action",,"Go again, Blood Debt",,,,,,"You may put a card from your hand on top of your deck rather than pay this card's {r} cost.

Your next Shadow attack this turn gets +1{p}. **Go again**

**Blood Debt**",Shadow Action,,,,,C,R,,Nailsen Ivanderlie,,,IAR211,https://legendstory-production-s3-public.s3.amazonaws.com/media/cards/large/IAR211-RF.webp,,,C,,,Nailsen Ivanderlie,,,IAR211,https://legendstory-production-s3-public.s3.amazonaws.com/media/cards/large/IAR211.webp,,,,,,Nailsen Ivanderlie,,,IAR211,https://legendstory-production-s3-public.s3.amazonaws.com/media/cards/large/IAR211.webp,,,,Nailsen Ivanderlie,,,IAR211,https://legendstory-production-s3-public.s3.amazonaws.com/media/cards/large/IAR211.webp,,,,Nailsen Ivanderlie,,,IAR211,https://legendstory-production-s3-public.s3.amazonaws.com/media/cards/large/IAR211.webp,,,,Nailsen Ivanderlie,,,IAR211,https://legendstory-production-s3-public.s3.amazonaws.com/media/cards/large/IAR211.webp
"IAR212,FAB518","IAR,FAB",Pull from Beyond,Red,1,0,,3,,,,"Shadow, Action",,"Opt 2, Go again",,,,,,"**Opt 2**

Banish the top card of your deck. If it's red, create a Gate to i'Arathael token. **Go again**",Shadow Action,,,,,C,,,Marco González,,,IAR212,https://legendstory-production-s3-public.s3.amazonaws.com/media/cards/large/IAR212.webp,,,C,R,,Marco González,,,IAR212,https://legendstory-production-s3-public.s3.amazonaws.com/media/cards/large/IAR212-RF.webp,,,P,R,EA,Marco González,,,FAB518,https://legendstory-production-s3-public.s3.amazonaws.com/media/cards/large/FAB518-RF.webp,,,,Marco González,,,FAB518,https://legendstory-production-s3-public.s3.amazonaws.com/media/cards/large/FAB518.webp,,,,Marco González,,,FAB518,https://legendstory-production-s3-public.s3.amazonaws.com/media/cards/large/FAB518.webp,,,,Marco González,,,FAB518,https://legendstory-production-s3-public.s3.amazonaws.com/media/cards/large/FAB518.webp
"IAR213,FAB519","IAR,FAB",Pull from Beyond,Yellow,2,0,,3,,,,"Shadow, Action",,"Opt 2, Go again",,,,,,"**Opt 2**

Banish the top card of your deck. If it's yellow, create a Gate to i'Arathael token. **Go again**",Shadow Action,,,,,C,,,Marco González,,,IAR213,https://legendstory-production-s3-public.s3.amazonaws.com/media/cards/large/IAR213.webp,,,C,R,,Marco González,,,IAR213,https://legendstory-production-s3-public.s3.amazonaws.com/media/cards/large/IAR213-RF.webp,,,P,R,EA,Marco González,,,FAB519,https://legendstory-production-s3-public.s3.amazonaws.com/media/cards/large/FAB519-RF.webp,,,,Marco González,,,FAB519,https://legendstory-production-s3-public.s3.amazonaws.com/media/cards/large/FAB519.webp,,,,Marco González,,,FAB519,https://legendstory-production-s3-public.s3.amazonaws.com/media/cards/large/FAB519.webp,,,,Marco González,,,FAB519,https://legendstory-production-s3-public.s3.amazonaws.com/media/cards/large/FAB519.webp
"IAR214,FAB520","IAR,FAB",Pull from Beyond,Blue,3,0,,3,,,,"Shadow, Action",,"Opt 2, Go again",,,,,,"**Opt 2**

Banish the top card of your deck. If it's blue, create a Gate to i'Arathael token. **Go again**",Shadow Action,,,,,C,,,Marco González,,,IAR214,https://legendstory-production-s3-public.s3.amazonaws.com/media/cards/large/IAR214.webp,,,C,R,,Marco González,,,IAR214,https://legendstory-production-s3-public.s3.amazonaws.com/media/cards/large/IAR214-RF.webp,,,P,R,EA,Marco González,,,FAB520,https://legendstory-production-s3-public.s3.amazonaws.com/media/cards/large/FAB520-RF.webp,,,,Marco González,,,FAB520,https://legendstory-production-s3-public.s3.amazonaws.com/media/cards/large/FAB520.webp,,,,Marco González,,,FAB520,https://legendstory-production-s3-public.s3.amazonaws.com/media/cards/large/FAB520.webp,,,,Marco González,,,FAB520,https://legendstory-production-s3-public.s3.amazonaws.com/media/cards/large/FAB520.webp
IAR215,IAR,Step through Realms,Red,1,2,,3,,,,"Shadow, Action",,Go again,,,,,,"Your next Shadow attack this turn gets +4{p} and ""When this hits, create a Gate to i'Arathael token.""

**Go again**",Shadow Action,,,,,C,R,,Stormy Elia Fanggidae,,,IAR215,https://legendstory-production-s3-public.s3.amazonaws.com/media/cards/large/IAR215-RF.webp,,,C,,,Stormy Elia Fanggidae,,,IAR215,https://legendstory-production-s3-public.s3.amazonaws.com/media/cards/large/IAR215.webp,,,,,,Stormy Elia Fanggidae,,,IAR215,https://legendstory-production-s3-public.s3.amazonaws.com/media/cards/large/IAR215.webp,,,,Stormy Elia Fanggidae,,,IAR215,https://legendstory-production-s3-public.s3.amazonaws.com/media/cards/large/IAR215.webp,,,,Stormy Elia Fanggidae,,,IAR215,https://legendstory-production-s3-public.s3.amazonaws.com/media/cards/large/IAR215.webp,,,,Stormy Elia Fanggidae,,,IAR215,https://legendstory-production-s3-public.s3.amazonaws.com/media/cards/large/IAR215.webp
IAR216,IAR,Step through Realms,Yellow,2,2,,3,,,,"Shadow, Action",,Go again,,,,,,"Your next Shadow attack this turn gets +3{p} and ""When this hits, create a Gate to i'Arathael token.""

**Go again**",Shadow Action,,,,,C,R,,Stormy Elia Fanggidae,,,IAR216,https://legendstory-production-s3-public.s3.amazonaws.com/media/cards/large/IAR216-RF.webp,,,C,,,Stormy Elia Fanggidae,,,IAR216,https://legendstory-production-s3-public.s3.amazonaws.com/media/cards/large/IAR216.webp,,,,,,Stormy Elia Fanggidae,,,IAR216,https://legendstory-production-s3-public.s3.amazonaws.com/media/cards/large/IAR216.webp,,,,Stormy Elia Fanggidae,,,IAR216,https://legendstory-production-s3-public.s3.amazonaws.com/media/cards/large/IAR216.webp,,,,Stormy Elia Fanggidae,,,IAR216,https://legendstory-production-s3-public.s3.amazonaws.com/media/cards/large/IAR216.webp,,,,Stormy Elia Fanggidae,,,IAR216,https://legendstory-production-s3-public.s3.amazonaws.com/media/cards/large/IAR216.webp
IAR217,IAR,Step through Realms,Blue,3,2,,3,,,,"Shadow, Action",,Go again,,,,,,"Your next Shadow attack this turn gets +2{p} and ""When this hits, create a Gate to i'Arathael token.""

**Go again**",Shadow Action,,,,,C,R,,Stormy Elia Fanggidae,,,IAR217,https://legendstory-production-s3-public.s3.amazonaws.com/media/cards/large/IAR217-RF.webp,,,C,,,Stormy Elia Fanggidae,,,IAR217,https://legendstory-production-s3-public.s3.amazonaws.com/media/cards/large/IAR217.webp,,,,,,Stormy Elia Fanggidae,,,IAR217,https://legendstory-production-s3-public.s3.amazonaws.com/media/cards/large/IAR217.webp,,,,Stormy Elia Fanggidae,,,IAR217,https://legendstory-production-s3-public.s3.amazonaws.com/media/cards/large/IAR217.webp,,,,Stormy Elia Fanggidae,,,IAR217,https://legendstory-production-s3-public.s3.amazonaws.com/media/cards/large/IAR217.webp,,,,Stormy Elia Fanggidae,,,IAR217,https://legendstory-production-s3-public.s3.amazonaws.com/media/cards/large/IAR217.webp
IAR218,IAR,Dam the Shadowake,Red,1,,,4,,,,"Shadow, Block",,,,,,,,"When this defends a Shadow hero's attack, create a Gate to i'Arathael token.",Shadow Block,,,,,C,R,,Petrinda Wiyugo,,,IAR218,https://legendstory-production-s3-public.s3.amazonaws.com/media/cards/large/IAR218-RF.webp,,,C,,,Petrinda Wiyugo,,,IAR218,https://legendstory-production-s3-public.s3.amazonaws.com/media/cards/large/IAR218.webp,,,,,,Petrinda Wiyugo,,,IAR218,https://legendstory-production-s3-public.s3.amazonaws.com/media/cards/large/IAR218.webp,,,,Petrinda Wiyugo,,,IAR218,https://legendstory-production-s3-public.s3.amazonaws.com/media/cards/large/IAR218.webp,,,,Petrinda Wiyugo,,,IAR218,https://legendstory-production-s3-public.s3.amazonaws.com/media/cards/large/IAR218.webp,,,,Petrinda Wiyugo,,,IAR218,https://legendstory-production-s3-public.s3.amazonaws.com/media/cards/large/IAR218.webp
IAR219,IAR,Dam the Shadowake,Yellow,2,,,3,,,,"Shadow, Block",,,,,,,,"When this defends a Shadow hero's attack, create a Gate to i'Arathael token.",Shadow Block,,,,,C,R,,Petrinda Wiyugo,,,IAR219,https://legendstory-production-s3-public.s3.amazonaws.com/media/cards/large/IAR219-RF.webp,,,C,,,Petrinda Wiyugo,,,IAR219,https://legendstory-production-s3-public.s3.amazonaws.com/media/cards/large/IAR219.webp,,,,,,Petrinda Wiyugo,,,IAR219,https://legendstory-production-s3-public.s3.amazonaws.com/media/cards/large/IAR219.webp,,,,Petrinda Wiyugo,,,IAR219,https://legendstory-production-s3-public.s3.amazonaws.com/media/cards/large/IAR219.webp,,,,Petrinda Wiyugo,,,IAR219,https://legendstory-production-s3-public.s3.amazonaws.com/media/cards/large/IAR219.webp,,,,Petrinda Wiyugo,,,IAR219,https://legendstory-production-s3-public.s3.amazonaws.com/media/cards/large/IAR219.webp
IAR220,IAR,Dam the Shadowake,Blue,3,,,2,,,,"Shadow, Block",,,,,,,,"When this defends a Shadow hero's attack, create a Gate to i'Arathael token.",Shadow Block,,,,,C,R,,Petrinda Wiyugo,,,IAR220,https://legendstory-production-s3-public.s3.amazonaws.com/media/cards/large/IAR220-RF.webp,,,C,,,Petrinda Wiyugo,,,IAR220,https://legendstory-production-s3-public.s3.amazonaws.com/media/cards/large/IAR220.webp,,,,,,Petrinda Wiyugo,,,IAR220,https://legendstory-production-s3-public.s3.amazonaws.com/media/cards/large/IAR220.webp,,,,Petrinda Wiyugo,,,IAR220,https://legendstory-production-s3-public.s3.amazonaws.com/media/cards/large/IAR220.webp,,,,Petrinda Wiyugo,,,IAR220,https://legendstory-production-s3-public.s3.amazonaws.com/media/cards/large/IAR220.webp,,,,Petrinda Wiyugo,,,IAR220,https://legendstory-production-s3-public.s3.amazonaws.com/media/cards/large/IAR220.webp
IAR221,IAR,"Blasmophet, the Insatiable Hunger",,,,6,,6,,,"Shadow, Token, Demon, Ally",,Unique,,,,,,"**Unique**

Once per turn, you may play an action card with blood debt from your banished zone.

At the beginning of each end phase, you may banish a card from your hand. Then if you haven't banished a card with blood debt this turn, destroy this.",Shadow Token - Demon Ally,,,,,B,,,Lius Lasahido,,,IAR221,https://legendstory-production-s3-public.s3.amazonaws.com/media/cards/large/IAR221.webp,,,V,C,FA,Lius Lasahido,,,IAR221,https://legendstory-production-s3-public.s3.amazonaws.com/media/cards/large/IAR221-MV.webp,,,V,C,FA,Lius Lasahido,,,IAR221,https://legendstory-production-s3-public.s3.amazonaws.com/media/cards/large/IAR221-MV_BACK.webp,,,,Lius Lasahido,,,IAR221,https://legendstory-production-s3-public.s3.amazonaws.com/media/cards/large/IAR221.webp,,,,Lius Lasahido,,,IAR221,https://legendstory-production-s3-public.s3.amazonaws.com/media/cards/large/IAR221.webp,,,,Lius Lasahido,,,IAR221,https://legendstory-production-s3-public.s3.amazonaws.com/media/cards/large/IAR221.webp
"IAR222,FAB507","IAR,FAB",Gate to i'Arathael,,,,,,,,,"Shadow, Token, Aura",,,Instant,,,,Blood Debt,"**Instant** - {r}, destroy this: You may play target action card with blood debt from your banished zone this turn.",Shadow Token - Aura,,,,,V,C,FA,Carlos Cruchaga,,,IAR222,https://legendstory-production-s3-public.s3.amazonaws.com/media/cards/large/IAR222-MV.webp,,,P,R,EA,Carlos Cruchaga,,,FAB507,https://legendstory-production-s3-public.s3.amazonaws.com/media/cards/large/FAB507-RF.webp,,,,,,Carlos Cruchaga,,,FAB507,https://legendstory-production-s3-public.s3.amazonaws.com/media/cards/large/FAB507.webp,,,,Carlos Cruchaga,,,FAB507,https://legendstory-production-s3-public.s3.amazonaws.com/media/cards/large/FAB507.webp,,,,Carlos Cruchaga,,,FAB507,https://legendstory-production-s3-public.s3.amazonaws.com/media/cards/large/FAB507.webp,,,,Carlos Cruchaga,,,FAB507,https://legendstory-production-s3-public.s3.amazonaws.com/media/cards/large/FAB507.webp
"IAR223,FAB491","IAR,FAB",Circlet of Eternal End,,,,,2,,,,"Generic, Equipment, Head",,Blade Break,,,,,,"When this defends, turn a card in the attacking hero's banished zone face-down.

**Blade Break**",Generic Equipment - Head,,,No,,L,R,,Carlos Cruchaga,,,IAR223,https://legendstory-production-s3-public.s3.amazonaws.com/media/cards/large/IAR223-RF.webp,,,L,C,,Carlos Cruchaga,,,IAR223,https://legendstory-production-s3-public.s3.amazonaws.com/media/cards/large/IAR223-CF.webp,,,P,C,FA,Carlos Cruchaga,,,FAB491,https://legendstory-production-s3-public.s3.amazonaws.com/media/cards/large/FAB491-MV.webp,P,C,FA,Carlos Cruchaga,,,FAB491,https://legendstory-production-s3-public.s3.amazonaws.com/media/cards/large/FAB491-MV_BACK.webp,,,,Carlos Cruchaga,,,FAB491,https://legendstory-production-s3-public.s3.amazonaws.com/media/cards/large/FAB491.webp,,,,Carlos Cruchaga,,,FAB491,https://legendstory-production-s3-public.s3.amazonaws.com/media/cards/large/FAB491.webp
IAR224,IAR,Dark Arcanite Helm,,,,,0,,,,"Generic, Equipment, Head",,Shadow Resist 1,,,,,,**Shadow Resist 1**,Generic Equipment - Head,,,,,C,C,,Andi Cahyo W,,,IAR224,https://legendstory-production-s3-public.s3.amazonaws.com/media/cards/large/IAR224-CF.webp,,,C,,,Andi Cahyo W,,,IAR224,https://legendstory-production-s3-public.s3.amazonaws.com/media/cards/large/IAR224.webp,,,,,,Andi Cahyo W,,,IAR224,https://legendstory-production-s3-public.s3.amazonaws.com/media/cards/large/IAR224.webp,,,,Andi Cahyo W,,,IAR224,https://legendstory-production-s3-public.s3.amazonaws.com/media/cards/large/IAR224.webp,,,,Andi Cahyo W,,,IAR224,https://legendstory-production-s3-public.s3.amazonaws.com/media/cards/large/IAR224.webp,,,,Andi Cahyo W,,,IAR224,https://legendstory-production-s3-public.s3.amazonaws.com/media/cards/large/IAR224.webp
IAR225,IAR,Dark Arcanite Plating,,,,,0,,,,"Generic, Equipment, Chest",,Shadow Resist 1,,,,,,**Shadow Resist 1**,Generic Equipment - Chest,,,,,C,C,,Galih M,,,IAR225,https://legendstory-production-s3-public.s3.amazonaws.com/media/cards/large/IAR225-CF.webp,,,C,,,Galih M,,,IAR225,https://legendstory-production-s3-public.s3.amazonaws.com/media/cards/large/IAR225.webp,,,,,,Galih M,,,IAR225,https://legendstory-production-s3-public.s3.amazonaws.com/media/cards/large/IAR225.webp,,,,Galih M,,,IAR225,https://legendstory-production-s3-public.s3.amazonaws.com/media/cards/large/IAR225.webp,,,,Galih M,,,IAR225,https://legendstory-production-s3-public.s3.amazonaws.com/media/cards/large/IAR225.webp,,,,Galih M,,,IAR225,https://legendstory-production-s3-public.s3.amazonaws.com/media/cards/large/IAR225.webp
IAR226,IAR,Dark Arcanite Gloves,,,,,0,,,,"Generic, Equipment, Arms",,Shadow Resist 1,,,,,,**Shadow Resist 1**,Generic Equipment - Arms,,,,,C,C,,Petrinda Wiyugo,,,IAR226,https://legendstory-production-s3-public.s3.amazonaws.com/media/cards/large/IAR226-CF.webp,,,C,,,Petrinda Wiyugo,,,IAR226,https://legendstory-production-s3-public.s3.amazonaws.com/media/cards/large/IAR226.webp,,,,,,Petrinda Wiyugo,,,IAR226,https://legendstory-production-s3-public.s3.amazonaws.com/media/cards/large/IAR226.webp,,,,Petrinda Wiyugo,,,IAR226,https://legendstory-production-s3-public.s3.amazonaws.com/media/cards/large/IAR226.webp,,,,Petrinda Wiyugo,,,IAR226,https://legendstory-production-s3-public.s3.amazonaws.com/media/cards/large/IAR226.webp,,,,Petrinda Wiyugo,,,IAR226,https://legendstory-production-s3-public.s3.amazonaws.com/media/cards/large/IAR226.webp
IAR227,IAR,Dark Arcanite Boots,,,,,0,,,,"Generic, Equipment, Legs",,Shadow Resist 1,,,,,,**Shadow Resist 1**,Generic Equipment - Legs,,,,,C,C,,M Fakhrur Rozzi,,,IAR227,https://legendstory-production-s3-public.s3.amazonaws.com/media/cards/large/IAR227-CF.webp,,,C,,,M Fakhrur Rozzi,,,IAR227,https://legendstory-production-s3-public.s3.amazonaws.com/media/cards/large/IAR227.webp,,,,,,M Fakhrur Rozzi,,,IAR227,https://legendstory-production-s3-public.s3.amazonaws.com/media/cards/large/IAR227.webp,,,,M Fakhrur Rozzi,,,IAR227,https://legendstory-production-s3-public.s3.amazonaws.com/media/cards/large/IAR227.webp,,,,M Fakhrur Rozzi,,,IAR227,https://legendstory-production-s3-public.s3.amazonaws.com/media/cards/large/IAR227.webp,,,,M Fakhrur Rozzi,,,IAR227,https://legendstory-production-s3-public.s3.amazonaws.com/media/cards/large/IAR227.webp
IAR228,IAR,Violent Gusto,Red,1,2,6,3,,,,"Generic, Action, Attack",,,,,,,,"When this attacks a hero, you may name an aura permanent they control and return it to its owner's hand.

When this hits a hero, return all aura permanents they control with that name to their owner's hand.",Generic Action - Attack,,,No,,M,R,,Carlos Cruchaga,,,IAR228,https://legendstory-production-s3-public.s3.amazonaws.com/media/cards/large/IAR228-RF.webp,,,M,,,Carlos Cruchaga,,,IAR228,https://legendstory-production-s3-public.s3.amazonaws.com/media/cards/large/IAR228.webp,,,,,,Carlos Cruchaga,,,IAR228,https://legendstory-production-s3-public.s3.amazonaws.com/media/cards/large/IAR228.webp,,,,Carlos Cruchaga,,,IAR228,https://legendstory-production-s3-public.s3.amazonaws.com/media/cards/large/IAR228.webp,,,,Carlos Cruchaga,,,IAR228,https://legendstory-production-s3-public.s3.amazonaws.com/media/cards/large/IAR228.webp,,,,Carlos Cruchaga,,,IAR228,https://legendstory-production-s3-public.s3.amazonaws.com/media/cards/large/IAR228.webp
IAR229,IAR,Exorcism,Red,1,1,,3,,,,"Generic, Action",,Go again,,,,,,"Your next attack this turn gets +3{p} and ""When this hits a hero, turn all cards in their banished zone face-down.""

**Go again**",Generic Action,,,No,,M,R,,MJ Fetesio,,,IAR229,https://legendstory-production-s3-public.s3.amazonaws.com/media/cards/large/IAR229-RF.webp,,,M,,,MJ Fetesio,,,IAR229,https://legendstory-production-s3-public.s3.amazonaws.com/media/cards/large/IAR229.webp,,,,,,MJ Fetesio,,,IAR229,https://legendstory-production-s3-public.s3.amazonaws.com/media/cards/large/IAR229.webp,,,,MJ Fetesio,,,IAR229,https://legendstory-production-s3-public.s3.amazonaws.com/media/cards/large/IAR229.webp,,,,MJ Fetesio,,,IAR229,https://legendstory-production-s3-public.s3.amazonaws.com/media/cards/large/IAR229.webp,,,,MJ Fetesio,,,IAR229,https://legendstory-production-s3-public.s3.amazonaws.com/media/cards/large/IAR229.webp
IAR230,IAR,Murmur of i'Arathael,Red,1,1,4,2,,,,"Generic, Action, Attack",,Go again,,,,,,"If a card has been put into your banished zone this turn, this gets **go again**.",Generic Action - Attack,,,,,R,R,,Alexis Susani,,,IAR230,https://legendstory-production-s3-public.s3.amazonaws.com/media/cards/large/IAR230-RF.webp,,,R,,,Alexis Susani,,,IAR230,https://legendstory-production-s3-public.s3.amazonaws.com/media/cards/large/IAR230.webp,,,,,,Alexis Susani,,,IAR230,https://legendstory-production-s3-public.s3.amazonaws.com/media/cards/large/IAR230.webp,,,,Alexis Susani,,,IAR230,https://legendstory-production-s3-public.s3.amazonaws.com/media/cards/large/IAR230.webp,,,,Alexis Susani,,,IAR230,https://legendstory-production-s3-public.s3.amazonaws.com/media/cards/large/IAR230.webp,,,,Alexis Susani,,,IAR230,https://legendstory-production-s3-public.s3.amazonaws.com/media/cards/large/IAR230.webp
IAR231,IAR,Rumbling of i'Arathael,Red,1,2,6,2,,,,"Generic, Action, Attack",,Overpower,,,,,,"If a card has been put into your banished zone this turn, this gets **overpower**.",Generic Action - Attack,,,,,R,R,,Alexis Susani,,,IAR231,https://legendstory-production-s3-public.s3.amazonaws.com/media/cards/large/IAR231-RF.webp,,,R,,,Alexis Susani,,,IAR231,https://legendstory-production-s3-public.s3.amazonaws.com/media/cards/large/IAR231.webp,,,,,,Alexis Susani,,,IAR231,https://legendstory-production-s3-public.s3.amazonaws.com/media/cards/large/IAR231.webp,,,,Alexis Susani,,,IAR231,https://legendstory-production-s3-public.s3.amazonaws.com/media/cards/large/IAR231.webp,,,,Alexis Susani,,,IAR231,https://legendstory-production-s3-public.s3.amazonaws.com/media/cards/large/IAR231.webp,,,,Alexis Susani,,,IAR231,https://legendstory-production-s3-public.s3.amazonaws.com/media/cards/large/IAR231.webp
IAR232,IAR,Tremor of i'Arathael,Red,1,1,4,2,,,,"Generic, Action, Attack",,,,,,,,"If a card has been put into your banished zone this turn, this gets +2{p}.",Generic Action - Attack,,,,,R,,,Alexis Susani,,,IAR232,https://legendstory-production-s3-public.s3.amazonaws.com/media/cards/large/IAR232.webp,,,,,,Alexis Susani,,,IAR232,https://legendstory-production-s3-public.s3.amazonaws.com/media/cards/large/IAR232.webp,,,,,,Alexis Susani,,,IAR232,https://legendstory-production-s3-public.s3.amazonaws.com/media/cards/large/IAR232.webp,,,,Alexis Susani,,,IAR232,https://legendstory-production-s3-public.s3.amazonaws.com/media/cards/large/IAR232.webp,,,,Alexis Susani,,,IAR232,https://legendstory-production-s3-public.s3.amazonaws.com/media/cards/large/IAR232.webp,,,,Alexis Susani,,,IAR232,https://legendstory-production-s3-public.s3.amazonaws.com/media/cards/large/IAR232.webp
IAR233,IAR,Battle Prep,Red,1,0,,3,,,,"Generic, Action",,"Opt 1, Go again",,,,,,"**Opt 2**

If this was played from arsenal, your next attack this turn gets +3{p}.

**Go again**",Generic Action,,,,,R,R,,Surya Prasetya,,,IAR233,https://legendstory-production-s3-public.s3.amazonaws.com/media/cards/large/IAR233-RF.webp,,,R,,,Surya Prasetya,,,IAR233,https://legendstory-production-s3-public.s3.amazonaws.com/media/cards/large/IAR233.webp,,,,,,Surya Prasetya,,,IAR233,https://legendstory-production-s3-public.s3.amazonaws.com/media/cards/large/IAR233.webp,,,,Surya Prasetya,,,IAR233,https://legendstory-production-s3-public.s3.amazonaws.com/media/cards/large/IAR233.webp,,,,Surya Prasetya,,,IAR233,https://legendstory-production-s3-public.s3.amazonaws.com/media/cards/large/IAR233.webp,,,,Surya Prasetya,,,IAR233,https://legendstory-production-s3-public.s3.amazonaws.com/media/cards/large/IAR233.webp
IAR234,IAR,Battle Prep,Yellow,2,0,,3,,,,"Generic, Action",,"Opt 1, Go again",,,,,,"**Opt 2**

If this was played from arsenal, your next attack this turn gets +2{p}.

**Go again**",Generic Action,,,,,R,R,,Surya Prasetya,,,IAR234,https://legendstory-production-s3-public.s3.amazonaws.com/media/cards/large/IAR234-RF.webp,,,R,,,Surya Prasetya,,,IAR234,https://legendstory-production-s3-public.s3.amazonaws.com/media/cards/large/IAR234.webp,,,,,,Surya Prasetya,,,IAR234,https://legendstory-production-s3-public.s3.amazonaws.com/media/cards/large/IAR234.webp,,,,Surya Prasetya,,,IAR234,https://legendstory-production-s3-public.s3.amazonaws.com/media/cards/large/IAR234.webp,,,,Surya Prasetya,,,IAR234,https://legendstory-production-s3-public.s3.amazonaws.com/media/cards/large/IAR234.webp,,,,Surya Prasetya,,,IAR234,https://legendstory-production-s3-public.s3.amazonaws.com/media/cards/large/IAR234.webp
IAR235,IAR,Battle Prep,Blue,3,0,,3,,,,"Generic, Action",,"Opt 1, Go again",,,,,,"**Opt 2**

If this was played from arsenal, your next attack this turn gets +1{p}.

**Go again**",Generic Action,,,,,R,R,,Surya Prasetya,,,IAR235,https://legendstory-production-s3-public.s3.amazonaws.com/media/cards/large/IAR235-RF.webp,,,R,,,Surya Prasetya,,,IAR235,https://legendstory-production-s3-public.s3.amazonaws.com/media/cards/large/IAR235.webp,,,,,,Surya Prasetya,,,IAR235,https://legendstory-production-s3-public.s3.amazonaws.com/media/cards/large/IAR235.webp,,,,Surya Prasetya,,,IAR235,https://legendstory-production-s3-public.s3.amazonaws.com/media/cards/large/IAR235.webp,,,,Surya Prasetya,,,IAR235,https://legendstory-production-s3-public.s3.amazonaws.com/media/cards/large/IAR235.webp,,,,Surya Prasetya,,,IAR235,https://legendstory-production-s3-public.s3.amazonaws.com/media/cards/large/IAR235.webp
IAR236,IAR,Seek Horizon,Red,1,0,4,2,,,,"Generic, Action, Attack",,Go again,,,,,,"As an additional cost to play this, you may put a card from your hand on top of your deck. If you do, this gets **go again**.",Generic Action - Attack,,,,,C,,,Tian Thongjomroon,,,IAR236,https://legendstory-production-s3-public.s3.amazonaws.com/media/cards/large/IAR236.webp,,,,,,Tian Thongjomroon,,,IAR236,https://legendstory-production-s3-public.s3.amazonaws.com/media/cards/large/IAR236.webp,,,,,,Tian Thongjomroon,,,IAR236,https://legendstory-production-s3-public.s3.amazonaws.com/media/cards/large/IAR236.webp,,,,Tian Thongjomroon,,,IAR236,https://legendstory-production-s3-public.s3.amazonaws.com/media/cards/large/IAR236.webp,,,,Tian Thongjomroon,,,IAR236,https://legendstory-production-s3-public.s3.amazonaws.com/media/cards/large/IAR236.webp,,,,Tian Thongjomroon,,,IAR236,https://legendstory-production-s3-public.s3.amazonaws.com/media/cards/large/IAR236.webp
IAR237,IAR,Seek Horizon,Yellow,2,0,3,2,,,,"Generic, Action, Attack",,Go again,,,,,,"As an additional cost to play this, you may put a card from your hand on top of your deck. If you do, this gets **go again**.",Generic Action - Attack,,,,,C,,,Tian Thongjomroon,,,IAR237,https://legendstory-production-s3-public.s3.amazonaws.com/media/cards/large/IAR237.webp,,,,,,Tian Thongjomroon,,,IAR237,https://legendstory-production-s3-public.s3.amazonaws.com/media/cards/large/IAR237.webp,,,,,,Tian Thongjomroon,,,IAR237,https://legendstory-production-s3-public.s3.amazonaws.com/media/cards/large/IAR237.webp,,,,Tian Thongjomroon,,,IAR237,https://legendstory-production-s3-public.s3.amazonaws.com/media/cards/large/IAR237.webp,,,,Tian Thongjomroon,,,IAR237,https://legendstory-production-s3-public.s3.amazonaws.com/media/cards/large/IAR237.webp,,,,Tian Thongjomroon,,,IAR237,https://legendstory-production-s3-public.s3.amazonaws.com/media/cards/large/IAR237.webp
IAR238,IAR,Seek Horizon,Blue,3,0,2,2,,,,"Generic, Action, Attack",,Go again,,,,,,"As an additional cost to play this, you may put a card from your hand on top of your deck. If you do, this gets **go again**.",Generic Action - Attack,,,,,C,,,Tian Thongjomroon,,,IAR238,https://legendstory-production-s3-public.s3.amazonaws.com/media/cards/large/IAR238.webp,,,,,,Tian Thongjomroon,,,IAR238,https://legendstory-production-s3-public.s3.amazonaws.com/media/cards/large/IAR238.webp,,,,,,Tian Thongjomroon,,,IAR238,https://legendstory-production-s3-public.s3.amazonaws.com/media/cards/large/IAR238.webp,,,,Tian Thongjomroon,,,IAR238,https://legendstory-production-s3-public.s3.amazonaws.com/media/cards/large/IAR238.webp,,,,Tian Thongjomroon,,,IAR238,https://legendstory-production-s3-public.s3.amazonaws.com/media/cards/large/IAR238.webp,,,,Tian Thongjomroon,,,IAR238,https://legendstory-production-s3-public.s3.amazonaws.com/media/cards/large/IAR238.webp
IAR239,IAR,Whispers Within,Red,1,3,7,2,,,,"Generic, Action, Attack",,Opt 1,,,,,,"When this defends, **opt 1**.",Generic Action - Attack,,,,,C,R,,Orson CaptainSass,,,IAR239,https://legendstory-production-s3-public.s3.amazonaws.com/media/cards/large/IAR239-RF.webp,,,C,,,Orson CaptainSass,,,IAR239,https://legendstory-production-s3-public.s3.amazonaws.com/media/cards/large/IAR239.webp,,,,,,Orson CaptainSass,,,IAR239,https://legendstory-production-s3-public.s3.amazonaws.com/media/cards/large/IAR239.webp,,,,Orson CaptainSass,,,IAR239,https://legendstory-production-s3-public.s3.amazonaws.com/media/cards/large/IAR239.webp,,,,Orson CaptainSass,,,IAR239,https://legendstory-production-s3-public.s3.amazonaws.com/media/cards/large/IAR239.webp,,,,Orson CaptainSass,,,IAR239,https://legendstory-production-s3-public.s3.amazonaws.com/media/cards/large/IAR239.webp
IAR240,IAR,Whispers Within,Yellow,2,3,6,2,,,,"Generic, Action, Attack",,Opt 1,,,,,,"When this defends, **opt 1**.",Generic Action - Attack,,,,,C,R,,Orson CaptainSass,,,IAR240,https://legendstory-production-s3-public.s3.amazonaws.com/media/cards/large/IAR240-RF.webp,,,C,,,Orson CaptainSass,,,IAR240,https://legendstory-production-s3-public.s3.amazonaws.com/media/cards/large/IAR240.webp,,,,,,Orson CaptainSass,,,IAR240,https://legendstory-production-s3-public.s3.amazonaws.com/media/cards/large/IAR240.webp,,,,Orson CaptainSass,,,IAR240,https://legendstory-production-s3-public.s3.amazonaws.com/media/cards/large/IAR240.webp,,,,Orson CaptainSass,,,IAR240,https://legendstory-production-s3-public.s3.amazonaws.com/media/cards/large/IAR240.webp,,,,Orson CaptainSass,,,IAR240,https://legendstory-production-s3-public.s3.amazonaws.com/media/cards/large/IAR240.webp
IAR241,IAR,Whispers Within,Blue,3,3,5,2,,,,"Generic, Action, Attack",,Opt 1,,,,,,"When this defends, **opt 1**.",Generic Action - Attack,,,,,C,R,,Orson CaptainSass,,,IAR241,https://legendstory-production-s3-public.s3.amazonaws.com/media/cards/large/IAR241-RF.webp,,,C,,,Orson CaptainSass,,,IAR241,https://legendstory-production-s3-public.s3.amazonaws.com/media/cards/large/IAR241.webp,,,,,,Orson CaptainSass,,,IAR241,https://legendstory-production-s3-public.s3.amazonaws.com/media/cards/large/IAR241.webp,,,,Orson CaptainSass,,,IAR241,https://legendstory-production-s3-public.s3.amazonaws.com/media/cards/large/IAR241.webp,,,,Orson CaptainSass,,,IAR241,https://legendstory-production-s3-public.s3.amazonaws.com/media/cards/large/IAR241.webp,,,,Orson CaptainSass,,,IAR241,https://legendstory-production-s3-public.s3.amazonaws.com/media/cards/large/IAR241.webp
IAR242,IAR,Cracked Bauble,Yellow,2,,,,,,,"Generic, Resource",,,,,,,,,Generic Resource,,,,,B,,EA,Sam Yang,,,IAR242,https://legendstory-production-s3-public.s3.amazonaws.com/media/cards/large/IAR242.webp,,,,,,Sam Yang,,,IAR242,https://legendstory-production-s3-public.s3.amazonaws.com/media/cards/large/IAR242.webp,,,,,,Sam Yang,,,IAR242,https://legendstory-production-s3-public.s3.amazonaws.com/media/cards/large/IAR242.webp,,,,Sam Yang,,,IAR242,https://legendstory-production-s3-public.s3.amazonaws.com/media/cards/large/IAR242.webp,,,,Sam Yang,,,IAR242,https://legendstory-production-s3-public.s3.amazonaws.com/media/cards/large/IAR242.webp,,,,Sam Yang,,,IAR242,https://legendstory-production-s3-public.s3.amazonaws.com/media/cards/large/IAR242.webp
IAR243,IAR,Deadly Spinneret,Red,1,0,3,3,,,,"Assassin, Action, Attack",,Stealth,Instant,,,,,"**Stealth**

**Instant** - Discard this: Equip a Graphene Chelicera token to each of your empty weapon zones.",Assassin Action - Attack,,,No,,M,R,EA,Faizal Fikri,Yes,,IAR243,https://legendstory-production-s3-public.s3.amazonaws.com/media/cards/large/IAR243-RF.webp,,,M,,,Faizal Fikri,Yes,,IAR243,https://legendstory-production-s3-public.s3.amazonaws.com/media/cards/large/IAR243.webp,,,,,,Faizal Fikri,Yes,,IAR243,https://legendstory-production-s3-public.s3.amazonaws.com/media/cards/large/IAR243.webp,,,,Faizal Fikri,Yes,,IAR243,https://legendstory-production-s3-public.s3.amazonaws.com/media/cards/large/IAR243.webp,,,,Faizal Fikri,Yes,,IAR243,https://legendstory-production-s3-public.s3.amazonaws.com/media/cards/large/IAR243.webp,,,,Faizal Fikri,Yes,,IAR243,https://legendstory-production-s3-public.s3.amazonaws.com/media/cards/large/IAR243.webp
IAR244,IAR,Crushing Headache,Red,1,6,10,3,,,,"Guardian, Action, Attack",,Crush,,,,,,"**Crush** - When this deals 4 or more damage to a hero, they reveal their arsenal and hand. Destroy all non-attack action cards in their arsenal, and they discard all non-attack action cards in their hand revealed this way.",Guardian Action - Attack,,,No,,M,R,EA,Yunior Susanto,Yes,,IAR244,https://legendstory-production-s3-public.s3.amazonaws.com/media/cards/large/IAR244-RF.webp,,,M,,,Yunior Susanto,Yes,,IAR244,https://legendstory-production-s3-public.s3.amazonaws.com/media/cards/large/IAR244.webp,,,,,,Yunior Susanto,Yes,,IAR244,https://legendstory-production-s3-public.s3.amazonaws.com/media/cards/large/IAR244.webp,,,,Yunior Susanto,Yes,,IAR244,https://legendstory-production-s3-public.s3.amazonaws.com/media/cards/large/IAR244.webp,,,,Yunior Susanto,Yes,,IAR244,https://legendstory-production-s3-public.s3.amazonaws.com/media/cards/large/IAR244.webp,,,,Yunior Susanto,Yes,,IAR244,https://legendstory-production-s3-public.s3.amazonaws.com/media/cards/large/IAR244.webp
IAR245,IAR,Stoke Vengeance,Red,1,1,4,3,,,,"Ninja, Action, Attack",,"Combo, Go again",,,,,,"**Combo** - If Edge of Autumn was the last attack this combat chain, this gets **go again** and ""When this hits, your next attack this combat chain gets +2{p}.""",Ninja Action - Attack,,,No,,M,R,,YDZ,Yes,,IAR245,https://legendstory-production-s3-public.s3.amazonaws.com/media/cards/large/IAR245-RF.webp,,,M,,,YDZ,Yes,,IAR245,https://legendstory-production-s3-public.s3.amazonaws.com/media/cards/large/IAR245.webp,,,,,,YDZ,Yes,,IAR245,https://legendstory-production-s3-public.s3.amazonaws.com/media/cards/large/IAR245.webp,,,,YDZ,Yes,,IAR245,https://legendstory-production-s3-public.s3.amazonaws.com/media/cards/large/IAR245.webp,,,,YDZ,Yes,,IAR245,https://legendstory-production-s3-public.s3.amazonaws.com/media/cards/large/IAR245.webp,,,,YDZ,Yes,,IAR245,https://legendstory-production-s3-public.s3.amazonaws.com/media/cards/large/IAR245.webp
IAR246,IAR,Wind Slicer,Blue,3,0,1,2,,,,"Ninja, Instant, Shuriken, Item",,"Legendary, Go again",,,,,,"**Legendary**

**Action** - {r}, {t}, destroy this when the combat chain closes: **Attack**. **Go again**

When this hits a hero, they lose all hero card abilities during their next action phase",Ninja Instant - Shuriken Item,,,No,,M,C,,Satrya Darmawan,Yes,,IAR246,https://legendstory-production-s3-public.s3.amazonaws.com/media/cards/large/IAR246-CF.webp,,,M,,,Satrya Darmawan,Yes,,IAR246,https://legendstory-production-s3-public.s3.amazonaws.com/media/cards/large/IAR246.webp,,,,,,Satrya Darmawan,Yes,,IAR246,https://legendstory-production-s3-public.s3.amazonaws.com/media/cards/large/IAR246.webp,,,,Satrya Darmawan,Yes,,IAR246,https://legendstory-production-s3-public.s3.amazonaws.com/media/cards/large/IAR246.webp,,,,Satrya Darmawan,Yes,,IAR246,https://legendstory-production-s3-public.s3.amazonaws.com/media/cards/large/IAR246.webp,,,,Satrya Darmawan,Yes,,IAR246,https://legendstory-production-s3-public.s3.amazonaws.com/media/cards/large/IAR246.webp
IAR247,IAR,Cogwerx Prong Bot,Yellow,2,3,6,3,,,,"Mechanologist, Action, Attack",,,,,,,,"When this hits a hero, you may put a steam counter on an item you control with crank.

**Instant** - {r}, discard this: Create a Golden Cog token.",Mechanologist Action - Attack,,,No,,M,R,EA,Mariusz Gandzel,Yes,,IAR247,https://legendstory-production-s3-public.s3.amazonaws.com/media/cards/large/IAR247-RF.webp,,,M,,,Mariusz Gandzel,Yes,,IAR247,https://legendstory-production-s3-public.s3.amazonaws.com/media/cards/large/IAR247.webp,,,,,,Mariusz Gandzel,Yes,,IAR247,https://legendstory-production-s3-public.s3.amazonaws.com/media/cards/large/IAR247.webp,,,,Mariusz Gandzel,Yes,,IAR247,https://legendstory-production-s3-public.s3.amazonaws.com/media/cards/large/IAR247.webp,,,,Mariusz Gandzel,Yes,,IAR247,https://legendstory-production-s3-public.s3.amazonaws.com/media/cards/large/IAR247.webp,,,,Mariusz Gandzel,Yes,,IAR247,https://legendstory-production-s3-public.s3.amazonaws.com/media/cards/large/IAR247.webp
IAR248,IAR,Echoing Trap,Blue,3,,,3,,,,"Ranger, Block, Trap",,Ambush,,,,,,"**Ambush**

When this defends an attack action card with the same name as another card played this turn, the attacking hero discards a card.",Ranger Block - Trap,,,No,,M,R,,Aluísio Cervelle,Yes,,IAR248,https://legendstory-production-s3-public.s3.amazonaws.com/media/cards/large/IAR248-RF.webp,,,M,,,Aluísio Cervelle,Yes,,IAR248,https://legendstory-production-s3-public.s3.amazonaws.com/media/cards/large/IAR248.webp,,,,,,Aluísio Cervelle,Yes,,IAR248,https://legendstory-production-s3-public.s3.amazonaws.com/media/cards/large/IAR248.webp,,,,Aluísio Cervelle,Yes,,IAR248,https://legendstory-production-s3-public.s3.amazonaws.com/media/cards/large/IAR248.webp,,,,Aluísio Cervelle,Yes,,IAR248,https://legendstory-production-s3-public.s3.amazonaws.com/media/cards/large/IAR248.webp,,,,Aluísio Cervelle,Yes,,IAR248,https://legendstory-production-s3-public.s3.amazonaws.com/media/cards/large/IAR248.webp
IAR249,IAR,Sigil of the Muse,Red,1,0,,3,,,,"Wizard, Action, Aura",,,,,,,,"If a hero would draw 1 or more cards during an action phase, instead they create that many Ponder tokens.

At the beginning of your action phase, destroy this and create a Ponder token.",Wizard Action - Aura,,,No,,M,R,,Agatha Maura,Yes,,IAR249,https://legendstory-production-s3-public.s3.amazonaws.com/media/cards/large/IAR249-RF.webp,,,M,,,Agatha Maura,Yes,,IAR249,https://legendstory-production-s3-public.s3.amazonaws.com/media/cards/large/IAR249.webp,,,,,,Agatha Maura,Yes,,IAR249,https://legendstory-production-s3-public.s3.amazonaws.com/media/cards/large/IAR249.webp,,,,Agatha Maura,Yes,,IAR249,https://legendstory-production-s3-public.s3.amazonaws.com/media/cards/large/IAR249.webp,,,,Agatha Maura,Yes,,IAR249,https://legendstory-production-s3-public.s3.amazonaws.com/media/cards/large/IAR249.webp,,,,Agatha Maura,Yes,,IAR249,https://legendstory-production-s3-public.s3.amazonaws.com/media/cards/large/IAR249.webp
IAR250,IAR,Astral Ambience,Yellow,2,2,6,3,,,,"Illusionist, Action, Attack",,"Fragment, Go again",Instant,,,,,"Whenever this fragments, create a Spectral Shield token.

**Instant** - {t} a Spectral Shield you control: This gets **go again**.

**Fragment**",Illusionist Action - Attack,,,No,,M,R,,Reinaldo Indrajaya,Yes,,IAR250,https://legendstory-production-s3-public.s3.amazonaws.com/media/cards/large/IAR250-RF.webp,,,M,,,Reinaldo Indrajaya,Yes,,IAR250,https://legendstory-production-s3-public.s3.amazonaws.com/media/cards/large/IAR250.webp,,,,,,Reinaldo Indrajaya,Yes,,IAR250,https://legendstory-production-s3-public.s3.amazonaws.com/media/cards/large/IAR250.webp,,,,Reinaldo Indrajaya,Yes,,IAR250,https://legendstory-production-s3-public.s3.amazonaws.com/media/cards/large/IAR250.webp,,,,Reinaldo Indrajaya,Yes,,IAR250,https://legendstory-production-s3-public.s3.amazonaws.com/media/cards/large/IAR250.webp,,,,Reinaldo Indrajaya,Yes,,IAR250,https://legendstory-production-s3-public.s3.amazonaws.com/media/cards/large/IAR250.webp
IAR251,IAR,Favorable Winds,Yellow,2,1,,2,,,,"Pirate, Ranger, Action",,Go again,,,,,,"As an additional cost to play this, discard a Goldfin Harpoon.

Draw 2 cards.

**Go again**",Pirate Ranger Action,,,No,,M,R,,Alifka Hammam,Yes,,IAR251,https://legendstory-production-s3-public.s3.amazonaws.com/media/cards/large/IAR251-RF.webp,,,M,,,Alifka Hammam,Yes,,IAR251,https://legendstory-production-s3-public.s3.amazonaws.com/media/cards/large/IAR251.webp,,,,,,Alifka Hammam,Yes,,IAR251,https://legendstory-production-s3-public.s3.amazonaws.com/media/cards/large/IAR251.webp,,,,Alifka Hammam,Yes,,IAR251,https://legendstory-production-s3-public.s3.amazonaws.com/media/cards/large/IAR251.webp,,,,Alifka Hammam,Yes,,IAR251,https://legendstory-production-s3-public.s3.amazonaws.com/media/cards/large/IAR251.webp,,,,Alifka Hammam,Yes,,IAR251,https://legendstory-production-s3-public.s3.amazonaws.com/media/cards/large/IAR251.webp
IAR252,IAR,Rush of Knowledge,Blue,3,0,4,2,,,,"Illusionist, Wizard, Action, Attack",,Phantasm,,,,,,"When this attacks, you may destroy a Ponder token you control. If you do, draw a card and gain 1 action point.

**Phantasm**",Illusionist / Wizard Action - Attack,,,No,,M,R,EA,Nailsen Ivanderlie,Yes,,IAR252,https://legendstory-production-s3-public.s3.amazonaws.com/media/cards/large/IAR252-RF.webp,,,M,,,Nailsen Ivanderlie,Yes,,IAR252,https://legendstory-production-s3-public.s3.amazonaws.com/media/cards/large/IAR252.webp,,,,,,Nailsen Ivanderlie,Yes,,IAR252,https://legendstory-production-s3-public.s3.amazonaws.com/media/cards/large/IAR252.webp,,,,Nailsen Ivanderlie,Yes,,IAR252,https://legendstory-production-s3-public.s3.amazonaws.com/media/cards/large/IAR252.webp,,,,Nailsen Ivanderlie,Yes,,IAR252,https://legendstory-production-s3-public.s3.amazonaws.com/media/cards/large/IAR252.webp,,,,Nailsen Ivanderlie,Yes,,IAR252,https://legendstory-production-s3-public.s3.amazonaws.com/media/cards/large/IAR252.webp
IAR253,IAR,Banneret of Swordsmanship,Yellow,2,1,4,3,,,,"Light, Warrior, Action, Attack",,Solflare,,,,,,"**Solflare** - When this is charged to your soul, create a Flurry token.",Light Warrior Action - Attack,,,No,,M,R,EA,Bastien Jez,Yes,,IAR253,https://legendstory-production-s3-public.s3.amazonaws.com/media/cards/large/IAR253-RF.webp,,,M,,,Bastien Jez,Yes,,IAR253,https://legendstory-production-s3-public.s3.amazonaws.com/media/cards/large/IAR253.webp,,,,,,Bastien Jez,Yes,,IAR253,https://legendstory-production-s3-public.s3.amazonaws.com/media/cards/large/IAR253.webp,,,,Bastien Jez,Yes,,IAR253,https://legendstory-production-s3-public.s3.amazonaws.com/media/cards/large/IAR253.webp,,,,Bastien Jez,Yes,,IAR253,https://legendstory-production-s3-public.s3.amazonaws.com/media/cards/large/IAR253.webp,,,,Bastien Jez,Yes,,IAR253,https://legendstory-production-s3-public.s3.amazonaws.com/media/cards/large/IAR253.webp
IAR254,IAR,Bravery of the Blade,Red,1,0,3,3,,,,"Light, Warrior, Action, Attack",,"Charge, Go again",,,,,Charge,"As an additional cost to play this, you may **charge** your soul.

If you've charged this turn, this gets **go again** and ""When this hits, create a Courage token.""",Light Warrior Action - Attack,,,No,,M,R,,Joseph Qiu,Yes,,IAR254,https://legendstory-production-s3-public.s3.amazonaws.com/media/cards/large/IAR254-RF.webp,,,M,,,Joseph Qiu,Yes,,IAR254,https://legendstory-production-s3-public.s3.amazonaws.com/media/cards/large/IAR254.webp,,,,,,Joseph Qiu,Yes,,IAR254,https://legendstory-production-s3-public.s3.amazonaws.com/media/cards/large/IAR254.webp,,,,Joseph Qiu,Yes,,IAR254,https://legendstory-production-s3-public.s3.amazonaws.com/media/cards/large/IAR254.webp,,,,Joseph Qiu,Yes,,IAR254,https://legendstory-production-s3-public.s3.amazonaws.com/media/cards/large/IAR254.webp,,,,Joseph Qiu,Yes,,IAR254,https://legendstory-production-s3-public.s3.amazonaws.com/media/cards/large/IAR254.webp
IAR255,IAR,Fresh from the Forge,Red,1,0,,3,,,,"Draconic, Warrior, Attack Reaction",,"Sharpen, Mark",,,,,,"**Sharpen** each dagger you control.

The next time a dagger you control hits a hero this turn, you may remove a +1{p} counter from it. If you do, **mark** them.",Draconic Warrior Attack Reaction,,,No,,M,R,,Nailsen Ivanderlie,Yes,,IAR255,https://legendstory-production-s3-public.s3.amazonaws.com/media/cards/large/IAR255-RF.webp,,,M,,,Nailsen Ivanderlie,Yes,,IAR255,https://legendstory-production-s3-public.s3.amazonaws.com/media/cards/large/IAR255.webp,,,,,,Nailsen Ivanderlie,Yes,,IAR255,https://legendstory-production-s3-public.s3.amazonaws.com/media/cards/large/IAR255.webp,,,,Nailsen Ivanderlie,Yes,,IAR255,https://legendstory-production-s3-public.s3.amazonaws.com/media/cards/large/IAR255.webp,,,,Nailsen Ivanderlie,Yes,,IAR255,https://legendstory-production-s3-public.s3.amazonaws.com/media/cards/large/IAR255.webp,,,,Nailsen Ivanderlie,Yes,,IAR255,https://legendstory-production-s3-public.s3.amazonaws.com/media/cards/large/IAR255.webp
IAR256,IAR,Head Banging Chorus,Yellow,2,1,,3,,,,"Revered, Guardian, Instant, Aura",,Suspense,,,,,,"**Suspense**

The first Guardian or Revered attack action card you play each turn gets ""When this hits a hero, if you have no cards in hand, draw a card.""",Revered Guardian Instant - Aura,,,No,,M,C,EA,Bramasta Aji,Yes,,IAR256,https://legendstory-production-s3-public.s3.amazonaws.com/media/cards/large/IAR256-CF.webp,,,M,,,Bramasta Aji,Yes,,IAR256,https://legendstory-production-s3-public.s3.amazonaws.com/media/cards/large/IAR256.webp,,,,,,Bramasta Aji,Yes,,IAR256,https://legendstory-production-s3-public.s3.amazonaws.com/media/cards/large/IAR256.webp,,,,Bramasta Aji,Yes,,IAR256,https://legendstory-production-s3-public.s3.amazonaws.com/media/cards/large/IAR256.webp,,,,Bramasta Aji,Yes,,IAR256,https://legendstory-production-s3-public.s3.amazonaws.com/media/cards/large/IAR256.webp,,,,Bramasta Aji,Yes,,IAR256,https://legendstory-production-s3-public.s3.amazonaws.com/media/cards/large/IAR256.webp
IAR257,IAR,Channel Stormgarden,Yellow,2,0,,3,,,,"Lightning, Instant, Aura",,"Amp 1, Channel Lightning",,,,,,"When this enters the arena, create a Lightning Flow token.

The first time you destroy a Lightning Flow each turn, **amp 1**.

**Channel Lightning** - At the beginning of your end phase, put a flow counter on this, then destroy it unless you put a Lightning card from your pitch zone on the bottom of your deck for each flow counter on it.",Lightning Instant - Aura,,,No,,M,C,EA,Ismatulloh,Yes,,IAR257,https://legendstory-production-s3-public.s3.amazonaws.com/media/cards/large/IAR257-CF.webp,,,M,,,Ismatulloh,Yes,,IAR257,https://legendstory-production-s3-public.s3.amazonaws.com/media/cards/large/IAR257.webp,,,,,,Ismatulloh,Yes,,IAR257,https://legendstory-production-s3-public.s3.amazonaws.com/media/cards/large/IAR257.webp,,,,Ismatulloh,Yes,,IAR257,https://legendstory-production-s3-public.s3.amazonaws.com/media/cards/large/IAR257.webp,,,,Ismatulloh,Yes,,IAR257,https://legendstory-production-s3-public.s3.amazonaws.com/media/cards/large/IAR257.webp,,,,Ismatulloh,Yes,,IAR257,https://legendstory-production-s3-public.s3.amazonaws.com/media/cards/large/IAR257.webp
IAR258,IAR,Blessing of Suraya,Yellow,2,0,,3,,,,"Light, Action, Aura",,Go again,,,,,,"**Go again**

Whenever a card is put into your soul, create a Ponder token. At the start of your turn, put this into your soul.",Light Action - Aura,,,No,,M,C,EA,soyameii,Yes,,IAR258,https://legendstory-production-s3-public.s3.amazonaws.com/media/cards/large/IAR258-CF.webp,,,M,,,soyameii,Yes,,IAR258,https://legendstory-production-s3-public.s3.amazonaws.com/media/cards/large/IAR258.webp,,,,,,soyameii,Yes,,IAR258,https://legendstory-production-s3-public.s3.amazonaws.com/media/cards/large/IAR258.webp,,,,soyameii,Yes,,IAR258,https://legendstory-production-s3-public.s3.amazonaws.com/media/cards/large/IAR258.webp,,,,soyameii,Yes,,IAR258,https://legendstory-production-s3-public.s3.amazonaws.com/media/cards/large/IAR258.webp,,,,soyameii,Yes,,IAR258,https://legendstory-production-s3-public.s3.amazonaws.com/media/cards/large/IAR258.webp
IAR259,IAR,Chains of Consecration,Yellow,2,0,,,,,,"Light, Instant",,,,,,,,"Prevent all damage target ally would deal this turn. If damage is prevented from a Shadow ally this way, banish it face-down.",Light Instant,,,No,,M,R,,Vincent Taslim,Yes,,IAR259,https://legendstory-production-s3-public.s3.amazonaws.com/media/cards/large/IAR259-RF.webp,,,M,,,Vincent Taslim,Yes,,IAR259,https://legendstory-production-s3-public.s3.amazonaws.com/media/cards/large/IAR259.webp,,,,,,Vincent Taslim,Yes,,IAR259,https://legendstory-production-s3-public.s3.amazonaws.com/media/cards/large/IAR259.webp,,,,Vincent Taslim,Yes,,IAR259,https://legendstory-production-s3-public.s3.amazonaws.com/media/cards/large/IAR259.webp,,,,Vincent Taslim,Yes,,IAR259,https://legendstory-production-s3-public.s3.amazonaws.com/media/cards/large/IAR259.webp,,,,Vincent Taslim,Yes,,IAR259,https://legendstory-production-s3-public.s3.amazonaws.com/media/cards/large/IAR259.webp
IAR260,IAR,Ice Aged Oak,Blue,3,3,4,3,,,,"Earth, Action, Attack",,"Ice Bond, Dominate",,,,,,"When this hits a hero, create an Embodiment of Earth token.

**Ice Bond** - If an Ice card was pitched to play this, this gets **dominate** and ""When this hits a hero, create a Frostbite token in each of their exposed head, chest, arms, and legs zones.""",Earth Action - Attack,,,No,,M,R,,Kevin Sidharta,Yes,,IAR260,https://legendstory-production-s3-public.s3.amazonaws.com/media/cards/large/IAR260-RF.webp,,,M,,,Kevin Sidharta,Yes,,IAR260,https://legendstory-production-s3-public.s3.amazonaws.com/media/cards/large/IAR260.webp,,,,,,Kevin Sidharta,Yes,,IAR260,https://legendstory-production-s3-public.s3.amazonaws.com/media/cards/large/IAR260.webp,,,,Kevin Sidharta,Yes,,IAR260,https://legendstory-production-s3-public.s3.amazonaws.com/media/cards/large/IAR260.webp,,,,Kevin Sidharta,Yes,,IAR260,https://legendstory-production-s3-public.s3.amazonaws.com/media/cards/large/IAR260.webp,,,,Kevin Sidharta,Yes,,IAR260,https://legendstory-production-s3-public.s3.amazonaws.com/media/cards/large/IAR260.webp
IAR261,IAR,Ancient Earth Oak,Red,1,3,6,3,,,,"Ice, Action, Attack",,Earth Bond,,,,,,"When this hits a hero, create a Frostbite token under their control.

**Earth Bond** - If an Earth card was pitched to play this, this gets +2{p} and ""When this hits a hero, put this on the bottom of its owner's deck.""",Ice Action - Attack,,,No,,M,R,,Rio Sabda,Yes,,IAR261,https://legendstory-production-s3-public.s3.amazonaws.com/media/cards/large/IAR261-RF.webp,,,M,,,Rio Sabda,Yes,,IAR261,https://legendstory-production-s3-public.s3.amazonaws.com/media/cards/large/IAR261.webp,,,,,,Rio Sabda,Yes,,IAR261,https://legendstory-production-s3-public.s3.amazonaws.com/media/cards/large/IAR261.webp,,,,Rio Sabda,Yes,,IAR261,https://legendstory-production-s3-public.s3.amazonaws.com/media/cards/large/IAR261.webp,,,,Rio Sabda,Yes,,IAR261,https://legendstory-production-s3-public.s3.amazonaws.com/media/cards/large/IAR261.webp,,,,Rio Sabda,Yes,,IAR261,https://legendstory-production-s3-public.s3.amazonaws.com/media/cards/large/IAR261.webp
IAR262,IAR,Hoodwink,Blue,3,0,1,3,,,,"Reviled, Action, Attack",,,,,,,,"**Instant** - Discard this and any number of other cards: Prevent the next X arcane damage that would be dealt to you this turn, where X is the total base {d} of cards discarded this way.",Reviled Action - Attack,,,No,,M,R,,Widya Wang,Yes,,IAR262,https://legendstory-production-s3-public.s3.amazonaws.com/media/cards/large/IAR262-RF.webp,,,M,,,Widya Wang,Yes,,IAR262,https://legendstory-production-s3-public.s3.amazonaws.com/media/cards/large/IAR262.webp,,,,,,Widya Wang,Yes,,IAR262,https://legendstory-production-s3-public.s3.amazonaws.com/media/cards/large/IAR262.webp,,,,Widya Wang,Yes,,IAR262,https://legendstory-production-s3-public.s3.amazonaws.com/media/cards/large/IAR262.webp,,,,Widya Wang,Yes,,IAR262,https://legendstory-production-s3-public.s3.amazonaws.com/media/cards/large/IAR262.webp,,,,Widya Wang,Yes,,IAR262,https://legendstory-production-s3-public.s3.amazonaws.com/media/cards/large/IAR262.webp